Prospect Type,Name / Channel,Category,Best Contact,Contact Type,Contact URL,Relevant Content / Fit Link,Affiliate Fit Score (1-10),Audience Size,Why Talysman Fits,Suggested Outreach Angle,Source URL,Verification Date,Outreach Status,Notes
Affiliate,How to ADHD,ADHD / Executive Function,YouTube business inquiry / creator business contact,YouTube / business inquiry,https://www.youtube.com/results?search_query=How+to+ADHD,https://www.youtube.com/results?search_query=How+to+ADHD+focus+productivity+study,10,,"Audience often discusses distractibility, executive function and external structure.","Position the USB key as external structure / environmental friction, not more willpower; avoid medical claims.",https://videos.feedspot.com/adhd_youtube_channels/,2026-08-31,Not Contacted,Publicly listed creator/channel from 2026 niche directory. Verify current business email/DM from creator channel About/profile before sending.
Affiliate,ADHD Love,ADHD / Executive Function,YouTube business inquiry / creator business contact,YouTube / business inquiry,https://www.youtube.com/results?search_query=ADHD+Love,https://www.youtube.com/results?search_query=ADHD+Love+focus+productivity+study,10,,"Audience often discusses distractibility, executive function and external structure.","Position the USB key as external structure / environmental friction, not more willpower; avoid medical claims.",https://videos.feedspot.com/adhd_youtube_channels/,2026-08-31,Not Contacted,Publicly listed creator/channel from 2026 niche directory. Verify current business email/DM from creator channel About/profile before sending.
Affiliate,ADHDVision,ADHD / Executive Function,YouTube business inquiry / creator business contact,YouTube / business inquiry,https://www.youtube.com/results?search_query=ADHDVision,https://www.youtube.com/results?search_query=ADHDVision+focus+productivity+study,10,,"Audience often discusses distractibility, executive function and external structure.","Position the USB key as external structure / environmental friction, not more willpower; avoid medical claims.",https://videos.feedspot.com/adhd_youtube_channels/,2026-08-31,Not Contacted,Publicly listed creator/channel from 2026 niche directory. Verify current business email/DM from creator channel About/profile before sending.
Affiliate,Hayley Honeyman,ADHD / Executive Function,YouTube business inquiry / creator business contact,YouTube / business inquiry,https://www.youtube.com/results?search_query=Hayley+Honeyman,https://www.youtube.com/results?search_query=Hayley+Honeyman+focus+productivity+study,9,,"Audience often discusses distractibility, executive function and external structure.","Position the USB key as external structure / environmental friction, not more willpower; avoid medical claims.",https://videos.feedspot.com/adhd_youtube_channels/,2026-08-31,Not Contacted,Publicly listed creator/channel from 2026 niche directory. Verify current business email/DM from creator channel About/profile before sending.
Affiliate,Toren Wolf,ADHD / Executive Function,YouTube business inquiry / creator business contact,YouTube / business inquiry,https://www.youtube.com/results?search_query=Toren+Wolf,https://www.youtube.com/results?search_query=Toren+Wolf+focus+productivity+study,9,,"Audience often discusses distractibility, executive function and external structure.","Position the USB key as external structure / environmental friction, not more willpower; avoid medical claims.",https://videos.feedspot.com/adhd_youtube_channels/,2026-08-31,Not Contacted,Publicly listed creator/channel from 2026 niche directory. Verify current business email/DM from creator channel About/profile before sending.
Affiliate,ADHD Chatter Podcast,ADHD / Executive Function,YouTube business inquiry / creator business contact,YouTube / business inquiry,https://www.youtube.com/results?search_query=ADHD+Chatter+Podcast,https://www.youtube.com/results?search_query=ADHD+Chatter+Podcast+focus+productivity+study,10,,"Audience often discusses distractibility, executive function and external structure.","Position the USB key as external structure / environmental friction, not more willpower; avoid medical claims.",https://videos.feedspot.com/adhd_youtube_channels/,2026-08-31,Not Contacted,Publicly listed creator/channel from 2026 niche directory. Verify current business email/DM from creator channel About/profile before sending.
Affiliate,Ally Hardesty,ADHD / Executive Function,YouTube business inquiry / creator business contact,YouTube / business inquiry,https://www.youtube.com/results?search_query=Ally+Hardesty,https://www.youtube.com/results?search_query=Ally+Hardesty+focus+productivity+study,9,,"Audience often discusses distractibility, executive function and external structure.","Position the USB key as external structure / environmental friction, not more willpower; avoid medical claims.",https://videos.feedspot.com/adhd_youtube_channels/,2026-08-31,Not Contacted,Publicly listed creator/channel from 2026 niche directory. Verify current business email/DM from creator channel About/profile before sending.
Affiliate,Dr. LeGrand,ADHD / Executive Function,YouTube business inquiry / creator business contact,YouTube / business inquiry,https://www.youtube.com/results?search_query=Dr.+LeGrand,https://www.youtube.com/results?search_query=Dr.+LeGrand+focus+productivity+study,9,,"Audience often discusses distractibility, executive function and external structure.","Position the USB key as external structure / environmental friction, not more willpower; avoid medical claims.",https://videos.feedspot.com/adhd_youtube_channels/,2026-08-31,Not Contacted,Publicly listed creator/channel from 2026 niche directory. Verify current business email/DM from creator channel About/profile before sending.
Affiliate,"Russell Barkley, PhD - Dedicated to ADHD Science+",ADHD / Executive Function,YouTube business inquiry / creator business contact,YouTube / business inquiry,https://www.youtube.com/results?search_query=Russell+Barkley%2C+PhD+-+Dedicated+to+ADHD+Science%2B,https://www.youtube.com/results?search_query=Russell+Barkley%2C+PhD+-+Dedicated+to+ADHD+Science%2B+focus+productivity+study,10,,"Audience often discusses distractibility, executive function and external structure.","Position the USB key as external structure / environmental friction, not more willpower; avoid medical claims.",https://videos.feedspot.com/adhd_youtube_channels/,2026-08-31,Not Contacted,Publicly listed creator/channel from 2026 niche directory. Verify current business email/DM from creator channel About/profile before sending.
Affiliate,Caren Magill | ADHD + Multipotentialites,ADHD / Executive Function,YouTube business inquiry / creator business contact,YouTube / business inquiry,https://www.youtube.com/results?search_query=Caren+Magill+%7C+ADHD+%2B+Multipotentialites,https://www.youtube.com/results?search_query=Caren+Magill+%7C+ADHD+%2B+Multipotentialites+focus+productivity+study,10,,"Audience often discusses distractibility, executive function and external structure.","Position the USB key as external structure / environmental friction, not more willpower; avoid medical claims.",https://videos.feedspot.com/adhd_youtube_channels/,2026-08-31,Not Contacted,Publicly listed creator/channel from 2026 niche directory. Verify current business email/DM from creator channel About/profile before sending.
Affiliate,Sasha Hamdani MD,ADHD / Executive Function,YouTube business inquiry / creator business contact,YouTube / business inquiry,https://www.youtube.com/results?search_query=Sasha+Hamdani+MD,https://www.youtube.com/results?search_query=Sasha+Hamdani+MD+focus+productivity+study,9,,"Audience often discusses distractibility, executive function and external structure.","Position the USB key as external structure / environmental friction, not more willpower; avoid medical claims.",https://videos.feedspot.com/adhd_youtube_channels/,2026-08-31,Not Contacted,Publicly listed creator/channel from 2026 niche directory. Verify current business email/DM from creator channel About/profile before sending.
Affiliate,ADHD Dude,ADHD / Executive Function,YouTube business inquiry / creator business contact,YouTube / business inquiry,https://www.youtube.com/results?search_query=ADHD+Dude,https://www.youtube.com/results?search_query=ADHD+Dude+focus+productivity+study,10,,"Audience often discusses distractibility, executive function and external structure.","Position the USB key as external structure / environmental friction, not more willpower; avoid medical claims.",https://videos.feedspot.com/adhd_youtube_channels/,2026-08-31,Not Contacted,Publicly listed creator/channel from 2026 niche directory. Verify current business email/DM from creator channel About/profile before sending.
Affiliate,AttentionTalkVideo,ADHD / Executive Function,YouTube business inquiry / creator business contact,YouTube / business inquiry,https://www.youtube.com/results?search_query=AttentionTalkVideo,https://www.youtube.com/results?search_query=AttentionTalkVideo+focus+productivity+study,9,,"Audience often discusses distractibility, executive function and external structure.","Position the USB key as external structure / environmental friction, not more willpower; avoid medical claims.",https://videos.feedspot.com/adhd_youtube_channels/,2026-08-31,Not Contacted,Publicly listed creator/channel from 2026 niche directory. Verify current business email/DM from creator channel About/profile before sending.
Affiliate,"Dr. Trish Leigh, Brain Rewire",ADHD / Executive Function,YouTube business inquiry / creator business contact,YouTube / business inquiry,https://www.youtube.com/results?search_query=Dr.+Trish+Leigh%2C+Brain+Rewire,https://www.youtube.com/results?search_query=Dr.+Trish+Leigh%2C+Brain+Rewire+focus+productivity+study,9,,"Audience often discusses distractibility, executive function and external structure.","Position the USB key as external structure / environmental friction, not more willpower; avoid medical claims.",https://videos.feedspot.com/adhd_youtube_channels/,2026-08-31,Not Contacted,Publicly listed creator/channel from 2026 niche directory. Verify current business email/DM from creator channel About/profile before sending.
Affiliate,"Gloria Joy Sherrod, LCPC - Adulting with ADHD",ADHD / Executive Function,YouTube business inquiry / creator business contact,YouTube / business inquiry,https://www.youtube.com/results?search_query=Gloria+Joy+Sherrod%2C+LCPC+-+Adulting+with+ADHD,https://www.youtube.com/results?search_query=Gloria+Joy+Sherrod%2C+LCPC+-+Adulting+with+ADHD+focus+productivity+study,10,,"Audience often discusses distractibility, executive function and external structure.","Position the USB key as external structure / environmental friction, not more willpower; avoid medical claims.",https://videos.feedspot.com/adhd_youtube_channels/,2026-08-31,Not Contacted,Publicly listed creator/channel from 2026 niche directory. Verify current business email/DM from creator channel About/profile before sending.
Affiliate,ADHD's World,ADHD / Executive Function,YouTube business inquiry / creator business contact,YouTube / business inquiry,https://www.youtube.com/results?search_query=ADHD%27s+World,https://www.youtube.com/results?search_query=ADHD%27s+World+focus+productivity+study,10,,"Audience often discusses distractibility, executive function and external structure.","Position the USB key as external structure / environmental friction, not more willpower; avoid medical claims.",https://videos.feedspot.com/adhd_youtube_channels/,2026-08-31,Not Contacted,Publicly listed creator/channel from 2026 niche directory. Verify current business email/DM from creator channel About/profile before sending.
Affiliate,ADHD Jesse,ADHD / Executive Function,YouTube business inquiry / creator business contact,YouTube / business inquiry,https://www.youtube.com/results?search_query=ADHD+Jesse,https://www.youtube.com/results?search_query=ADHD+Jesse+focus+productivity+study,10,,"Audience often discusses distractibility, executive function and external structure.","Position the USB key as external structure / environmental friction, not more willpower; avoid medical claims.",https://videos.feedspot.com/adhd_youtube_channels/,2026-08-31,Not Contacted,Publicly listed creator/channel from 2026 niche directory. Verify current business email/DM from creator channel About/profile before sending.
Affiliate,The Mini ADHD Coach,ADHD / Executive Function,YouTube business inquiry / creator business contact,YouTube / business inquiry,https://www.youtube.com/results?search_query=The+Mini+ADHD+Coach,https://www.youtube.com/results?search_query=The+Mini+ADHD+Coach+focus+productivity+study,10,,"Audience often discusses distractibility, executive function and external structure.","Position the USB key as external structure / environmental friction, not more willpower; avoid medical claims.",https://videos.feedspot.com/adhd_youtube_channels/,2026-08-31,Not Contacted,Publicly listed creator/channel from 2026 niche directory. Verify current business email/DM from creator channel About/profile before sending.
Affiliate,Authentically ADHD,ADHD / Executive Function,YouTube business inquiry / creator business contact,YouTube / business inquiry,https://www.youtube.com/results?search_query=Authentically+ADHD,https://www.youtube.com/results?search_query=Authentically+ADHD+focus+productivity+study,10,,"Audience often discusses distractibility, executive function and external structure.","Position the USB key as external structure / environmental friction, not more willpower; avoid medical claims.",https://videos.feedspot.com/adhd_youtube_channels/,2026-08-31,Not Contacted,Publicly listed creator/channel from 2026 niche directory. Verify current business email/DM from creator channel About/profile before sending.
Affiliate,ADDitude Magazine,ADHD / Executive Function,YouTube business inquiry / creator business contact,YouTube / business inquiry,https://www.youtube.com/results?search_query=ADDitude+Magazine,https://www.youtube.com/results?search_query=ADDitude+Magazine+focus+productivity+study,9,,"Audience often discusses distractibility, executive function and external structure.","Position the USB key as external structure / environmental friction, not more willpower; avoid medical claims.",https://videos.feedspot.com/adhd_youtube_channels/,2026-08-31,Not Contacted,Publicly listed creator/channel from 2026 niche directory. Verify current business email/DM from creator channel About/profile before sending.
Affiliate,Jen Kirkman 'YOU ARE A LOT' (an adhd podcast),ADHD / Executive Function,YouTube business inquiry / creator business contact,YouTube / business inquiry,https://www.youtube.com/results?search_query=Jen+Kirkman+%27YOU+ARE+A+LOT%27+%28an+adhd+podcast%29,https://www.youtube.com/results?search_query=Jen+Kirkman+%27YOU+ARE+A+LOT%27+%28an+adhd+podcast%29+focus+productivity+study,10,,"Audience often discusses distractibility, executive function and external structure.","Position the USB key as external structure / environmental friction, not more willpower; avoid medical claims.",https://videos.feedspot.com/adhd_youtube_channels/,2026-08-31,Not Contacted,Publicly listed creator/channel from 2026 niche directory. Verify current business email/DM from creator channel About/profile before sending.
Affiliate,Doctor Jacque | Child Anxiety & ADHD,ADHD / Executive Function,YouTube business inquiry / creator business contact,YouTube / business inquiry,https://www.youtube.com/results?search_query=Doctor+Jacque+%7C+Child+Anxiety+%26+ADHD,https://www.youtube.com/results?search_query=Doctor+Jacque+%7C+Child+Anxiety+%26+ADHD+focus+productivity+study,10,,"Audience often discusses distractibility, executive function and external structure.","Position the USB key as external structure / environmental friction, not more willpower; avoid medical claims.",https://videos.feedspot.com/adhd_youtube_channels/,2026-08-31,Not Contacted,Publicly listed creator/channel from 2026 niche directory. Verify current business email/DM from creator channel About/profile before sending.
Affiliate,ADHD na Obcasach,ADHD / Executive Function,YouTube business inquiry / creator business contact,YouTube / business inquiry,https://www.youtube.com/results?search_query=ADHD+na+Obcasach,https://www.youtube.com/results?search_query=ADHD+na+Obcasach+focus+productivity+study,10,,"Audience often discusses distractibility, executive function and external structure.","Position the USB key as external structure / environmental friction, not more willpower; avoid medical claims.",https://videos.feedspot.com/adhd_youtube_channels/,2026-08-31,Not Contacted,Publicly listed creator/channel from 2026 niche directory. Verify current business email/DM from creator channel About/profile before sending.
Affiliate,"Executive Function, ADHD, 2e. Seth Perler",ADHD / Executive Function,YouTube business inquiry / creator business contact,YouTube / business inquiry,https://www.youtube.com/results?search_query=Executive+Function%2C+ADHD%2C+2e.+Seth+Perler,https://www.youtube.com/results?search_query=Executive+Function%2C+ADHD%2C+2e.+Seth+Perler+focus+productivity+study,10,,"Audience often discusses distractibility, executive function and external structure.","Position the USB key as external structure / environmental friction, not more willpower; avoid medical claims.",https://videos.feedspot.com/adhd_youtube_channels/,2026-08-31,Not Contacted,Publicly listed creator/channel from 2026 niche directory. Verify current business email/DM from creator channel About/profile before sending.
Affiliate,Dr. Dan Sullivan,ADHD / Executive Function,YouTube business inquiry / creator business contact,YouTube / business inquiry,https://www.youtube.com/results?search_query=Dr.+Dan+Sullivan,https://www.youtube.com/results?search_query=Dr.+Dan+Sullivan+focus+productivity+study,9,,"Audience often discusses distractibility, executive function and external structure.","Position the USB key as external structure / environmental friction, not more willpower; avoid medical claims.",https://videos.feedspot.com/adhd_youtube_channels/,2026-08-31,Not Contacted,Publicly listed creator/channel from 2026 niche directory. Verify current business email/DM from creator channel About/profile before sending.
Affiliate,Cherry ADHD,ADHD / Executive Function,YouTube business inquiry / creator business contact,YouTube / business inquiry,https://www.youtube.com/results?search_query=Cherry+ADHD,https://www.youtube.com/results?search_query=Cherry+ADHD+focus+productivity+study,10,,"Audience often discusses distractibility, executive function and external structure.","Position the USB key as external structure / environmental friction, not more willpower; avoid medical claims.",https://videos.feedspot.com/adhd_youtube_channels/,2026-08-31,Not Contacted,Publicly listed creator/channel from 2026 niche directory. Verify current business email/DM from creator channel About/profile before sending.
Affiliate,Help for ADHD,ADHD / Executive Function,YouTube business inquiry / creator business contact,YouTube / business inquiry,https://www.youtube.com/results?search_query=Help+for+ADHD,https://www.youtube.com/results?search_query=Help+for+ADHD+focus+productivity+study,10,,"Audience often discusses distractibility, executive function and external structure.","Position the USB key as external structure / environmental friction, not more willpower; avoid medical claims.",https://videos.feedspot.com/adhd_youtube_channels/,2026-08-31,Not Contacted,Publicly listed creator/channel from 2026 niche directory. Verify current business email/DM from creator channel About/profile before sending.
Affiliate,Dr. John Kruse,ADHD / Executive Function,YouTube business inquiry / creator business contact,YouTube / business inquiry,https://www.youtube.com/results?search_query=Dr.+John+Kruse,https://www.youtube.com/results?search_query=Dr.+John+Kruse+focus+productivity+study,9,,"Audience often discusses distractibility, executive function and external structure.","Position the USB key as external structure / environmental friction, not more willpower; avoid medical claims.",https://videos.feedspot.com/adhd_youtube_channels/,2026-08-31,Not Contacted,Publicly listed creator/channel from 2026 niche directory. Verify current business email/DM from creator channel About/profile before sending.
Affiliate,ADHD Coach Ryan Mayer,ADHD / Executive Function,YouTube business inquiry / creator business contact,YouTube / business inquiry,https://www.youtube.com/results?search_query=ADHD+Coach+Ryan+Mayer,https://www.youtube.com/results?search_query=ADHD+Coach+Ryan+Mayer+focus+productivity+study,10,,"Audience often discusses distractibility, executive function and external structure.","Position the USB key as external structure / environmental friction, not more willpower; avoid medical claims.",https://videos.feedspot.com/adhd_youtube_channels/,2026-08-31,Not Contacted,Publicly listed creator/channel from 2026 niche directory. Verify current business email/DM from creator channel About/profile before sending.
Affiliate,Jenna Redfield Notion for ADHD Entrepreneurs,ADHD / Executive Function,YouTube business inquiry / creator business contact,YouTube / business inquiry,https://www.youtube.com/results?search_query=Jenna+Redfield+Notion+for+ADHD+Entrepreneurs,https://www.youtube.com/results?search_query=Jenna+Redfield+Notion+for+ADHD+Entrepreneurs+focus+productivity+study,10,,"Audience often discusses distractibility, executive function and external structure.","Position the USB key as external structure / environmental friction, not more willpower; avoid medical claims.",https://videos.feedspot.com/adhd_youtube_channels/,2026-08-31,Not Contacted,Publicly listed creator/channel from 2026 niche directory. Verify current business email/DM from creator channel About/profile before sending.
Affiliate,I Have ADHD Podcast & Coaching,ADHD / Executive Function,YouTube business inquiry / creator business contact,YouTube / business inquiry,https://www.youtube.com/results?search_query=I+Have+ADHD+Podcast+%26+Coaching,https://www.youtube.com/results?search_query=I+Have+ADHD+Podcast+%26+Coaching+focus+productivity+study,10,,"Audience often discusses distractibility, executive function and external structure.","Position the USB key as external structure / environmental friction, not more willpower; avoid medical claims.",https://videos.feedspot.com/adhd_youtube_channels/,2026-08-31,Not Contacted,Publicly listed creator/channel from 2026 niche directory. Verify current business email/DM from creator channel About/profile before sending.
Affiliate,Dana Kay - ADHD Thrive Institute,ADHD / Executive Function,YouTube business inquiry / creator business contact,YouTube / business inquiry,https://www.youtube.com/results?search_query=Dana+Kay+-+ADHD+Thrive+Institute,https://www.youtube.com/results?search_query=Dana+Kay+-+ADHD+Thrive+Institute+focus+productivity+study,10,,"Audience often discusses distractibility, executive function and external structure.","Position the USB key as external structure / environmental friction, not more willpower; avoid medical claims.",https://videos.feedspot.com/adhd_youtube_channels/,2026-08-31,Not Contacted,Publicly listed creator/channel from 2026 niche directory. Verify current business email/DM from creator channel About/profile before sending.
Affiliate,Mollys ADHD Mayhem,ADHD / Executive Function,YouTube business inquiry / creator business contact,YouTube / business inquiry,https://www.youtube.com/results?search_query=Mollys+ADHD+Mayhem,https://www.youtube.com/results?search_query=Mollys+ADHD+Mayhem+focus+productivity+study,10,,"Audience often discusses distractibility, executive function and external structure.","Position the USB key as external structure / environmental friction, not more willpower; avoid medical claims.",https://videos.feedspot.com/adhd_youtube_channels/,2026-08-31,Not Contacted,Publicly listed creator/channel from 2026 niche directory. Verify current business email/DM from creator channel About/profile before sending.
Affiliate,Nishantha,ADHD / Executive Function,YouTube business inquiry / creator business contact,YouTube / business inquiry,https://www.youtube.com/results?search_query=Nishantha,https://www.youtube.com/results?search_query=Nishantha+focus+productivity+study,9,,"Audience often discusses distractibility, executive function and external structure.","Position the USB key as external structure / environmental friction, not more willpower; avoid medical claims.",https://videos.feedspot.com/adhd_youtube_channels/,2026-08-31,Not Contacted,Publicly listed creator/channel from 2026 niche directory. Verify current business email/DM from creator channel About/profile before sending.
Affiliate,ND OUTLOUD,ADHD / Executive Function,YouTube business inquiry / creator business contact,YouTube / business inquiry,https://www.youtube.com/results?search_query=ND+OUTLOUD,https://www.youtube.com/results?search_query=ND+OUTLOUD+focus+productivity+study,9,,"Audience often discusses distractibility, executive function and external structure.","Position the USB key as external structure / environmental friction, not more willpower; avoid medical claims.",https://videos.feedspot.com/adhd_youtube_channels/,2026-08-31,Not Contacted,Publicly listed creator/channel from 2026 niche directory. Verify current business email/DM from creator channel About/profile before sending.
Affiliate,ADHD ASMR for Insomnia,ADHD / Executive Function,YouTube business inquiry / creator business contact,YouTube / business inquiry,https://www.youtube.com/results?search_query=ADHD+ASMR+for+Insomnia,https://www.youtube.com/results?search_query=ADHD+ASMR+for+Insomnia+focus+productivity+study,10,,"Audience often discusses distractibility, executive function and external structure.","Position the USB key as external structure / environmental friction, not more willpower; avoid medical claims.",https://videos.feedspot.com/adhd_youtube_channels/,2026-08-31,Not Contacted,Publicly listed creator/channel from 2026 niche directory. Verify current business email/DM from creator channel About/profile before sending.
Affiliate,ADHD centrum Nederland,ADHD / Executive Function,YouTube business inquiry / creator business contact,YouTube / business inquiry,https://www.youtube.com/results?search_query=ADHD+centrum+Nederland,https://www.youtube.com/results?search_query=ADHD+centrum+Nederland+focus+productivity+study,10,,"Audience often discusses distractibility, executive function and external structure.","Position the USB key as external structure / environmental friction, not more willpower; avoid medical claims.",https://videos.feedspot.com/adhd_youtube_channels/,2026-08-31,Not Contacted,Publicly listed creator/channel from 2026 niche directory. Verify current business email/DM from creator channel About/profile before sending.
Affiliate,ADHD Support Talk,ADHD / Executive Function,YouTube business inquiry / creator business contact,YouTube / business inquiry,https://www.youtube.com/results?search_query=ADHD+Support+Talk,https://www.youtube.com/results?search_query=ADHD+Support+Talk+focus+productivity+study,10,,"Audience often discusses distractibility, executive function and external structure.","Position the USB key as external structure / environmental friction, not more willpower; avoid medical claims.",https://videos.feedspot.com/adhd_youtube_channels/,2026-08-31,Not Contacted,Publicly listed creator/channel from 2026 niche directory. Verify current business email/DM from creator channel About/profile before sending.
Affiliate,ADHD reWired,ADHD / Executive Function,YouTube business inquiry / creator business contact,YouTube / business inquiry,https://www.youtube.com/results?search_query=ADHD+reWired,https://www.youtube.com/results?search_query=ADHD+reWired+focus+productivity+study,10,,"Audience often discusses distractibility, executive function and external structure.","Position the USB key as external structure / environmental friction, not more willpower; avoid medical claims.",https://videos.feedspot.com/adhd_youtube_channels/,2026-08-31,Not Contacted,Publicly listed creator/channel from 2026 niche directory. Verify current business email/DM from creator channel About/profile before sending.
Affiliate,Broadcasting ADHD Europe,ADHD / Executive Function,YouTube business inquiry / creator business contact,YouTube / business inquiry,https://www.youtube.com/results?search_query=Broadcasting+ADHD+Europe,https://www.youtube.com/results?search_query=Broadcasting+ADHD+Europe+focus+productivity+study,10,,"Audience often discusses distractibility, executive function and external structure.","Position the USB key as external structure / environmental friction, not more willpower; avoid medical claims.",https://videos.feedspot.com/adhd_youtube_channels/,2026-08-31,Not Contacted,Publicly listed creator/channel from 2026 niche directory. Verify current business email/DM from creator channel About/profile before sending.
Affiliate,ADHD Life Now,ADHD / Executive Function,YouTube business inquiry / creator business contact,YouTube / business inquiry,https://www.youtube.com/results?search_query=ADHD+Life+Now,https://www.youtube.com/results?search_query=ADHD+Life+Now+focus+productivity+study,10,,"Audience often discusses distractibility, executive function and external structure.","Position the USB key as external structure / environmental friction, not more willpower; avoid medical claims.",https://videos.feedspot.com/adhd_youtube_channels/,2026-08-31,Not Contacted,Publicly listed creator/channel from 2026 niche directory. Verify current business email/DM from creator channel About/profile before sending.
Affiliate,ADHD Coach Mande John - Learn to Thrive with ADHD,ADHD / Executive Function,YouTube business inquiry / creator business contact,YouTube / business inquiry,https://www.youtube.com/results?search_query=ADHD+Coach+Mande+John+-+Learn+to+Thrive+with+ADHD,https://www.youtube.com/results?search_query=ADHD+Coach+Mande+John+-+Learn+to+Thrive+with+ADHD+focus+productivity+study,10,,"Audience often discusses distractibility, executive function and external structure.","Position the USB key as external structure / environmental friction, not more willpower; avoid medical claims.",https://videos.feedspot.com/adhd_youtube_channels/,2026-08-31,Not Contacted,Publicly listed creator/channel from 2026 niche directory. Verify current business email/DM from creator channel About/profile before sending.
Affiliate,ADHD Wellness,ADHD / Executive Function,YouTube business inquiry / creator business contact,YouTube / business inquiry,https://www.youtube.com/results?search_query=ADHD+Wellness,https://www.youtube.com/results?search_query=ADHD+Wellness+focus+productivity+study,10,,"Audience often discusses distractibility, executive function and external structure.","Position the USB key as external structure / environmental friction, not more willpower; avoid medical claims.",https://videos.feedspot.com/adhd_youtube_channels/,2026-08-31,Not Contacted,Publicly listed creator/channel from 2026 niche directory. Verify current business email/DM from creator channel About/profile before sending.
Affiliate,ADHD Norge,ADHD / Executive Function,YouTube business inquiry / creator business contact,YouTube / business inquiry,https://www.youtube.com/results?search_query=ADHD+Norge,https://www.youtube.com/results?search_query=ADHD+Norge+focus+productivity+study,10,,"Audience often discusses distractibility, executive function and external structure.","Position the USB key as external structure / environmental friction, not more willpower; avoid medical claims.",https://videos.feedspot.com/adhd_youtube_channels/,2026-08-31,Not Contacted,Publicly listed creator/channel from 2026 niche directory. Verify current business email/DM from creator channel About/profile before sending.
Affiliate,Drake Institute,ADHD / Executive Function,YouTube business inquiry / creator business contact,YouTube / business inquiry,https://www.youtube.com/results?search_query=Drake+Institute,https://www.youtube.com/results?search_query=Drake+Institute+focus+productivity+study,9,,"Audience often discusses distractibility, executive function and external structure.","Position the USB key as external structure / environmental friction, not more willpower; avoid medical claims.",https://videos.feedspot.com/adhd_youtube_channels/,2026-08-31,Not Contacted,Publicly listed creator/channel from 2026 niche directory. Verify current business email/DM from creator channel About/profile before sending.
Affiliate,Braelyn | Systems For ADHD,ADHD / Executive Function,YouTube business inquiry / creator business contact,YouTube / business inquiry,https://www.youtube.com/results?search_query=Braelyn+%7C+Systems+For+ADHD,https://www.youtube.com/results?search_query=Braelyn+%7C+Systems+For+ADHD+focus+productivity+study,10,,"Audience often discusses distractibility, executive function and external structure.","Position the USB key as external structure / environmental friction, not more willpower; avoid medical claims.",https://videos.feedspot.com/adhd_youtube_channels/,2026-08-31,Not Contacted,Publicly listed creator/channel from 2026 niche directory. Verify current business email/DM from creator channel About/profile before sending.
Affiliate,Vanshita - ADHD,ADHD / Executive Function,YouTube business inquiry / creator business contact,YouTube / business inquiry,https://www.youtube.com/results?search_query=Vanshita+-+ADHD,https://www.youtube.com/results?search_query=Vanshita+-+ADHD+focus+productivity+study,10,,"Audience often discusses distractibility, executive function and external structure.","Position the USB key as external structure / environmental friction, not more willpower; avoid medical claims.",https://videos.feedspot.com/adhd_youtube_channels/,2026-08-31,Not Contacted,Publicly listed creator/channel from 2026 niche directory. Verify current business email/DM from creator channel About/profile before sending.
Affiliate,GrowNOW ADHD,ADHD / Executive Function,YouTube business inquiry / creator business contact,YouTube / business inquiry,https://www.youtube.com/results?search_query=GrowNOW+ADHD,https://www.youtube.com/results?search_query=GrowNOW+ADHD+focus+productivity+study,10,,"Audience often discusses distractibility, executive function and external structure.","Position the USB key as external structure / environmental friction, not more willpower; avoid medical claims.",https://videos.feedspot.com/adhd_youtube_channels/,2026-08-31,Not Contacted,Publicly listed creator/channel from 2026 niche directory. Verify current business email/DM from creator channel About/profile before sending.
Affiliate,Qbtech,ADHD / Executive Function,YouTube business inquiry / creator business contact,YouTube / business inquiry,https://www.youtube.com/results?search_query=Qbtech,https://www.youtube.com/results?search_query=Qbtech+focus+productivity+study,9,,"Audience often discusses distractibility, executive function and external structure.","Position the USB key as external structure / environmental friction, not more willpower; avoid medical claims.",https://videos.feedspot.com/adhd_youtube_channels/,2026-08-31,Not Contacted,Publicly listed creator/channel from 2026 niche directory. Verify current business email/DM from creator channel About/profile before sending.
Affiliate,Mr ADHD,ADHD / Executive Function,YouTube business inquiry / creator business contact,YouTube / business inquiry,https://www.youtube.com/results?search_query=Mr+ADHD,https://www.youtube.com/results?search_query=Mr+ADHD+focus+productivity+study,10,,"Audience often discusses distractibility, executive function and external structure.","Position the USB key as external structure / environmental friction, not more willpower; avoid medical claims.",https://videos.feedspot.com/adhd_youtube_channels/,2026-08-31,Not Contacted,Publicly listed creator/channel from 2026 niche directory. Verify current business email/DM from creator channel About/profile before sending.
Affiliate,Dr. Sharon Saline,ADHD / Executive Function,YouTube business inquiry / creator business contact,YouTube / business inquiry,https://www.youtube.com/results?search_query=Dr.+Sharon+Saline,https://www.youtube.com/results?search_query=Dr.+Sharon+Saline+focus+productivity+study,9,,"Audience often discusses distractibility, executive function and external structure.","Position the USB key as external structure / environmental friction, not more willpower; avoid medical claims.",https://videos.feedspot.com/adhd_youtube_channels/,2026-08-31,Not Contacted,Publicly listed creator/channel from 2026 niche directory. Verify current business email/DM from creator channel About/profile before sending.
Affiliate,"Rena-Fi, Inc.",ADHD / Executive Function,YouTube business inquiry / creator business contact,YouTube / business inquiry,https://www.youtube.com/results?search_query=Rena-Fi%2C+Inc.,https://www.youtube.com/results?search_query=Rena-Fi%2C+Inc.+focus+productivity+study,9,,"Audience often discusses distractibility, executive function and external structure.","Position the USB key as external structure / environmental friction, not more willpower; avoid medical claims.",https://videos.feedspot.com/adhd_youtube_channels/,2026-08-31,Not Contacted,Publicly listed creator/channel from 2026 niche directory. Verify current business email/DM from creator channel About/profile before sending.
Affiliate,Unlocking ADHD,ADHD / Executive Function,YouTube business inquiry / creator business contact,YouTube / business inquiry,https://www.youtube.com/results?search_query=Unlocking+ADHD,https://www.youtube.com/results?search_query=Unlocking+ADHD+focus+productivity+study,10,,"Audience often discusses distractibility, executive function and external structure.","Position the USB key as external structure / environmental friction, not more willpower; avoid medical claims.",https://videos.feedspot.com/adhd_youtube_channels/,2026-08-31,Not Contacted,Publicly listed creator/channel from 2026 niche directory. Verify current business email/DM from creator channel About/profile before sending.
Affiliate,Nikki Kinzer | Take Control ADHD,ADHD / Executive Function,YouTube business inquiry / creator business contact,YouTube / business inquiry,https://www.youtube.com/results?search_query=Nikki+Kinzer+%7C+Take+Control+ADHD,https://www.youtube.com/results?search_query=Nikki+Kinzer+%7C+Take+Control+ADHD+focus+productivity+study,10,,"Audience often discusses distractibility, executive function and external structure.","Position the USB key as external structure / environmental friction, not more willpower; avoid medical claims.",https://videos.feedspot.com/adhd_youtube_channels/,2026-08-31,Not Contacted,Publicly listed creator/channel from 2026 niche directory. Verify current business email/DM from creator channel About/profile before sending.
Affiliate,The Adulting With ADHD Podcast,ADHD / Executive Function,YouTube business inquiry / creator business contact,YouTube / business inquiry,https://www.youtube.com/results?search_query=The+Adulting+With+ADHD+Podcast,https://www.youtube.com/results?search_query=The+Adulting+With+ADHD+Podcast+focus+productivity+study,10,,"Audience often discusses distractibility, executive function and external structure.","Position the USB key as external structure / environmental friction, not more willpower; avoid medical claims.",https://videos.feedspot.com/adhd_youtube_channels/,2026-08-31,Not Contacted,Publicly listed creator/channel from 2026 niche directory. Verify current business email/DM from creator channel About/profile before sending.
Affiliate,Adult ADD ADHD Tips and Support,ADHD / Executive Function,YouTube business inquiry / creator business contact,YouTube / business inquiry,https://www.youtube.com/results?search_query=Adult+ADD+ADHD+Tips+and+Support,https://www.youtube.com/results?search_query=Adult+ADD+ADHD+Tips+and+Support+focus+productivity+study,10,,"Audience often discusses distractibility, executive function and external structure.","Position the USB key as external structure / environmental friction, not more willpower; avoid medical claims.",https://videos.feedspot.com/adhd_youtube_channels/,2026-08-31,Not Contacted,Publicly listed creator/channel from 2026 niche directory. Verify current business email/DM from creator channel About/profile before sending.
Affiliate,That ADHD Girl Reviews,ADHD / Executive Function,YouTube business inquiry / creator business contact,YouTube / business inquiry,https://www.youtube.com/results?search_query=That+ADHD+Girl+Reviews,https://www.youtube.com/results?search_query=That+ADHD+Girl+Reviews+focus+productivity+study,10,,"Audience often discusses distractibility, executive function and external structure.","Position the USB key as external structure / environmental friction, not more willpower; avoid medical claims.",https://videos.feedspot.com/adhd_youtube_channels/,2026-08-31,Not Contacted,Publicly listed creator/channel from 2026 niche directory. Verify current business email/DM from creator channel About/profile before sending.
Affiliate,ADHD Coach Sheila,ADHD / Executive Function,YouTube business inquiry / creator business contact,YouTube / business inquiry,https://www.youtube.com/results?search_query=ADHD+Coach+Sheila,https://www.youtube.com/results?search_query=ADHD+Coach+Sheila+focus+productivity+study,10,,"Audience often discusses distractibility, executive function and external structure.","Position the USB key as external structure / environmental friction, not more willpower; avoid medical claims.",https://videos.feedspot.com/adhd_youtube_channels/,2026-08-31,Not Contacted,Publicly listed creator/channel from 2026 niche directory. Verify current business email/DM from creator channel About/profile before sending.
Affiliate,ADHD Money Talk,ADHD / Executive Function,YouTube business inquiry / creator business contact,YouTube / business inquiry,https://www.youtube.com/results?search_query=ADHD+Money+Talk,https://www.youtube.com/results?search_query=ADHD+Money+Talk+focus+productivity+study,10,,"Audience often discusses distractibility, executive function and external structure.","Position the USB key as external structure / environmental friction, not more willpower; avoid medical claims.",https://videos.feedspot.com/adhd_youtube_channels/,2026-08-31,Not Contacted,Publicly listed creator/channel from 2026 niche directory. Verify current business email/DM from creator channel About/profile before sending.
Affiliate,Overcoming Distractions,ADHD / Executive Function,YouTube business inquiry / creator business contact,YouTube / business inquiry,https://www.youtube.com/results?search_query=Overcoming+Distractions,https://www.youtube.com/results?search_query=Overcoming+Distractions+focus+productivity+study,9,,"Audience often discusses distractibility, executive function and external structure.","Position the USB key as external structure / environmental friction, not more willpower; avoid medical claims.",https://videos.feedspot.com/adhd_youtube_channels/,2026-08-31,Not Contacted,Publicly listed creator/channel from 2026 niche directory. Verify current business email/DM from creator channel About/profile before sending.
Affiliate,"Where's David-Paul, my ADHD life?",ADHD / Executive Function,YouTube business inquiry / creator business contact,YouTube / business inquiry,https://www.youtube.com/results?search_query=Where%27s+David-Paul%2C+my+ADHD+life%3F,https://www.youtube.com/results?search_query=Where%27s+David-Paul%2C+my+ADHD+life%3F+focus+productivity+study,10,,"Audience often discusses distractibility, executive function and external structure.","Position the USB key as external structure / environmental friction, not more willpower; avoid medical claims.",https://videos.feedspot.com/adhd_youtube_channels/,2026-08-31,Not Contacted,Publicly listed creator/channel from 2026 niche directory. Verify current business email/DM from creator channel About/profile before sending.
Affiliate,ADHD WOMEN'S WELLBEING,ADHD / Executive Function,YouTube business inquiry / creator business contact,YouTube / business inquiry,https://www.youtube.com/results?search_query=ADHD+WOMEN%27S+WELLBEING,https://www.youtube.com/results?search_query=ADHD+WOMEN%27S+WELLBEING+focus+productivity+study,10,,"Audience often discusses distractibility, executive function and external structure.","Position the USB key as external structure / environmental friction, not more willpower; avoid medical claims.",https://videos.feedspot.com/adhd_youtube_channels/,2026-08-31,Not Contacted,Publicly listed creator/channel from 2026 niche directory. Verify current business email/DM from creator channel About/profile before sending.
Affiliate,ADHD Specialist,ADHD / Executive Function,YouTube business inquiry / creator business contact,YouTube / business inquiry,https://www.youtube.com/results?search_query=ADHD+Specialist,https://www.youtube.com/results?search_query=ADHD+Specialist+focus+productivity+study,10,,"Audience often discusses distractibility, executive function and external structure.","Position the USB key as external structure / environmental friction, not more willpower; avoid medical claims.",https://videos.feedspot.com/adhd_youtube_channels/,2026-08-31,Not Contacted,Publicly listed creator/channel from 2026 niche directory. Verify current business email/DM from creator channel About/profile before sending.
Affiliate,ADHD Coach Nic,ADHD / Executive Function,YouTube business inquiry / creator business contact,YouTube / business inquiry,https://www.youtube.com/results?search_query=ADHD+Coach+Nic,https://www.youtube.com/results?search_query=ADHD+Coach+Nic+focus+productivity+study,10,,"Audience often discusses distractibility, executive function and external structure.","Position the USB key as external structure / environmental friction, not more willpower; avoid medical claims.",https://videos.feedspot.com/adhd_youtube_channels/,2026-08-31,Not Contacted,Publicly listed creator/channel from 2026 niche directory. Verify current business email/DM from creator channel About/profile before sending.
Affiliate,Dyslexia ADHD and autism,ADHD / Executive Function,YouTube business inquiry / creator business contact,YouTube / business inquiry,https://www.youtube.com/results?search_query=Dyslexia+ADHD+and+autism,https://www.youtube.com/results?search_query=Dyslexia+ADHD+and+autism+focus+productivity+study,10,,"Audience often discusses distractibility, executive function and external structure.","Position the USB key as external structure / environmental friction, not more willpower; avoid medical claims.",https://videos.feedspot.com/adhd_youtube_channels/,2026-08-31,Not Contacted,Publicly listed creator/channel from 2026 niche directory. Verify current business email/DM from creator channel About/profile before sending.
Affiliate,Authentically ADHD with Carmen Irace,ADHD / Executive Function,YouTube business inquiry / creator business contact,YouTube / business inquiry,https://www.youtube.com/results?search_query=Authentically+ADHD+with+Carmen+Irace,https://www.youtube.com/results?search_query=Authentically+ADHD+with+Carmen+Irace+focus+productivity+study,10,,"Audience often discusses distractibility, executive function and external structure.","Position the USB key as external structure / environmental friction, not more willpower; avoid medical claims.",https://videos.feedspot.com/adhd_youtube_channels/,2026-08-31,Not Contacted,Publicly listed creator/channel from 2026 niche directory. Verify current business email/DM from creator channel About/profile before sending.
Affiliate,ADHD Life Coach Janine VanStee,ADHD / Executive Function,YouTube business inquiry / creator business contact,YouTube / business inquiry,https://www.youtube.com/results?search_query=ADHD+Life+Coach+Janine+VanStee,https://www.youtube.com/results?search_query=ADHD+Life+Coach+Janine+VanStee+focus+productivity+study,10,,"Audience often discusses distractibility, executive function and external structure.","Position the USB key as external structure / environmental friction, not more willpower; avoid medical claims.",https://videos.feedspot.com/adhd_youtube_channels/,2026-08-31,Not Contacted,Publicly listed creator/channel from 2026 niche directory. Verify current business email/DM from creator channel About/profile before sending.
Affiliate,ADHD Doc,ADHD / Executive Function,YouTube business inquiry / creator business contact,YouTube / business inquiry,https://www.youtube.com/results?search_query=ADHD+Doc,https://www.youtube.com/results?search_query=ADHD+Doc+focus+productivity+study,10,,"Audience often discusses distractibility, executive function and external structure.","Position the USB key as external structure / environmental friction, not more willpower; avoid medical claims.",https://videos.feedspot.com/adhd_youtube_channels/,2026-08-31,Not Contacted,Publicly listed creator/channel from 2026 niche directory. Verify current business email/DM from creator channel About/profile before sending.
Affiliate,The ADHD Village,ADHD / Executive Function,YouTube business inquiry / creator business contact,YouTube / business inquiry,https://www.youtube.com/results?search_query=The+ADHD+Village,https://www.youtube.com/results?search_query=The+ADHD+Village+focus+productivity+study,10,,"Audience often discusses distractibility, executive function and external structure.","Position the USB key as external structure / environmental friction, not more willpower; avoid medical claims.",https://videos.feedspot.com/adhd_youtube_channels/,2026-08-31,Not Contacted,Publicly listed creator/channel from 2026 niche directory. Verify current business email/DM from creator channel About/profile before sending.
Affiliate,The Shiny Object Strategist - ADHD Business Tips,ADHD / Executive Function,YouTube business inquiry / creator business contact,YouTube / business inquiry,https://www.youtube.com/results?search_query=The+Shiny+Object+Strategist+-+ADHD+Business+Tips,https://www.youtube.com/results?search_query=The+Shiny+Object+Strategist+-+ADHD+Business+Tips+focus+productivity+study,10,,"Audience often discusses distractibility, executive function and external structure.","Position the USB key as external structure / environmental friction, not more willpower; avoid medical claims.",https://videos.feedspot.com/adhd_youtube_channels/,2026-08-31,Not Contacted,Publicly listed creator/channel from 2026 niche directory. Verify current business email/DM from creator channel About/profile before sending.
Affiliate,ADHD Assist,ADHD / Executive Function,YouTube business inquiry / creator business contact,YouTube / business inquiry,https://www.youtube.com/results?search_query=ADHD+Assist,https://www.youtube.com/results?search_query=ADHD+Assist+focus+productivity+study,10,,"Audience often discusses distractibility, executive function and external structure.","Position the USB key as external structure / environmental friction, not more willpower; avoid medical claims.",https://videos.feedspot.com/adhd_youtube_channels/,2026-08-31,Not Contacted,Publicly listed creator/channel from 2026 niche directory. Verify current business email/DM from creator channel About/profile before sending.
Affiliate,Men's ADHD Support Group,ADHD / Executive Function,YouTube business inquiry / creator business contact,YouTube / business inquiry,https://www.youtube.com/results?search_query=Men%27s+ADHD+Support+Group,https://www.youtube.com/results?search_query=Men%27s+ADHD+Support+Group+focus+productivity+study,10,,"Audience often discusses distractibility, executive function and external structure.","Position the USB key as external structure / environmental friction, not more willpower; avoid medical claims.",https://videos.feedspot.com/adhd_youtube_channels/,2026-08-31,Not Contacted,Publicly listed creator/channel from 2026 niche directory. Verify current business email/DM from creator channel About/profile before sending.
Affiliate,ADHD Big Brother,ADHD / Executive Function,YouTube business inquiry / creator business contact,YouTube / business inquiry,https://www.youtube.com/results?search_query=ADHD+Big+Brother,https://www.youtube.com/results?search_query=ADHD+Big+Brother+focus+productivity+study,10,,"Audience often discusses distractibility, executive function and external structure.","Position the USB key as external structure / environmental friction, not more willpower; avoid medical claims.",https://videos.feedspot.com/adhd_youtube_channels/,2026-08-31,Not Contacted,Publicly listed creator/channel from 2026 niche directory. Verify current business email/DM from creator channel About/profile before sending.
Affiliate,Jen Conley l ADHD Coach,ADHD / Executive Function,YouTube business inquiry / creator business contact,YouTube / business inquiry,https://www.youtube.com/results?search_query=Jen+Conley+l+ADHD+Coach,https://www.youtube.com/results?search_query=Jen+Conley+l+ADHD+Coach+focus+productivity+study,10,,"Audience often discusses distractibility, executive function and external structure.","Position the USB key as external structure / environmental friction, not more willpower; avoid medical claims.",https://videos.feedspot.com/adhd_youtube_channels/,2026-08-31,Not Contacted,Publicly listed creator/channel from 2026 niche directory. Verify current business email/DM from creator channel About/profile before sending.
Affiliate,ADHD Care Ltd,ADHD / Executive Function,YouTube business inquiry / creator business contact,YouTube / business inquiry,https://www.youtube.com/results?search_query=ADHD+Care+Ltd,https://www.youtube.com/results?search_query=ADHD+Care+Ltd+focus+productivity+study,10,,"Audience often discusses distractibility, executive function and external structure.","Position the USB key as external structure / environmental friction, not more willpower; avoid medical claims.",https://videos.feedspot.com/adhd_youtube_channels/,2026-08-31,Not Contacted,Publicly listed creator/channel from 2026 niche directory. Verify current business email/DM from creator channel About/profile before sending.
Affiliate,Teal Swan,Self Improvement,YouTube business inquiry / creator business contact,YouTube / business inquiry,https://www.youtube.com/results?search_query=Teal+Swan,https://www.youtube.com/results?search_query=Teal+Swan+focus+productivity+study,6,,"Audience is motivated by behavior change, discipline and practical self-management.","Pitch a behavioral commitment device that turns intention into an environment, with lifetime Pro to test.",https://videos.feedspot.com/self_improvement_youtube_channels/,2026-08-31,Not Contacted,Publicly listed creator/channel from 2026 niche directory. Verify current business email/DM from creator channel About/profile before sending.
Affiliate,Mind Movies | Personal Development YouTube Channel,Self Improvement,YouTube business inquiry / creator business contact,YouTube / business inquiry,https://www.youtube.com/results?search_query=Mind+Movies+%7C+Personal+Development+YouTube+Channel,https://www.youtube.com/results?search_query=Mind+Movies+%7C+Personal+Development+YouTube+Channel+focus+productivity+study,6,,"Audience is motivated by behavior change, discipline and practical self-management.","Pitch a behavioral commitment device that turns intention into an environment, with lifetime Pro to test.",https://videos.feedspot.com/self_improvement_youtube_channels/,2026-08-31,Not Contacted,Publicly listed creator/channel from 2026 niche directory. Verify current business email/DM from creator channel About/profile before sending.
Affiliate,Improvement Pill,Self Improvement,YouTube business inquiry / creator business contact,YouTube / business inquiry,https://www.youtube.com/results?search_query=Improvement+Pill,https://www.youtube.com/results?search_query=Improvement+Pill+focus+productivity+study,6,,"Audience is motivated by behavior change, discipline and practical self-management.","Pitch a behavioral commitment device that turns intention into an environment, with lifetime Pro to test.",https://videos.feedspot.com/self_improvement_youtube_channels/,2026-08-31,Not Contacted,Publicly listed creator/channel from 2026 niche directory. Verify current business email/DM from creator channel About/profile before sending.
Affiliate,Hamza Ahmed,Self Improvement,YouTube business inquiry / creator business contact,YouTube / business inquiry,https://www.youtube.com/results?search_query=Hamza+Ahmed,https://www.youtube.com/results?search_query=Hamza+Ahmed+focus+productivity+study,6,,"Audience is motivated by behavior change, discipline and practical self-management.","Pitch a behavioral commitment device that turns intention into an environment, with lifetime Pro to test.",https://videos.feedspot.com/self_improvement_youtube_channels/,2026-08-31,Not Contacted,Publicly listed creator/channel from 2026 niche directory. Verify current business email/DM from creator channel About/profile before sending.
Affiliate,Better Ideas,Self Improvement,YouTube business inquiry / creator business contact,YouTube / business inquiry,https://www.youtube.com/results?search_query=Better+Ideas,https://www.youtube.com/results?search_query=Better+Ideas+focus+productivity+study,6,,"Audience is motivated by behavior change, discipline and practical self-management.","Pitch a behavioral commitment device that turns intention into an environment, with lifetime Pro to test.",https://videos.feedspot.com/self_improvement_youtube_channels/,2026-08-31,Not Contacted,Publicly listed creator/channel from 2026 niche directory. Verify current business email/DM from creator channel About/profile before sending.
Affiliate,Brendon.com | Personal Development Videos,Self Improvement,YouTube business inquiry / creator business contact,YouTube / business inquiry,https://www.youtube.com/results?search_query=Brendon.com+%7C+Personal+Development+Videos,https://www.youtube.com/results?search_query=Brendon.com+%7C+Personal+Development+Videos+focus+productivity+study,6,,"Audience is motivated by behavior change, discipline and practical self-management.","Pitch a behavioral commitment device that turns intention into an environment, with lifetime Pro to test.",https://videos.feedspot.com/self_improvement_youtube_channels/,2026-08-31,Not Contacted,Publicly listed creator/channel from 2026 niche directory. Verify current business email/DM from creator channel About/profile before sending.
Affiliate,The Art of Improvement,Self Improvement,YouTube business inquiry / creator business contact,YouTube / business inquiry,https://www.youtube.com/results?search_query=The+Art+of+Improvement,https://www.youtube.com/results?search_query=The+Art+of+Improvement+focus+productivity+study,6,,"Audience is motivated by behavior change, discipline and practical self-management.","Pitch a behavioral commitment device that turns intention into an environment, with lifetime Pro to test.",https://videos.feedspot.com/self_improvement_youtube_channels/,2026-08-31,Not Contacted,Publicly listed creator/channel from 2026 niche directory. Verify current business email/DM from creator channel About/profile before sending.
Affiliate,The Personal Development School,Self Improvement,YouTube business inquiry / creator business contact,YouTube / business inquiry,https://www.youtube.com/results?search_query=The+Personal+Development+School,https://www.youtube.com/results?search_query=The+Personal+Development+School+focus+productivity+study,6,,"Audience is motivated by behavior change, discipline and practical self-management.","Pitch a behavioral commitment device that turns intention into an environment, with lifetime Pro to test.",https://videos.feedspot.com/self_improvement_youtube_channels/,2026-08-31,Not Contacted,Publicly listed creator/channel from 2026 niche directory. Verify current business email/DM from creator channel About/profile before sending.
Affiliate,Brain Education TV,Self Improvement,YouTube business inquiry / creator business contact,YouTube / business inquiry,https://www.youtube.com/results?search_query=Brain+Education+TV,https://www.youtube.com/results?search_query=Brain+Education+TV+focus+productivity+study,6,,"Audience is motivated by behavior change, discipline and practical self-management.","Pitch a behavioral commitment device that turns intention into an environment, with lifetime Pro to test.",https://videos.feedspot.com/self_improvement_youtube_channels/,2026-08-31,Not Contacted,Publicly listed creator/channel from 2026 niche directory. Verify current business email/DM from creator channel About/profile before sending.
Affiliate,Jade Joddle - Speak Well,Self Improvement,YouTube business inquiry / creator business contact,YouTube / business inquiry,https://www.youtube.com/results?search_query=Jade+Joddle+-+Speak+Well,https://www.youtube.com/results?search_query=Jade+Joddle+-+Speak+Well+focus+productivity+study,6,,"Audience is motivated by behavior change, discipline and practical self-management.","Pitch a behavioral commitment device that turns intention into an environment, with lifetime Pro to test.",https://videos.feedspot.com/self_improvement_youtube_channels/,2026-08-31,Not Contacted,Publicly listed creator/channel from 2026 niche directory. Verify current business email/DM from creator channel About/profile before sending.
Affiliate,Zoey Arielle,Self Improvement,YouTube business inquiry / creator business contact,YouTube / business inquiry,https://www.youtube.com/results?search_query=Zoey+Arielle,https://www.youtube.com/results?search_query=Zoey+Arielle+focus+productivity+study,6,,"Audience is motivated by behavior change, discipline and practical self-management.","Pitch a behavioral commitment device that turns intention into an environment, with lifetime Pro to test.",https://videos.feedspot.com/self_improvement_youtube_channels/,2026-08-31,Not Contacted,Publicly listed creator/channel from 2026 niche directory. Verify current business email/DM from creator channel About/profile before sending.
Affiliate,Rafael Eliassen,Self Improvement,YouTube business inquiry / creator business contact,YouTube / business inquiry,https://www.youtube.com/results?search_query=Rafael+Eliassen,https://www.youtube.com/results?search_query=Rafael+Eliassen+focus+productivity+study,6,,"Audience is motivated by behavior change, discipline and practical self-management.","Pitch a behavioral commitment device that turns intention into an environment, with lifetime Pro to test.",https://videos.feedspot.com/self_improvement_youtube_channels/,2026-08-31,Not Contacted,Publicly listed creator/channel from 2026 niche directory. Verify current business email/DM from creator channel About/profile before sending.
Affiliate,Linda Hall,Self Improvement,YouTube business inquiry / creator business contact,YouTube / business inquiry,https://www.youtube.com/results?search_query=Linda+Hall,https://www.youtube.com/results?search_query=Linda+Hall+focus+productivity+study,6,,"Audience is motivated by behavior change, discipline and practical self-management.","Pitch a behavioral commitment device that turns intention into an environment, with lifetime Pro to test.",https://videos.feedspot.com/self_improvement_youtube_channels/,2026-08-31,Not Contacted,Publicly listed creator/channel from 2026 niche directory. Verify current business email/DM from creator channel About/profile before sending.
Affiliate,Debra Berndt-Maldonado,Self Improvement,YouTube business inquiry / creator business contact,YouTube / business inquiry,https://www.youtube.com/results?search_query=Debra+Berndt-Maldonado,https://www.youtube.com/results?search_query=Debra+Berndt-Maldonado+focus+productivity+study,6,,"Audience is motivated by behavior change, discipline and practical self-management.","Pitch a behavioral commitment device that turns intention into an environment, with lifetime Pro to test.",https://videos.feedspot.com/self_improvement_youtube_channels/,2026-08-31,Not Contacted,Publicly listed creator/channel from 2026 niche directory. Verify current business email/DM from creator channel About/profile before sending.
Affiliate,Personality Hacker,Self Improvement,YouTube business inquiry / creator business contact,YouTube / business inquiry,https://www.youtube.com/results?search_query=Personality+Hacker,https://www.youtube.com/results?search_query=Personality+Hacker+focus+productivity+study,6,,"Audience is motivated by behavior change, discipline and practical self-management.","Pitch a behavioral commitment device that turns intention into an environment, with lifetime Pro to test.",https://videos.feedspot.com/self_improvement_youtube_channels/,2026-08-31,Not Contacted,Publicly listed creator/channel from 2026 niche directory. Verify current business email/DM from creator channel About/profile before sending.
Affiliate,Delilah Helton,Self Improvement,YouTube business inquiry / creator business contact,YouTube / business inquiry,https://www.youtube.com/results?search_query=Delilah+Helton,https://www.youtube.com/results?search_query=Delilah+Helton+focus+productivity+study,6,,"Audience is motivated by behavior change, discipline and practical self-management.","Pitch a behavioral commitment device that turns intention into an environment, with lifetime Pro to test.",https://videos.feedspot.com/self_improvement_youtube_channels/,2026-08-31,Not Contacted,Publicly listed creator/channel from 2026 niche directory. Verify current business email/DM from creator channel About/profile before sending.
Affiliate,Nena Lavonne,Self Improvement,YouTube business inquiry / creator business contact,YouTube / business inquiry,https://www.youtube.com/results?search_query=Nena+Lavonne,https://www.youtube.com/results?search_query=Nena+Lavonne+focus+productivity+study,6,,"Audience is motivated by behavior change, discipline and practical self-management.","Pitch a behavioral commitment device that turns intention into an environment, with lifetime Pro to test.",https://videos.feedspot.com/self_improvement_youtube_channels/,2026-08-31,Not Contacted,Publicly listed creator/channel from 2026 niche directory. Verify current business email/DM from creator channel About/profile before sending.
Affiliate,Will's Personal-Development Show,Self Improvement,YouTube business inquiry / creator business contact,YouTube / business inquiry,https://www.youtube.com/results?search_query=Will%27s+Personal-Development+Show,https://www.youtube.com/results?search_query=Will%27s+Personal-Development+Show+focus+productivity+study,6,,"Audience is motivated by behavior change, discipline and practical self-management.","Pitch a behavioral commitment device that turns intention into an environment, with lifetime Pro to test.",https://videos.feedspot.com/self_improvement_youtube_channels/,2026-08-31,Not Contacted,Publicly listed creator/channel from 2026 niche directory. Verify current business email/DM from creator channel About/profile before sending.
Affiliate,Sundaresan Subramanian,Self Improvement,YouTube business inquiry / creator business contact,YouTube / business inquiry,https://www.youtube.com/results?search_query=Sundaresan+Subramanian,https://www.youtube.com/results?search_query=Sundaresan+Subramanian+focus+productivity+study,6,,"Audience is motivated by behavior change, discipline and practical self-management.","Pitch a behavioral commitment device that turns intention into an environment, with lifetime Pro to test.",https://videos.feedspot.com/self_improvement_youtube_channels/,2026-08-31,Not Contacted,Publicly listed creator/channel from 2026 niche directory. Verify current business email/DM from creator channel About/profile before sending.
Affiliate,Satori Prime,Self Improvement,YouTube business inquiry / creator business contact,YouTube / business inquiry,https://www.youtube.com/results?search_query=Satori+Prime,https://www.youtube.com/results?search_query=Satori+Prime+focus+productivity+study,6,,"Audience is motivated by behavior change, discipline and practical self-management.","Pitch a behavioral commitment device that turns intention into an environment, with lifetime Pro to test.",https://videos.feedspot.com/self_improvement_youtube_channels/,2026-08-31,Not Contacted,Publicly listed creator/channel from 2026 niche directory. Verify current business email/DM from creator channel About/profile before sending.
Affiliate,Live Without Limits Official,Self Improvement,YouTube business inquiry / creator business contact,YouTube / business inquiry,https://www.youtube.com/results?search_query=Live+Without+Limits+Official,https://www.youtube.com/results?search_query=Live+Without+Limits+Official+focus+productivity+study,6,,"Audience is motivated by behavior change, discipline and practical self-management.","Pitch a behavioral commitment device that turns intention into an environment, with lifetime Pro to test.",https://videos.feedspot.com/self_improvement_youtube_channels/,2026-08-31,Not Contacted,Publicly listed creator/channel from 2026 niche directory. Verify current business email/DM from creator channel About/profile before sending.
Affiliate,Best Personal Development Journey,Self Improvement,YouTube business inquiry / creator business contact,YouTube / business inquiry,https://www.youtube.com/results?search_query=Best+Personal+Development+Journey,https://www.youtube.com/results?search_query=Best+Personal+Development+Journey+focus+productivity+study,6,,"Audience is motivated by behavior change, discipline and practical self-management.","Pitch a behavioral commitment device that turns intention into an environment, with lifetime Pro to test.",https://videos.feedspot.com/self_improvement_youtube_channels/,2026-08-31,Not Contacted,Publicly listed creator/channel from 2026 niche directory. Verify current business email/DM from creator channel About/profile before sending.
Affiliate,Self-Help Yourself | Self Help YouTuber,Self Improvement,YouTube business inquiry / creator business contact,YouTube / business inquiry,https://www.youtube.com/results?search_query=Self-Help+Yourself+%7C+Self+Help+YouTuber,https://www.youtube.com/results?search_query=Self-Help+Yourself+%7C+Self+Help+YouTuber+focus+productivity+study,6,,"Audience is motivated by behavior change, discipline and practical self-management.","Pitch a behavioral commitment device that turns intention into an environment, with lifetime Pro to test.",https://videos.feedspot.com/self_improvement_youtube_channels/,2026-08-31,Not Contacted,Publicly listed creator/channel from 2026 niche directory. Verify current business email/DM from creator channel About/profile before sending.
Affiliate,Unitive - Positive Self Improvement,Self Improvement,YouTube business inquiry / creator business contact,YouTube / business inquiry,https://www.youtube.com/results?search_query=Unitive+-+Positive+Self+Improvement,https://www.youtube.com/results?search_query=Unitive+-+Positive+Self+Improvement+focus+productivity+study,6,,"Audience is motivated by behavior change, discipline and practical self-management.","Pitch a behavioral commitment device that turns intention into an environment, with lifetime Pro to test.",https://videos.feedspot.com/self_improvement_youtube_channels/,2026-08-31,Not Contacted,Publicly listed creator/channel from 2026 niche directory. Verify current business email/DM from creator channel About/profile before sending.
Affiliate,Self Improvement,Self Improvement,YouTube business inquiry / creator business contact,YouTube / business inquiry,https://www.youtube.com/results?search_query=Self+Improvement,https://www.youtube.com/results?search_query=Self+Improvement+focus+productivity+study,6,,"Audience is motivated by behavior change, discipline and practical self-management.","Pitch a behavioral commitment device that turns intention into an environment, with lifetime Pro to test.",https://videos.feedspot.com/self_improvement_youtube_channels/,2026-08-31,Not Contacted,Publicly listed creator/channel from 2026 niche directory. Verify current business email/DM from creator channel About/profile before sending.
Affiliate,Gregg Clunis | Self Help Videos,Self Improvement,YouTube business inquiry / creator business contact,YouTube / business inquiry,https://www.youtube.com/results?search_query=Gregg+Clunis+%7C+Self+Help+Videos,https://www.youtube.com/results?search_query=Gregg+Clunis+%7C+Self+Help+Videos+focus+productivity+study,6,,"Audience is motivated by behavior change, discipline and practical self-management.","Pitch a behavioral commitment device that turns intention into an environment, with lifetime Pro to test.",https://videos.feedspot.com/self_improvement_youtube_channels/,2026-08-31,Not Contacted,Publicly listed creator/channel from 2026 niche directory. Verify current business email/DM from creator channel About/profile before sending.
Affiliate,Doing Life Today,Self Improvement,YouTube business inquiry / creator business contact,YouTube / business inquiry,https://www.youtube.com/results?search_query=Doing+Life+Today,https://www.youtube.com/results?search_query=Doing+Life+Today+focus+productivity+study,6,,"Audience is motivated by behavior change, discipline and practical self-management.","Pitch a behavioral commitment device that turns intention into an environment, with lifetime Pro to test.",https://videos.feedspot.com/self_improvement_youtube_channels/,2026-08-31,Not Contacted,Publicly listed creator/channel from 2026 niche directory. Verify current business email/DM from creator channel About/profile before sending.
Affiliate,David McCrae: Personal Development Trainer,Self Improvement,YouTube business inquiry / creator business contact,YouTube / business inquiry,https://www.youtube.com/results?search_query=David+McCrae%3A+Personal+Development+Trainer,https://www.youtube.com/results?search_query=David+McCrae%3A+Personal+Development+Trainer+focus+productivity+study,6,,"Audience is motivated by behavior change, discipline and practical self-management.","Pitch a behavioral commitment device that turns intention into an environment, with lifetime Pro to test.",https://videos.feedspot.com/self_improvement_youtube_channels/,2026-08-31,Not Contacted,Publicly listed creator/channel from 2026 niche directory. Verify current business email/DM from creator channel About/profile before sending.
Affiliate,Davids Self Improvement,Self Improvement,YouTube business inquiry / creator business contact,YouTube / business inquiry,https://www.youtube.com/results?search_query=Davids+Self+Improvement,https://www.youtube.com/results?search_query=Davids+Self+Improvement+focus+productivity+study,6,,"Audience is motivated by behavior change, discipline and practical self-management.","Pitch a behavioral commitment device that turns intention into an environment, with lifetime Pro to test.",https://videos.feedspot.com/self_improvement_youtube_channels/,2026-08-31,Not Contacted,Publicly listed creator/channel from 2026 niche directory. Verify current business email/DM from creator channel About/profile before sending.
Affiliate,Lmentalist,Self Improvement,YouTube business inquiry / creator business contact,YouTube / business inquiry,https://www.youtube.com/results?search_query=Lmentalist,https://www.youtube.com/results?search_query=Lmentalist+focus+productivity+study,6,,"Audience is motivated by behavior change, discipline and practical self-management.","Pitch a behavioral commitment device that turns intention into an environment, with lifetime Pro to test.",https://videos.feedspot.com/self_improvement_youtube_channels/,2026-08-31,Not Contacted,Publicly listed creator/channel from 2026 niche directory. Verify current business email/DM from creator channel About/profile before sending.
Affiliate,90 Second Nugget,Self Improvement,YouTube business inquiry / creator business contact,YouTube / business inquiry,https://www.youtube.com/results?search_query=90+Second+Nugget,https://www.youtube.com/results?search_query=90+Second+Nugget+focus+productivity+study,6,,"Audience is motivated by behavior change, discipline and practical self-management.","Pitch a behavioral commitment device that turns intention into an environment, with lifetime Pro to test.",https://videos.feedspot.com/self_improvement_youtube_channels/,2026-08-31,Not Contacted,Publicly listed creator/channel from 2026 niche directory. Verify current business email/DM from creator channel About/profile before sending.
Affiliate,Eric S Burdon,Self Improvement,YouTube business inquiry / creator business contact,YouTube / business inquiry,https://www.youtube.com/results?search_query=Eric+S+Burdon,https://www.youtube.com/results?search_query=Eric+S+Burdon+focus+productivity+study,6,,"Audience is motivated by behavior change, discipline and practical self-management.","Pitch a behavioral commitment device that turns intention into an environment, with lifetime Pro to test.",https://videos.feedspot.com/self_improvement_youtube_channels/,2026-08-31,Not Contacted,Publicly listed creator/channel from 2026 niche directory. Verify current business email/DM from creator channel About/profile before sending.
Affiliate,Eric Ha Self-Improvement,Self Improvement,YouTube business inquiry / creator business contact,YouTube / business inquiry,https://www.youtube.com/results?search_query=Eric+Ha+Self-Improvement,https://www.youtube.com/results?search_query=Eric+Ha+Self-Improvement+focus+productivity+study,6,,"Audience is motivated by behavior change, discipline and practical self-management.","Pitch a behavioral commitment device that turns intention into an environment, with lifetime Pro to test.",https://videos.feedspot.com/self_improvement_youtube_channels/,2026-08-31,Not Contacted,Publicly listed creator/channel from 2026 niche directory. Verify current business email/DM from creator channel About/profile before sending.
Affiliate,The Self-Improvement Blueprint,Self Improvement,YouTube business inquiry / creator business contact,YouTube / business inquiry,https://www.youtube.com/results?search_query=The+Self-Improvement+Blueprint,https://www.youtube.com/results?search_query=The+Self-Improvement+Blueprint+focus+productivity+study,6,,"Audience is motivated by behavior change, discipline and practical self-management.","Pitch a behavioral commitment device that turns intention into an environment, with lifetime Pro to test.",https://videos.feedspot.com/self_improvement_youtube_channels/,2026-08-31,Not Contacted,Publicly listed creator/channel from 2026 niche directory. Verify current business email/DM from creator channel About/profile before sending.
Affiliate,Skillopedia - Skills for the real world,Self Improvement,YouTube business inquiry / creator business contact,YouTube / business inquiry,https://www.youtube.com/results?search_query=Skillopedia+-+Skills+for+the+real+world,https://www.youtube.com/results?search_query=Skillopedia+-+Skills+for+the+real+world+focus+productivity+study,6,,"Audience is motivated by behavior change, discipline and practical self-management.","Pitch a behavioral commitment device that turns intention into an environment, with lifetime Pro to test.",https://videos.feedspot.com/self_improvement_youtube_channels/,2026-08-31,Not Contacted,Publicly listed creator/channel from 2026 niche directory. Verify current business email/DM from creator channel About/profile before sending.
Affiliate,Antony Stagg,Self Improvement,YouTube business inquiry / creator business contact,YouTube / business inquiry,https://www.youtube.com/results?search_query=Antony+Stagg,https://www.youtube.com/results?search_query=Antony+Stagg+focus+productivity+study,6,,"Audience is motivated by behavior change, discipline and practical self-management.","Pitch a behavioral commitment device that turns intention into an environment, with lifetime Pro to test.",https://videos.feedspot.com/self_improvement_youtube_channels/,2026-08-31,Not Contacted,Publicly listed creator/channel from 2026 niche directory. Verify current business email/DM from creator channel About/profile before sending.
Affiliate,Knowledge for Men,Self Improvement,YouTube business inquiry / creator business contact,YouTube / business inquiry,https://www.youtube.com/results?search_query=Knowledge+for+Men,https://www.youtube.com/results?search_query=Knowledge+for+Men+focus+productivity+study,6,,"Audience is motivated by behavior change, discipline and practical self-management.","Pitch a behavioral commitment device that turns intention into an environment, with lifetime Pro to test.",https://videos.feedspot.com/self_improvement_youtube_channels/,2026-08-31,Not Contacted,Publicly listed creator/channel from 2026 niche directory. Verify current business email/DM from creator channel About/profile before sending.
Affiliate,Personal Power,Self Improvement,YouTube business inquiry / creator business contact,YouTube / business inquiry,https://www.youtube.com/results?search_query=Personal+Power,https://www.youtube.com/results?search_query=Personal+Power+focus+productivity+study,6,,"Audience is motivated by behavior change, discipline and practical self-management.","Pitch a behavioral commitment device that turns intention into an environment, with lifetime Pro to test.",https://videos.feedspot.com/self_improvement_youtube_channels/,2026-08-31,Not Contacted,Publicly listed creator/channel from 2026 niche directory. Verify current business email/DM from creator channel About/profile before sending.
Affiliate,Mary Morrissey,Self Improvement,YouTube business inquiry / creator business contact,YouTube / business inquiry,https://www.youtube.com/results?search_query=Mary+Morrissey,https://www.youtube.com/results?search_query=Mary+Morrissey+focus+productivity+study,6,,"Audience is motivated by behavior change, discipline and practical self-management.","Pitch a behavioral commitment device that turns intention into an environment, with lifetime Pro to test.",https://videos.feedspot.com/self_improvement_youtube_channels/,2026-08-31,Not Contacted,Publicly listed creator/channel from 2026 niche directory. Verify current business email/DM from creator channel About/profile before sending.
Affiliate,Nameless - The Dark Side Of Self-Development,Self Improvement,YouTube business inquiry / creator business contact,YouTube / business inquiry,https://www.youtube.com/results?search_query=Nameless+-+The+Dark+Side+Of+Self-Development,https://www.youtube.com/results?search_query=Nameless+-+The+Dark+Side+Of+Self-Development+focus+productivity+study,6,,"Audience is motivated by behavior change, discipline and practical self-management.","Pitch a behavioral commitment device that turns intention into an environment, with lifetime Pro to test.",https://videos.feedspot.com/self_improvement_youtube_channels/,2026-08-31,Not Contacted,Publicly listed creator/channel from 2026 niche directory. Verify current business email/DM from creator channel About/profile before sending.
Affiliate,Freedom Kingdom,Self Improvement,YouTube business inquiry / creator business contact,YouTube / business inquiry,https://www.youtube.com/results?search_query=Freedom+Kingdom,https://www.youtube.com/results?search_query=Freedom+Kingdom+focus+productivity+study,6,,"Audience is motivated by behavior change, discipline and practical self-management.","Pitch a behavioral commitment device that turns intention into an environment, with lifetime Pro to test.",https://videos.feedspot.com/self_improvement_youtube_channels/,2026-08-31,Not Contacted,Publicly listed creator/channel from 2026 niche directory. Verify current business email/DM from creator channel About/profile before sending.
Affiliate,Minion No More,Self Improvement,YouTube business inquiry / creator business contact,YouTube / business inquiry,https://www.youtube.com/results?search_query=Minion+No+More,https://www.youtube.com/results?search_query=Minion+No+More+focus+productivity+study,6,,"Audience is motivated by behavior change, discipline and practical self-management.","Pitch a behavioral commitment device that turns intention into an environment, with lifetime Pro to test.",https://videos.feedspot.com/self_improvement_youtube_channels/,2026-08-31,Not Contacted,Publicly listed creator/channel from 2026 niche directory. Verify current business email/DM from creator channel About/profile before sending.
Affiliate,Practical Inspiration - Personal Growth & Success,Self Improvement,YouTube business inquiry / creator business contact,YouTube / business inquiry,https://www.youtube.com/results?search_query=Practical+Inspiration+-+Personal+Growth+%26+Success,https://www.youtube.com/results?search_query=Practical+Inspiration+-+Personal+Growth+%26+Success+focus+productivity+study,6,,"Audience is motivated by behavior change, discipline and practical self-management.","Pitch a behavioral commitment device that turns intention into an environment, with lifetime Pro to test.",https://videos.feedspot.com/self_improvement_youtube_channels/,2026-08-31,Not Contacted,Publicly listed creator/channel from 2026 niche directory. Verify current business email/DM from creator channel About/profile before sending.
Affiliate,Jake Nawrocki,Self Improvement,YouTube business inquiry / creator business contact,YouTube / business inquiry,https://www.youtube.com/results?search_query=Jake+Nawrocki,https://www.youtube.com/results?search_query=Jake+Nawrocki+focus+productivity+study,6,,"Audience is motivated by behavior change, discipline and practical self-management.","Pitch a behavioral commitment device that turns intention into an environment, with lifetime Pro to test.",https://videos.feedspot.com/self_improvement_youtube_channels/,2026-08-31,Not Contacted,Publicly listed creator/channel from 2026 niche directory. Verify current business email/DM from creator channel About/profile before sending.
Affiliate,Personal Development,Self Improvement,YouTube business inquiry / creator business contact,YouTube / business inquiry,https://www.youtube.com/results?search_query=Personal+Development,https://www.youtube.com/results?search_query=Personal+Development+focus+productivity+study,6,,"Audience is motivated by behavior change, discipline and practical self-management.","Pitch a behavioral commitment device that turns intention into an environment, with lifetime Pro to test.",https://videos.feedspot.com/self_improvement_youtube_channels/,2026-08-31,Not Contacted,Publicly listed creator/channel from 2026 niche directory. Verify current business email/DM from creator channel About/profile before sending.
Affiliate,Zen Rose Garden,Self Improvement,YouTube business inquiry / creator business contact,YouTube / business inquiry,https://www.youtube.com/results?search_query=Zen+Rose+Garden,https://www.youtube.com/results?search_query=Zen+Rose+Garden+focus+productivity+study,6,,"Audience is motivated by behavior change, discipline and practical self-management.","Pitch a behavioral commitment device that turns intention into an environment, with lifetime Pro to test.",https://videos.feedspot.com/self_improvement_youtube_channels/,2026-08-31,Not Contacted,Publicly listed creator/channel from 2026 niche directory. Verify current business email/DM from creator channel About/profile before sending.
Affiliate,Pinnacle Of Man TM,Self Improvement,YouTube business inquiry / creator business contact,YouTube / business inquiry,https://www.youtube.com/results?search_query=Pinnacle+Of+Man+TM,https://www.youtube.com/results?search_query=Pinnacle+Of+Man+TM+focus+productivity+study,6,,"Audience is motivated by behavior change, discipline and practical self-management.","Pitch a behavioral commitment device that turns intention into an environment, with lifetime Pro to test.",https://videos.feedspot.com/self_improvement_youtube_channels/,2026-08-31,Not Contacted,Publicly listed creator/channel from 2026 niche directory. Verify current business email/DM from creator channel About/profile before sending.
Affiliate,Kyosophy,Self Improvement,YouTube business inquiry / creator business contact,YouTube / business inquiry,https://www.youtube.com/results?search_query=Kyosophy,https://www.youtube.com/results?search_query=Kyosophy+focus+productivity+study,6,,"Audience is motivated by behavior change, discipline and practical self-management.","Pitch a behavioral commitment device that turns intention into an environment, with lifetime Pro to test.",https://videos.feedspot.com/self_improvement_youtube_channels/,2026-08-31,Not Contacted,Publicly listed creator/channel from 2026 niche directory. Verify current business email/DM from creator channel About/profile before sending.
Affiliate,Mariana Kaiser,Self Improvement,YouTube business inquiry / creator business contact,YouTube / business inquiry,https://www.youtube.com/results?search_query=Mariana+Kaiser,https://www.youtube.com/results?search_query=Mariana+Kaiser+focus+productivity+study,6,,"Audience is motivated by behavior change, discipline and practical self-management.","Pitch a behavioral commitment device that turns intention into an environment, with lifetime Pro to test.",https://videos.feedspot.com/self_improvement_youtube_channels/,2026-08-31,Not Contacted,Publicly listed creator/channel from 2026 niche directory. Verify current business email/DM from creator channel About/profile before sending.
Affiliate,Naya Clinics,Self Improvement,YouTube business inquiry / creator business contact,YouTube / business inquiry,https://www.youtube.com/results?search_query=Naya+Clinics,https://www.youtube.com/results?search_query=Naya+Clinics+focus+productivity+study,6,,"Audience is motivated by behavior change, discipline and practical self-management.","Pitch a behavioral commitment device that turns intention into an environment, with lifetime Pro to test.",https://videos.feedspot.com/self_improvement_youtube_channels/,2026-08-31,Not Contacted,Publicly listed creator/channel from 2026 niche directory. Verify current business email/DM from creator channel About/profile before sending.
Affiliate,Jecht Spencer,Self Improvement,YouTube business inquiry / creator business contact,YouTube / business inquiry,https://www.youtube.com/results?search_query=Jecht+Spencer,https://www.youtube.com/results?search_query=Jecht+Spencer+focus+productivity+study,6,,"Audience is motivated by behavior change, discipline and practical self-management.","Pitch a behavioral commitment device that turns intention into an environment, with lifetime Pro to test.",https://videos.feedspot.com/self_improvement_youtube_channels/,2026-08-31,Not Contacted,Publicly listed creator/channel from 2026 niche directory. Verify current business email/DM from creator channel About/profile before sending.
Affiliate,Christopher Babson | Self Help YouTube Channel,Self Improvement,YouTube business inquiry / creator business contact,YouTube / business inquiry,https://www.youtube.com/results?search_query=Christopher+Babson+%7C+Self+Help+YouTube+Channel,https://www.youtube.com/results?search_query=Christopher+Babson+%7C+Self+Help+YouTube+Channel+focus+productivity+study,6,,"Audience is motivated by behavior change, discipline and practical self-management.","Pitch a behavioral commitment device that turns intention into an environment, with lifetime Pro to test.",https://videos.feedspot.com/self_improvement_youtube_channels/,2026-08-31,Not Contacted,Publicly listed creator/channel from 2026 niche directory. Verify current business email/DM from creator channel About/profile before sending.
Affiliate,Jonny - Self Improvement,Self Improvement,YouTube business inquiry / creator business contact,YouTube / business inquiry,https://www.youtube.com/results?search_query=Jonny+-+Self+Improvement,https://www.youtube.com/results?search_query=Jonny+-+Self+Improvement+focus+productivity+study,6,,"Audience is motivated by behavior change, discipline and practical self-management.","Pitch a behavioral commitment device that turns intention into an environment, with lifetime Pro to test.",https://videos.feedspot.com/self_improvement_youtube_channels/,2026-08-31,Not Contacted,Publicly listed creator/channel from 2026 niche directory. Verify current business email/DM from creator channel About/profile before sending.
Affiliate,Evette Rose,Self Improvement,YouTube business inquiry / creator business contact,YouTube / business inquiry,https://www.youtube.com/results?search_query=Evette+Rose,https://www.youtube.com/results?search_query=Evette+Rose+focus+productivity+study,6,,"Audience is motivated by behavior change, discipline and practical self-management.","Pitch a behavioral commitment device that turns intention into an environment, with lifetime Pro to test.",https://videos.feedspot.com/self_improvement_youtube_channels/,2026-08-31,Not Contacted,Publicly listed creator/channel from 2026 niche directory. Verify current business email/DM from creator channel About/profile before sending.
Affiliate,Your Unlocked Potential - Self Development Tips,Self Improvement,YouTube business inquiry / creator business contact,YouTube / business inquiry,https://www.youtube.com/results?search_query=Your+Unlocked+Potential+-+Self+Development+Tips,https://www.youtube.com/results?search_query=Your+Unlocked+Potential+-+Self+Development+Tips+focus+productivity+study,6,,"Audience is motivated by behavior change, discipline and practical self-management.","Pitch a behavioral commitment device that turns intention into an environment, with lifetime Pro to test.",https://videos.feedspot.com/self_improvement_youtube_channels/,2026-08-31,Not Contacted,Publicly listed creator/channel from 2026 niche directory. Verify current business email/DM from creator channel About/profile before sending.
Affiliate,Bartek Self-Improves,Self Improvement,YouTube business inquiry / creator business contact,YouTube / business inquiry,https://www.youtube.com/results?search_query=Bartek+Self-Improves,https://www.youtube.com/results?search_query=Bartek+Self-Improves+focus+productivity+study,6,,"Audience is motivated by behavior change, discipline and practical self-management.","Pitch a behavioral commitment device that turns intention into an environment, with lifetime Pro to test.",https://videos.feedspot.com/self_improvement_youtube_channels/,2026-08-31,Not Contacted,Publicly listed creator/channel from 2026 niche directory. Verify current business email/DM from creator channel About/profile before sending.
Affiliate,Cameron Gibson,Self Improvement,YouTube business inquiry / creator business contact,YouTube / business inquiry,https://www.youtube.com/results?search_query=Cameron+Gibson,https://www.youtube.com/results?search_query=Cameron+Gibson+focus+productivity+study,6,,"Audience is motivated by behavior change, discipline and practical self-management.","Pitch a behavioral commitment device that turns intention into an environment, with lifetime Pro to test.",https://videos.feedspot.com/self_improvement_youtube_channels/,2026-08-31,Not Contacted,Publicly listed creator/channel from 2026 niche directory. Verify current business email/DM from creator channel About/profile before sending.
Affiliate,Contrarian Learning Studio,Self Improvement,YouTube business inquiry / creator business contact,YouTube / business inquiry,https://www.youtube.com/results?search_query=Contrarian+Learning+Studio,https://www.youtube.com/results?search_query=Contrarian+Learning+Studio+focus+productivity+study,6,,"Audience is motivated by behavior change, discipline and practical self-management.","Pitch a behavioral commitment device that turns intention into an environment, with lifetime Pro to test.",https://videos.feedspot.com/self_improvement_youtube_channels/,2026-08-31,Not Contacted,Publicly listed creator/channel from 2026 niche directory. Verify current business email/DM from creator channel About/profile before sending.
Affiliate,Failure School,Self Improvement,YouTube business inquiry / creator business contact,YouTube / business inquiry,https://www.youtube.com/results?search_query=Failure+School,https://www.youtube.com/results?search_query=Failure+School+focus+productivity+study,6,,"Audience is motivated by behavior change, discipline and practical self-management.","Pitch a behavioral commitment device that turns intention into an environment, with lifetime Pro to test.",https://videos.feedspot.com/self_improvement_youtube_channels/,2026-08-31,Not Contacted,Publicly listed creator/channel from 2026 niche directory. Verify current business email/DM from creator channel About/profile before sending.
Affiliate,The Mind Power Channel,Self Improvement,YouTube business inquiry / creator business contact,YouTube / business inquiry,https://www.youtube.com/results?search_query=The+Mind+Power+Channel,https://www.youtube.com/results?search_query=The+Mind+Power+Channel+focus+productivity+study,6,,"Audience is motivated by behavior change, discipline and practical self-management.","Pitch a behavioral commitment device that turns intention into an environment, with lifetime Pro to test.",https://videos.feedspot.com/self_improvement_youtube_channels/,2026-08-31,Not Contacted,Publicly listed creator/channel from 2026 niche directory. Verify current business email/DM from creator channel About/profile before sending.
Affiliate,Orange Box Personal Development,Self Improvement,YouTube business inquiry / creator business contact,YouTube / business inquiry,https://www.youtube.com/results?search_query=Orange+Box+Personal+Development,https://www.youtube.com/results?search_query=Orange+Box+Personal+Development+focus+productivity+study,6,,"Audience is motivated by behavior change, discipline and practical self-management.","Pitch a behavioral commitment device that turns intention into an environment, with lifetime Pro to test.",https://videos.feedspot.com/self_improvement_youtube_channels/,2026-08-31,Not Contacted,Publicly listed creator/channel from 2026 niche directory. Verify current business email/DM from creator channel About/profile before sending.
Affiliate,Redlyrics Books,Self Improvement,YouTube business inquiry / creator business contact,YouTube / business inquiry,https://www.youtube.com/results?search_query=Redlyrics+Books,https://www.youtube.com/results?search_query=Redlyrics+Books+focus+productivity+study,6,,"Audience is motivated by behavior change, discipline and practical self-management.","Pitch a behavioral commitment device that turns intention into an environment, with lifetime Pro to test.",https://videos.feedspot.com/self_improvement_youtube_channels/,2026-08-31,Not Contacted,Publicly listed creator/channel from 2026 niche directory. Verify current business email/DM from creator channel About/profile before sending.
Affiliate,Loud Voice Digital,Self Improvement,YouTube business inquiry / creator business contact,YouTube / business inquiry,https://www.youtube.com/results?search_query=Loud+Voice+Digital,https://www.youtube.com/results?search_query=Loud+Voice+Digital+focus+productivity+study,6,,"Audience is motivated by behavior change, discipline and practical self-management.","Pitch a behavioral commitment device that turns intention into an environment, with lifetime Pro to test.",https://videos.feedspot.com/self_improvement_youtube_channels/,2026-08-31,Not Contacted,Publicly listed creator/channel from 2026 niche directory. Verify current business email/DM from creator channel About/profile before sending.
Affiliate,Nicky Sujadi,Self Improvement,YouTube business inquiry / creator business contact,YouTube / business inquiry,https://www.youtube.com/results?search_query=Nicky+Sujadi,https://www.youtube.com/results?search_query=Nicky+Sujadi+focus+productivity+study,6,,"Audience is motivated by behavior change, discipline and practical self-management.","Pitch a behavioral commitment device that turns intention into an environment, with lifetime Pro to test.",https://videos.feedspot.com/self_improvement_youtube_channels/,2026-08-31,Not Contacted,Publicly listed creator/channel from 2026 niche directory. Verify current business email/DM from creator channel About/profile before sending.
Affiliate,Sean's Magical Odyssey,Self Improvement,YouTube business inquiry / creator business contact,YouTube / business inquiry,https://www.youtube.com/results?search_query=Sean%27s+Magical+Odyssey,https://www.youtube.com/results?search_query=Sean%27s+Magical+Odyssey+focus+productivity+study,6,,"Audience is motivated by behavior change, discipline and practical self-management.","Pitch a behavioral commitment device that turns intention into an environment, with lifetime Pro to test.",https://videos.feedspot.com/self_improvement_youtube_channels/,2026-08-31,Not Contacted,Publicly listed creator/channel from 2026 niche directory. Verify current business email/DM from creator channel About/profile before sending.
Affiliate,Breakthrough Mindsets,Self Improvement,YouTube business inquiry / creator business contact,YouTube / business inquiry,https://www.youtube.com/results?search_query=Breakthrough+Mindsets,https://www.youtube.com/results?search_query=Breakthrough+Mindsets+focus+productivity+study,6,,"Audience is motivated by behavior change, discipline and practical self-management.","Pitch a behavioral commitment device that turns intention into an environment, with lifetime Pro to test.",https://videos.feedspot.com/self_improvement_youtube_channels/,2026-08-31,Not Contacted,Publicly listed creator/channel from 2026 niche directory. Verify current business email/DM from creator channel About/profile before sending.
Affiliate,Golden Hour,Self Improvement,YouTube business inquiry / creator business contact,YouTube / business inquiry,https://www.youtube.com/results?search_query=Golden+Hour,https://www.youtube.com/results?search_query=Golden+Hour+focus+productivity+study,6,,"Audience is motivated by behavior change, discipline and practical self-management.","Pitch a behavioral commitment device that turns intention into an environment, with lifetime Pro to test.",https://videos.feedspot.com/self_improvement_youtube_channels/,2026-08-31,Not Contacted,Publicly listed creator/channel from 2026 niche directory. Verify current business email/DM from creator channel About/profile before sending.
Affiliate,Living to Improve!,Self Improvement,YouTube business inquiry / creator business contact,YouTube / business inquiry,https://www.youtube.com/results?search_query=Living+to+Improve%21,https://www.youtube.com/results?search_query=Living+to+Improve%21+focus+productivity+study,6,,"Audience is motivated by behavior change, discipline and practical self-management.","Pitch a behavioral commitment device that turns intention into an environment, with lifetime Pro to test.",https://videos.feedspot.com/self_improvement_youtube_channels/,2026-08-31,Not Contacted,Publicly listed creator/channel from 2026 niche directory. Verify current business email/DM from creator channel About/profile before sending.
Affiliate,52 Weeks,Self Improvement,YouTube business inquiry / creator business contact,YouTube / business inquiry,https://www.youtube.com/results?search_query=52+Weeks,https://www.youtube.com/results?search_query=52+Weeks+focus+productivity+study,6,,"Audience is motivated by behavior change, discipline and practical self-management.","Pitch a behavioral commitment device that turns intention into an environment, with lifetime Pro to test.",https://videos.feedspot.com/self_improvement_youtube_channels/,2026-08-31,Not Contacted,Publicly listed creator/channel from 2026 niche directory. Verify current business email/DM from creator channel About/profile before sending.
Affiliate,Motivation and Self Improvement,Self Improvement,YouTube business inquiry / creator business contact,YouTube / business inquiry,https://www.youtube.com/results?search_query=Motivation+and+Self+Improvement,https://www.youtube.com/results?search_query=Motivation+and+Self+Improvement+focus+productivity+study,6,,"Audience is motivated by behavior change, discipline and practical self-management.","Pitch a behavioral commitment device that turns intention into an environment, with lifetime Pro to test.",https://videos.feedspot.com/self_improvement_youtube_channels/,2026-08-31,Not Contacted,Publicly listed creator/channel from 2026 niche directory. Verify current business email/DM from creator channel About/profile before sending.
Affiliate,Self-Improvement Warrior,Self Improvement,YouTube business inquiry / creator business contact,YouTube / business inquiry,https://www.youtube.com/results?search_query=Self-Improvement+Warrior,https://www.youtube.com/results?search_query=Self-Improvement+Warrior+focus+productivity+study,6,,"Audience is motivated by behavior change, discipline and practical self-management.","Pitch a behavioral commitment device that turns intention into an environment, with lifetime Pro to test.",https://videos.feedspot.com/self_improvement_youtube_channels/,2026-08-31,Not Contacted,Publicly listed creator/channel from 2026 niche directory. Verify current business email/DM from creator channel About/profile before sending.
Affiliate,FJG Personal Development The Manual To Life Project,Self Improvement,YouTube business inquiry / creator business contact,YouTube / business inquiry,https://www.youtube.com/results?search_query=FJG+Personal+Development+The+Manual+To+Life+Project,https://www.youtube.com/results?search_query=FJG+Personal+Development+The+Manual+To+Life+Project+focus+productivity+study,6,,"Audience is motivated by behavior change, discipline and practical self-management.","Pitch a behavioral commitment device that turns intention into an environment, with lifetime Pro to test.",https://videos.feedspot.com/self_improvement_youtube_channels/,2026-08-31,Not Contacted,Publicly listed creator/channel from 2026 niche directory. Verify current business email/DM from creator channel About/profile before sending.
Affiliate,The Improvement Initiative,Self Improvement,YouTube business inquiry / creator business contact,YouTube / business inquiry,https://www.youtube.com/results?search_query=The+Improvement+Initiative,https://www.youtube.com/results?search_query=The+Improvement+Initiative+focus+productivity+study,6,,"Audience is motivated by behavior change, discipline and practical self-management.","Pitch a behavioral commitment device that turns intention into an environment, with lifetime Pro to test.",https://videos.feedspot.com/self_improvement_youtube_channels/,2026-08-31,Not Contacted,Publicly listed creator/channel from 2026 niche directory. Verify current business email/DM from creator channel About/profile before sending.
Affiliate,1thousandonewords,Self Improvement,YouTube business inquiry / creator business contact,YouTube / business inquiry,https://www.youtube.com/results?search_query=1thousandonewords,https://www.youtube.com/results?search_query=1thousandonewords+focus+productivity+study,6,,"Audience is motivated by behavior change, discipline and practical self-management.","Pitch a behavioral commitment device that turns intention into an environment, with lifetime Pro to test.",https://videos.feedspot.com/self_improvement_youtube_channels/,2026-08-31,Not Contacted,Publicly listed creator/channel from 2026 niche directory. Verify current business email/DM from creator channel About/profile before sending.
Affiliate,Cheuky - Self Improvement,Self Improvement,YouTube business inquiry / creator business contact,YouTube / business inquiry,https://www.youtube.com/results?search_query=Cheuky+-+Self+Improvement,https://www.youtube.com/results?search_query=Cheuky+-+Self+Improvement+focus+productivity+study,6,,"Audience is motivated by behavior change, discipline and practical self-management.","Pitch a behavioral commitment device that turns intention into an environment, with lifetime Pro to test.",https://videos.feedspot.com/self_improvement_youtube_channels/,2026-08-31,Not Contacted,Publicly listed creator/channel from 2026 niche directory. Verify current business email/DM from creator channel About/profile before sending.
Affiliate,Ashlynne Eaton,Minimalism / Intentional Living,YouTube business inquiry / creator business contact,YouTube / business inquiry,https://www.youtube.com/results?search_query=Ashlynne+Eaton,https://www.youtube.com/results?search_query=Ashlynne+Eaton+focus+productivity+study,7,,Audience values intentional tech use and reducing digital noise.,"Pitch a calmer relationship with technology: fewer digital loopholes, more intentional computer use.",https://videos.feedspot.com/minimalist_youtube_channels/,2026-08-31,Not Contacted,Publicly listed creator/channel from 2026 niche directory. Verify current business email/DM from creator channel About/profile before sending.
Affiliate,Use Less,Minimalism / Intentional Living,YouTube business inquiry / creator business contact,YouTube / business inquiry,https://www.youtube.com/results?search_query=Use+Less,https://www.youtube.com/results?search_query=Use+Less+focus+productivity+study,7,,Audience values intentional tech use and reducing digital noise.,"Pitch a calmer relationship with technology: fewer digital loopholes, more intentional computer use.",https://videos.feedspot.com/minimalist_youtube_channels/,2026-08-31,Not Contacted,Publicly listed creator/channel from 2026 niche directory. Verify current business email/DM from creator channel About/profile before sending.
Affiliate,Minimalist Baker,Minimalism / Intentional Living,YouTube business inquiry / creator business contact,YouTube / business inquiry,https://www.youtube.com/results?search_query=Minimalist+Baker,https://www.youtube.com/results?search_query=Minimalist+Baker+focus+productivity+study,7,,Audience values intentional tech use and reducing digital noise.,"Pitch a calmer relationship with technology: fewer digital loopholes, more intentional computer use.",https://videos.feedspot.com/minimalist_youtube_channels/,2026-08-31,Not Contacted,Publicly listed creator/channel from 2026 niche directory. Verify current business email/DM from creator channel About/profile before sending.
Affiliate,FREE TO FRUGAL,Minimalism / Intentional Living,YouTube business inquiry / creator business contact,YouTube / business inquiry,https://www.youtube.com/results?search_query=FREE+TO+FRUGAL,https://www.youtube.com/results?search_query=FREE+TO+FRUGAL+focus+productivity+study,7,,Audience values intentional tech use and reducing digital noise.,"Pitch a calmer relationship with technology: fewer digital loopholes, more intentional computer use.",https://videos.feedspot.com/minimalist_youtube_channels/,2026-08-31,Not Contacted,Publicly listed creator/channel from 2026 niche directory. Verify current business email/DM from creator channel About/profile before sending.
Affiliate,Kyra Ann,Minimalism / Intentional Living,YouTube business inquiry / creator business contact,YouTube / business inquiry,https://www.youtube.com/results?search_query=Kyra+Ann,https://www.youtube.com/results?search_query=Kyra+Ann+focus+productivity+study,7,,Audience values intentional tech use and reducing digital noise.,"Pitch a calmer relationship with technology: fewer digital loopholes, more intentional computer use.",https://videos.feedspot.com/minimalist_youtube_channels/,2026-08-31,Not Contacted,Publicly listed creator/channel from 2026 niche directory. Verify current business email/DM from creator channel About/profile before sending.
Affiliate,Abundantly Minimal,Minimalism / Intentional Living,YouTube business inquiry / creator business contact,YouTube / business inquiry,https://www.youtube.com/results?search_query=Abundantly+Minimal,https://www.youtube.com/results?search_query=Abundantly+Minimal+focus+productivity+study,7,,Audience values intentional tech use and reducing digital noise.,"Pitch a calmer relationship with technology: fewer digital loopholes, more intentional computer use.",https://videos.feedspot.com/minimalist_youtube_channels/,2026-08-31,Not Contacted,Publicly listed creator/channel from 2026 niche directory. Verify current business email/DM from creator channel About/profile before sending.
Affiliate,Brittany Taylor,Minimalism / Intentional Living,YouTube business inquiry / creator business contact,YouTube / business inquiry,https://www.youtube.com/results?search_query=Brittany+Taylor,https://www.youtube.com/results?search_query=Brittany+Taylor+focus+productivity+study,7,,Audience values intentional tech use and reducing digital noise.,"Pitch a calmer relationship with technology: fewer digital loopholes, more intentional computer use.",https://videos.feedspot.com/minimalist_youtube_channels/,2026-08-31,Not Contacted,Publicly listed creator/channel from 2026 niche directory. Verify current business email/DM from creator channel About/profile before sending.
Affiliate,Anthony Ongaro,Minimalism / Intentional Living,YouTube business inquiry / creator business contact,YouTube / business inquiry,https://www.youtube.com/results?search_query=Anthony+Ongaro,https://www.youtube.com/results?search_query=Anthony+Ongaro+focus+productivity+study,7,,Audience values intentional tech use and reducing digital noise.,"Pitch a calmer relationship with technology: fewer digital loopholes, more intentional computer use.",https://videos.feedspot.com/minimalist_youtube_channels/,2026-08-31,Not Contacted,Publicly listed creator/channel from 2026 niche directory. Verify current business email/DM from creator channel About/profile before sending.
Affiliate,Amanda Round the Globe,Minimalism / Intentional Living,YouTube business inquiry / creator business contact,YouTube / business inquiry,https://www.youtube.com/results?search_query=Amanda+Round+the+Globe,https://www.youtube.com/results?search_query=Amanda+Round+the+Globe+focus+productivity+study,7,,Audience values intentional tech use and reducing digital noise.,"Pitch a calmer relationship with technology: fewer digital loopholes, more intentional computer use.",https://videos.feedspot.com/minimalist_youtube_channels/,2026-08-31,Not Contacted,Publicly listed creator/channel from 2026 niche directory. Verify current business email/DM from creator channel About/profile before sending.
Affiliate,Pick Up Limes,Minimalism / Intentional Living,YouTube business inquiry / creator business contact,YouTube / business inquiry,https://www.youtube.com/results?search_query=Pick+Up+Limes,https://www.youtube.com/results?search_query=Pick+Up+Limes+focus+productivity+study,7,,Audience values intentional tech use and reducing digital noise.,"Pitch a calmer relationship with technology: fewer digital loopholes, more intentional computer use.",https://videos.feedspot.com/minimalist_youtube_channels/,2026-08-31,Not Contacted,Publicly listed creator/channel from 2026 niche directory. Verify current business email/DM from creator channel About/profile before sending.
Affiliate,Matt D'Avella,Minimalism / Intentional Living,YouTube business inquiry / creator business contact,YouTube / business inquiry,https://www.youtube.com/results?search_query=Matt+D%27Avella,https://www.youtube.com/results?search_query=Matt+D%27Avella+focus+productivity+study,7,,Audience values intentional tech use and reducing digital noise.,"Pitch a calmer relationship with technology: fewer digital loopholes, more intentional computer use.",https://videos.feedspot.com/minimalist_youtube_channels/,2026-08-31,Not Contacted,Publicly listed creator/channel from 2026 niche directory. Verify current business email/DM from creator channel About/profile before sending.
Affiliate,Exploring Alternatives,Minimalism / Intentional Living,YouTube business inquiry / creator business contact,YouTube / business inquiry,https://www.youtube.com/results?search_query=Exploring+Alternatives,https://www.youtube.com/results?search_query=Exploring+Alternatives+focus+productivity+study,7,,Audience values intentional tech use and reducing digital noise.,"Pitch a calmer relationship with technology: fewer digital loopholes, more intentional computer use.",https://videos.feedspot.com/minimalist_youtube_channels/,2026-08-31,Not Contacted,Publicly listed creator/channel from 2026 niche directory. Verify current business email/DM from creator channel About/profile before sending.
Affiliate,Lavendaire,Minimalism / Intentional Living,YouTube business inquiry / creator business contact,YouTube / business inquiry,https://www.youtube.com/results?search_query=Lavendaire,https://www.youtube.com/results?search_query=Lavendaire+focus+productivity+study,7,,Audience values intentional tech use and reducing digital noise.,"Pitch a calmer relationship with technology: fewer digital loopholes, more intentional computer use.",https://videos.feedspot.com/minimalist_youtube_channels/,2026-08-31,Not Contacted,Publicly listed creator/channel from 2026 niche directory. Verify current business email/DM from creator channel About/profile before sending.
Affiliate,Raw Alignment,Minimalism / Intentional Living,YouTube business inquiry / creator business contact,YouTube / business inquiry,https://www.youtube.com/results?search_query=Raw+Alignment,https://www.youtube.com/results?search_query=Raw+Alignment+focus+productivity+study,7,,Audience values intentional tech use and reducing digital noise.,"Pitch a calmer relationship with technology: fewer digital loopholes, more intentional computer use.",https://videos.feedspot.com/minimalist_youtube_channels/,2026-08-31,Not Contacted,Publicly listed creator/channel from 2026 niche directory. Verify current business email/DM from creator channel About/profile before sending.
Affiliate,The Minimalists,Minimalism / Intentional Living,YouTube business inquiry / creator business contact,YouTube / business inquiry,https://www.youtube.com/results?search_query=The+Minimalists,https://www.youtube.com/results?search_query=The+Minimalists+focus+productivity+study,7,,Audience values intentional tech use and reducing digital noise.,"Pitch a calmer relationship with technology: fewer digital loopholes, more intentional computer use.",https://videos.feedspot.com/minimalist_youtube_channels/,2026-08-31,Not Contacted,Publicly listed creator/channel from 2026 niche directory. Verify current business email/DM from creator channel About/profile before sending.
Affiliate,Madeleine Olivia,Minimalism / Intentional Living,YouTube business inquiry / creator business contact,YouTube / business inquiry,https://www.youtube.com/results?search_query=Madeleine+Olivia,https://www.youtube.com/results?search_query=Madeleine+Olivia+focus+productivity+study,7,,Audience values intentional tech use and reducing digital noise.,"Pitch a calmer relationship with technology: fewer digital loopholes, more intentional computer use.",https://videos.feedspot.com/minimalist_youtube_channels/,2026-08-31,Not Contacted,Publicly listed creator/channel from 2026 niche directory. Verify current business email/DM from creator channel About/profile before sending.
Affiliate,Jenny Mustard,Minimalism / Intentional Living,YouTube business inquiry / creator business contact,YouTube / business inquiry,https://www.youtube.com/results?search_query=Jenny+Mustard,https://www.youtube.com/results?search_query=Jenny+Mustard+focus+productivity+study,7,,Audience values intentional tech use and reducing digital noise.,"Pitch a calmer relationship with technology: fewer digital loopholes, more intentional computer use.",https://videos.feedspot.com/minimalist_youtube_channels/,2026-08-31,Not Contacted,Publicly listed creator/channel from 2026 niche directory. Verify current business email/DM from creator channel About/profile before sending.
Affiliate,Muchelleb,Minimalism / Intentional Living,YouTube business inquiry / creator business contact,YouTube / business inquiry,https://www.youtube.com/results?search_query=Muchelleb,https://www.youtube.com/results?search_query=Muchelleb+focus+productivity+study,7,,Audience values intentional tech use and reducing digital noise.,"Pitch a calmer relationship with technology: fewer digital loopholes, more intentional computer use.",https://videos.feedspot.com/minimalist_youtube_channels/,2026-08-31,Not Contacted,Publicly listed creator/channel from 2026 niche directory. Verify current business email/DM from creator channel About/profile before sending.
Affiliate,Going Zero Waste,Minimalism / Intentional Living,YouTube business inquiry / creator business contact,YouTube / business inquiry,https://www.youtube.com/results?search_query=Going+Zero+Waste,https://www.youtube.com/results?search_query=Going+Zero+Waste+focus+productivity+study,7,,Audience values intentional tech use and reducing digital noise.,"Pitch a calmer relationship with technology: fewer digital loopholes, more intentional computer use.",https://videos.feedspot.com/minimalist_youtube_channels/,2026-08-31,Not Contacted,Publicly listed creator/channel from 2026 niche directory. Verify current business email/DM from creator channel About/profile before sending.
Affiliate,Lumiere d'Helen,Minimalism / Intentional Living,YouTube business inquiry / creator business contact,YouTube / business inquiry,https://www.youtube.com/results?search_query=Lumiere+d%27Helen,https://www.youtube.com/results?search_query=Lumiere+d%27Helen+focus+productivity+study,7,,Audience values intentional tech use and reducing digital noise.,"Pitch a calmer relationship with technology: fewer digital loopholes, more intentional computer use.",https://videos.feedspot.com/minimalist_youtube_channels/,2026-08-31,Not Contacted,Publicly listed creator/channel from 2026 niche directory. Verify current business email/DM from creator channel About/profile before sending.
Affiliate,Minimal Millennials,Minimalism / Intentional Living,YouTube business inquiry / creator business contact,YouTube / business inquiry,https://www.youtube.com/results?search_query=Minimal+Millennials,https://www.youtube.com/results?search_query=Minimal+Millennials+focus+productivity+study,7,,Audience values intentional tech use and reducing digital noise.,"Pitch a calmer relationship with technology: fewer digital loopholes, more intentional computer use.",https://videos.feedspot.com/minimalist_youtube_channels/,2026-08-31,Not Contacted,Publicly listed creator/channel from 2026 niche directory. Verify current business email/DM from creator channel About/profile before sending.
Affiliate,Living the life you love,Minimalism / Intentional Living,YouTube business inquiry / creator business contact,YouTube / business inquiry,https://www.youtube.com/results?search_query=Living+the+life+you+love,https://www.youtube.com/results?search_query=Living+the+life+you+love+focus+productivity+study,7,,Audience values intentional tech use and reducing digital noise.,"Pitch a calmer relationship with technology: fewer digital loopholes, more intentional computer use.",https://videos.feedspot.com/minimalist_youtube_channels/,2026-08-31,Not Contacted,Publicly listed creator/channel from 2026 niche directory. Verify current business email/DM from creator channel About/profile before sending.
Affiliate,My Green Closet,Minimalism / Intentional Living,YouTube business inquiry / creator business contact,YouTube / business inquiry,https://www.youtube.com/results?search_query=My+Green+Closet,https://www.youtube.com/results?search_query=My+Green+Closet+focus+productivity+study,7,,Audience values intentional tech use and reducing digital noise.,"Pitch a calmer relationship with technology: fewer digital loopholes, more intentional computer use.",https://videos.feedspot.com/minimalist_youtube_channels/,2026-08-31,Not Contacted,Publicly listed creator/channel from 2026 niche directory. Verify current business email/DM from creator channel About/profile before sending.
Affiliate,A Small Wardrobe,Minimalism / Intentional Living,YouTube business inquiry / creator business contact,YouTube / business inquiry,https://www.youtube.com/results?search_query=A+Small+Wardrobe,https://www.youtube.com/results?search_query=A+Small+Wardrobe+focus+productivity+study,7,,Audience values intentional tech use and reducing digital noise.,"Pitch a calmer relationship with technology: fewer digital loopholes, more intentional computer use.",https://videos.feedspot.com/minimalist_youtube_channels/,2026-08-31,Not Contacted,Publicly listed creator/channel from 2026 niche directory. Verify current business email/DM from creator channel About/profile before sending.
Affiliate,The Simplicity Diaries,Minimalism / Intentional Living,YouTube business inquiry / creator business contact,YouTube / business inquiry,https://www.youtube.com/results?search_query=The+Simplicity+Diaries,https://www.youtube.com/results?search_query=The+Simplicity+Diaries+focus+productivity+study,7,,Audience values intentional tech use and reducing digital noise.,"Pitch a calmer relationship with technology: fewer digital loopholes, more intentional computer use.",https://videos.feedspot.com/minimalist_youtube_channels/,2026-08-31,Not Contacted,Publicly listed creator/channel from 2026 niche directory. Verify current business email/DM from creator channel About/profile before sending.
Affiliate,HouseOfAesthetics,Minimalism / Intentional Living,YouTube business inquiry / creator business contact,YouTube / business inquiry,https://www.youtube.com/results?search_query=HouseOfAesthetics,https://www.youtube.com/results?search_query=HouseOfAesthetics+focus+productivity+study,7,,Audience values intentional tech use and reducing digital noise.,"Pitch a calmer relationship with technology: fewer digital loopholes, more intentional computer use.",https://videos.feedspot.com/minimalist_youtube_channels/,2026-08-31,Not Contacted,Publicly listed creator/channel from 2026 niche directory. Verify current business email/DM from creator channel About/profile before sending.
Affiliate,Minimalist Vegan Lifestyle,Minimalism / Intentional Living,YouTube business inquiry / creator business contact,YouTube / business inquiry,https://www.youtube.com/results?search_query=Minimalist+Vegan+Lifestyle,https://www.youtube.com/results?search_query=Minimalist+Vegan+Lifestyle+focus+productivity+study,7,,Audience values intentional tech use and reducing digital noise.,"Pitch a calmer relationship with technology: fewer digital loopholes, more intentional computer use.",https://videos.feedspot.com/minimalist_youtube_channels/,2026-08-31,Not Contacted,Publicly listed creator/channel from 2026 niche directory. Verify current business email/DM from creator channel About/profile before sending.
Affiliate,Rachel Aust,Minimalism / Intentional Living,YouTube business inquiry / creator business contact,YouTube / business inquiry,https://www.youtube.com/results?search_query=Rachel+Aust,https://www.youtube.com/results?search_query=Rachel+Aust+focus+productivity+study,7,,Audience values intentional tech use and reducing digital noise.,"Pitch a calmer relationship with technology: fewer digital loopholes, more intentional computer use.",https://videos.feedspot.com/minimalist_youtube_channels/,2026-08-31,Not Contacted,Publicly listed creator/channel from 2026 niche directory. Verify current business email/DM from creator channel About/profile before sending.
Affiliate,Ronald L. Banks,Minimalism / Intentional Living,YouTube business inquiry / creator business contact,YouTube / business inquiry,https://www.youtube.com/results?search_query=Ronald+L.+Banks,https://www.youtube.com/results?search_query=Ronald+L.+Banks+focus+productivity+study,7,,Audience values intentional tech use and reducing digital noise.,"Pitch a calmer relationship with technology: fewer digital loopholes, more intentional computer use.",https://videos.feedspot.com/minimalist_youtube_channels/,2026-08-31,Not Contacted,Publicly listed creator/channel from 2026 niche directory. Verify current business email/DM from creator channel About/profile before sending.
Affiliate,MJ Gordon,Minimalism / Intentional Living,YouTube business inquiry / creator business contact,YouTube / business inquiry,https://www.youtube.com/results?search_query=MJ+Gordon,https://www.youtube.com/results?search_query=MJ+Gordon+focus+productivity+study,7,,Audience values intentional tech use and reducing digital noise.,"Pitch a calmer relationship with technology: fewer digital loopholes, more intentional computer use.",https://videos.feedspot.com/minimalist_youtube_channels/,2026-08-31,Not Contacted,Publicly listed creator/channel from 2026 niche directory. Verify current business email/DM from creator channel About/profile before sending.
Affiliate,More Melody,Minimalism / Intentional Living,YouTube business inquiry / creator business contact,YouTube / business inquiry,https://www.youtube.com/results?search_query=More+Melody,https://www.youtube.com/results?search_query=More+Melody+focus+productivity+study,7,,Audience values intentional tech use and reducing digital noise.,"Pitch a calmer relationship with technology: fewer digital loopholes, more intentional computer use.",https://videos.feedspot.com/minimalist_youtube_channels/,2026-08-31,Not Contacted,Publicly listed creator/channel from 2026 niche directory. Verify current business email/DM from creator channel About/profile before sending.
Affiliate,Messy Minimalist,Minimalism / Intentional Living,YouTube business inquiry / creator business contact,YouTube / business inquiry,https://www.youtube.com/results?search_query=Messy+Minimalist,https://www.youtube.com/results?search_query=Messy+Minimalist+focus+productivity+study,7,,Audience values intentional tech use and reducing digital noise.,"Pitch a calmer relationship with technology: fewer digital loopholes, more intentional computer use.",https://videos.feedspot.com/minimalist_youtube_channels/,2026-08-31,Not Contacted,Publicly listed creator/channel from 2026 niche directory. Verify current business email/DM from creator channel About/profile before sending.
Affiliate,Vegan Nomad Chick,Minimalism / Intentional Living,YouTube business inquiry / creator business contact,YouTube / business inquiry,https://www.youtube.com/results?search_query=Vegan+Nomad+Chick,https://www.youtube.com/results?search_query=Vegan+Nomad+Chick+focus+productivity+study,7,,Audience values intentional tech use and reducing digital noise.,"Pitch a calmer relationship with technology: fewer digital loopholes, more intentional computer use.",https://videos.feedspot.com/minimalist_youtube_channels/,2026-08-31,Not Contacted,Publicly listed creator/channel from 2026 niche directory. Verify current business email/DM from creator channel About/profile before sending.
Affiliate,The Girl Gone Green,Minimalism / Intentional Living,YouTube business inquiry / creator business contact,YouTube / business inquiry,https://www.youtube.com/results?search_query=The+Girl+Gone+Green,https://www.youtube.com/results?search_query=The+Girl+Gone+Green+focus+productivity+study,7,,Audience values intentional tech use and reducing digital noise.,"Pitch a calmer relationship with technology: fewer digital loopholes, more intentional computer use.",https://videos.feedspot.com/minimalist_youtube_channels/,2026-08-31,Not Contacted,Publicly listed creator/channel from 2026 niche directory. Verify current business email/DM from creator channel About/profile before sending.
Affiliate,Conor McMillen Artist,Minimalism / Intentional Living,YouTube business inquiry / creator business contact,YouTube / business inquiry,https://www.youtube.com/results?search_query=Conor+McMillen+Artist,https://www.youtube.com/results?search_query=Conor+McMillen+Artist+focus+productivity+study,7,,Audience values intentional tech use and reducing digital noise.,"Pitch a calmer relationship with technology: fewer digital loopholes, more intentional computer use.",https://videos.feedspot.com/minimalist_youtube_channels/,2026-08-31,Not Contacted,Publicly listed creator/channel from 2026 niche directory. Verify current business email/DM from creator channel About/profile before sending.
Affiliate,Minimalist Keto,Minimalism / Intentional Living,YouTube business inquiry / creator business contact,YouTube / business inquiry,https://www.youtube.com/results?search_query=Minimalist+Keto,https://www.youtube.com/results?search_query=Minimalist+Keto+focus+productivity+study,7,,Audience values intentional tech use and reducing digital noise.,"Pitch a calmer relationship with technology: fewer digital loopholes, more intentional computer use.",https://videos.feedspot.com/minimalist_youtube_channels/,2026-08-31,Not Contacted,Publicly listed creator/channel from 2026 niche directory. Verify current business email/DM from creator channel About/profile before sending.
Affiliate,TaraWhiteTalks,Minimalism / Intentional Living,YouTube business inquiry / creator business contact,YouTube / business inquiry,https://www.youtube.com/results?search_query=TaraWhiteTalks,https://www.youtube.com/results?search_query=TaraWhiteTalks+focus+productivity+study,7,,Audience values intentional tech use and reducing digital noise.,"Pitch a calmer relationship with technology: fewer digital loopholes, more intentional computer use.",https://videos.feedspot.com/minimalist_youtube_channels/,2026-08-31,Not Contacted,Publicly listed creator/channel from 2026 niche directory. Verify current business email/DM from creator channel About/profile before sending.
Affiliate,The Minimalist Maker,Minimalism / Intentional Living,YouTube business inquiry / creator business contact,YouTube / business inquiry,https://www.youtube.com/results?search_query=The+Minimalist+Maker,https://www.youtube.com/results?search_query=The+Minimalist+Maker+focus+productivity+study,7,,Audience values intentional tech use and reducing digital noise.,"Pitch a calmer relationship with technology: fewer digital loopholes, more intentional computer use.",https://videos.feedspot.com/minimalist_youtube_channels/,2026-08-31,Not Contacted,Publicly listed creator/channel from 2026 niche directory. Verify current business email/DM from creator channel About/profile before sending.
Affiliate,The Minimalist Ninja,Minimalism / Intentional Living,YouTube business inquiry / creator business contact,YouTube / business inquiry,https://www.youtube.com/results?search_query=The+Minimalist+Ninja,https://www.youtube.com/results?search_query=The+Minimalist+Ninja+focus+productivity+study,7,,Audience values intentional tech use and reducing digital noise.,"Pitch a calmer relationship with technology: fewer digital loopholes, more intentional computer use.",https://videos.feedspot.com/minimalist_youtube_channels/,2026-08-31,Not Contacted,Publicly listed creator/channel from 2026 niche directory. Verify current business email/DM from creator channel About/profile before sending.
Affiliate,Lia's Loft,Minimalism / Intentional Living,YouTube business inquiry / creator business contact,YouTube / business inquiry,https://www.youtube.com/results?search_query=Lia%27s+Loft,https://www.youtube.com/results?search_query=Lia%27s+Loft+focus+productivity+study,7,,Audience values intentional tech use and reducing digital noise.,"Pitch a calmer relationship with technology: fewer digital loopholes, more intentional computer use.",https://videos.feedspot.com/minimalist_youtube_channels/,2026-08-31,Not Contacted,Publicly listed creator/channel from 2026 niche directory. Verify current business email/DM from creator channel About/profile before sending.
Affiliate,Vested Interests,Minimalism / Intentional Living,YouTube business inquiry / creator business contact,YouTube / business inquiry,https://www.youtube.com/results?search_query=Vested+Interests,https://www.youtube.com/results?search_query=Vested+Interests+focus+productivity+study,7,,Audience values intentional tech use and reducing digital noise.,"Pitch a calmer relationship with technology: fewer digital loopholes, more intentional computer use.",https://videos.feedspot.com/minimalist_youtube_channels/,2026-08-31,Not Contacted,Publicly listed creator/channel from 2026 niche directory. Verify current business email/DM from creator channel About/profile before sending.
Affiliate,Darci Isabella,Minimalism / Intentional Living,YouTube business inquiry / creator business contact,YouTube / business inquiry,https://www.youtube.com/results?search_query=Darci+Isabella,https://www.youtube.com/results?search_query=Darci+Isabella+focus+productivity+study,7,,Audience values intentional tech use and reducing digital noise.,"Pitch a calmer relationship with technology: fewer digital loopholes, more intentional computer use.",https://videos.feedspot.com/minimalist_youtube_channels/,2026-08-31,Not Contacted,Publicly listed creator/channel from 2026 niche directory. Verify current business email/DM from creator channel About/profile before sending.
Affiliate,Indian Minimalist Mom,Minimalism / Intentional Living,YouTube business inquiry / creator business contact,YouTube / business inquiry,https://www.youtube.com/results?search_query=Indian+Minimalist+Mom,https://www.youtube.com/results?search_query=Indian+Minimalist+Mom+focus+productivity+study,7,,Audience values intentional tech use and reducing digital noise.,"Pitch a calmer relationship with technology: fewer digital loopholes, more intentional computer use.",https://videos.feedspot.com/minimalist_youtube_channels/,2026-08-31,Not Contacted,Publicly listed creator/channel from 2026 niche directory. Verify current business email/DM from creator channel About/profile before sending.
Affiliate,Elizabeth Grace,Minimalism / Intentional Living,YouTube business inquiry / creator business contact,YouTube / business inquiry,https://www.youtube.com/results?search_query=Elizabeth+Grace,https://www.youtube.com/results?search_query=Elizabeth+Grace+focus+productivity+study,7,,Audience values intentional tech use and reducing digital noise.,"Pitch a calmer relationship with technology: fewer digital loopholes, more intentional computer use.",https://videos.feedspot.com/minimalist_youtube_channels/,2026-08-31,Not Contacted,Publicly listed creator/channel from 2026 niche directory. Verify current business email/DM from creator channel About/profile before sending.
Affiliate,Minimom,Minimalism / Intentional Living,YouTube business inquiry / creator business contact,YouTube / business inquiry,https://www.youtube.com/results?search_query=Minimom,https://www.youtube.com/results?search_query=Minimom+focus+productivity+study,7,,Audience values intentional tech use and reducing digital noise.,"Pitch a calmer relationship with technology: fewer digital loopholes, more intentional computer use.",https://videos.feedspot.com/minimalist_youtube_channels/,2026-08-31,Not Contacted,Publicly listed creator/channel from 2026 niche directory. Verify current business email/DM from creator channel About/profile before sending.
Affiliate,Barnetta Bradley,Minimalism / Intentional Living,YouTube business inquiry / creator business contact,YouTube / business inquiry,https://www.youtube.com/results?search_query=Barnetta+Bradley,https://www.youtube.com/results?search_query=Barnetta+Bradley+focus+productivity+study,7,,Audience values intentional tech use and reducing digital noise.,"Pitch a calmer relationship with technology: fewer digital loopholes, more intentional computer use.",https://videos.feedspot.com/minimalist_youtube_channels/,2026-08-31,Not Contacted,Publicly listed creator/channel from 2026 niche directory. Verify current business email/DM from creator channel About/profile before sending.
Affiliate,Strawberry Elli,Minimalism / Intentional Living,YouTube business inquiry / creator business contact,YouTube / business inquiry,https://www.youtube.com/results?search_query=Strawberry+Elli,https://www.youtube.com/results?search_query=Strawberry+Elli+focus+productivity+study,7,,Audience values intentional tech use and reducing digital noise.,"Pitch a calmer relationship with technology: fewer digital loopholes, more intentional computer use.",https://videos.feedspot.com/minimalist_youtube_channels/,2026-08-31,Not Contacted,Publicly listed creator/channel from 2026 niche directory. Verify current business email/DM from creator channel About/profile before sending.
Affiliate,Sarah Nourse,Minimalism / Intentional Living,YouTube business inquiry / creator business contact,YouTube / business inquiry,https://www.youtube.com/results?search_query=Sarah+Nourse,https://www.youtube.com/results?search_query=Sarah+Nourse+focus+productivity+study,7,,Audience values intentional tech use and reducing digital noise.,"Pitch a calmer relationship with technology: fewer digital loopholes, more intentional computer use.",https://videos.feedspot.com/minimalist_youtube_channels/,2026-08-31,Not Contacted,Publicly listed creator/channel from 2026 niche directory. Verify current business email/DM from creator channel About/profile before sending.
Affiliate,Maximizing Minimalism,Minimalism / Intentional Living,YouTube business inquiry / creator business contact,YouTube / business inquiry,https://www.youtube.com/results?search_query=Maximizing+Minimalism,https://www.youtube.com/results?search_query=Maximizing+Minimalism+focus+productivity+study,7,,Audience values intentional tech use and reducing digital noise.,"Pitch a calmer relationship with technology: fewer digital loopholes, more intentional computer use.",https://videos.feedspot.com/minimalist_youtube_channels/,2026-08-31,Not Contacted,Publicly listed creator/channel from 2026 niche directory. Verify current business email/DM from creator channel About/profile before sending.
Affiliate,The Bad Minimalist,Minimalism / Intentional Living,YouTube business inquiry / creator business contact,YouTube / business inquiry,https://www.youtube.com/results?search_query=The+Bad+Minimalist,https://www.youtube.com/results?search_query=The+Bad+Minimalist+focus+productivity+study,7,,Audience values intentional tech use and reducing digital noise.,"Pitch a calmer relationship with technology: fewer digital loopholes, more intentional computer use.",https://videos.feedspot.com/minimalist_youtube_channels/,2026-08-31,Not Contacted,Publicly listed creator/channel from 2026 niche directory. Verify current business email/DM from creator channel About/profile before sending.
Affiliate,simplytiffany,Minimalism / Intentional Living,YouTube business inquiry / creator business contact,YouTube / business inquiry,https://www.youtube.com/results?search_query=simplytiffany,https://www.youtube.com/results?search_query=simplytiffany+focus+productivity+study,7,,Audience values intentional tech use and reducing digital noise.,"Pitch a calmer relationship with technology: fewer digital loopholes, more intentional computer use.",https://videos.feedspot.com/minimalist_youtube_channels/,2026-08-31,Not Contacted,Publicly listed creator/channel from 2026 niche directory. Verify current business email/DM from creator channel About/profile before sending.
Affiliate,The Not Busy Life,Minimalism / Intentional Living,YouTube business inquiry / creator business contact,YouTube / business inquiry,https://www.youtube.com/results?search_query=The+Not+Busy+Life,https://www.youtube.com/results?search_query=The+Not+Busy+Life+focus+productivity+study,7,,Audience values intentional tech use and reducing digital noise.,"Pitch a calmer relationship with technology: fewer digital loopholes, more intentional computer use.",https://videos.feedspot.com/minimalist_youtube_channels/,2026-08-31,Not Contacted,Publicly listed creator/channel from 2026 niche directory. Verify current business email/DM from creator channel About/profile before sending.
Affiliate,The Minimalism Series,Minimalism / Intentional Living,YouTube business inquiry / creator business contact,YouTube / business inquiry,https://www.youtube.com/results?search_query=The+Minimalism+Series,https://www.youtube.com/results?search_query=The+Minimalism+Series+focus+productivity+study,7,,Audience values intentional tech use and reducing digital noise.,"Pitch a calmer relationship with technology: fewer digital loopholes, more intentional computer use.",https://videos.feedspot.com/minimalist_youtube_channels/,2026-08-31,Not Contacted,Publicly listed creator/channel from 2026 niche directory. Verify current business email/DM from creator channel About/profile before sending.
Affiliate,Kay's Closet,Minimalism / Intentional Living,YouTube business inquiry / creator business contact,YouTube / business inquiry,https://www.youtube.com/results?search_query=Kay%27s+Closet,https://www.youtube.com/results?search_query=Kay%27s+Closet+focus+productivity+study,7,,Audience values intentional tech use and reducing digital noise.,"Pitch a calmer relationship with technology: fewer digital loopholes, more intentional computer use.",https://videos.feedspot.com/minimalist_youtube_channels/,2026-08-31,Not Contacted,Publicly listed creator/channel from 2026 niche directory. Verify current business email/DM from creator channel About/profile before sending.
Affiliate,msrob0t,Minimalism / Intentional Living,YouTube business inquiry / creator business contact,YouTube / business inquiry,https://www.youtube.com/results?search_query=msrob0t,https://www.youtube.com/results?search_query=msrob0t+focus+productivity+study,7,,Audience values intentional tech use and reducing digital noise.,"Pitch a calmer relationship with technology: fewer digital loopholes, more intentional computer use.",https://videos.feedspot.com/minimalist_youtube_channels/,2026-08-31,Not Contacted,Publicly listed creator/channel from 2026 niche directory. Verify current business email/DM from creator channel About/profile before sending.
Affiliate,Ally D Minimally,Minimalism / Intentional Living,YouTube business inquiry / creator business contact,YouTube / business inquiry,https://www.youtube.com/results?search_query=Ally+D+Minimally,https://www.youtube.com/results?search_query=Ally+D+Minimally+focus+productivity+study,7,,Audience values intentional tech use and reducing digital noise.,"Pitch a calmer relationship with technology: fewer digital loopholes, more intentional computer use.",https://videos.feedspot.com/minimalist_youtube_channels/,2026-08-31,Not Contacted,Publicly listed creator/channel from 2026 niche directory. Verify current business email/DM from creator channel About/profile before sending.
Affiliate,Ali Abdaal,Medical / Intensive Study Creators,YouTube business inquiry / creator business contact,YouTube / business inquiry,https://www.youtube.com/results?search_query=Ali+Abdaal,https://www.youtube.com/results?search_query=Ali+Abdaal+focus+productivity+study,8,,"Audience does high-stakes, laptop-heavy studying and is sensitive to procrastination.",Pitch a 7-day exam/deep-study lock-in challenge and affiliate link after genuine use.,https://videos.feedspot.com/medical_student_youtube_channels/,2026-08-31,Not Contacted,Publicly listed creator/channel from 2026 niche directory. Verify current business email/DM from creator channel About/profile before sending.
Affiliate,Violin MD,Medical / Intensive Study Creators,YouTube business inquiry / creator business contact,YouTube / business inquiry,https://www.youtube.com/results?search_query=Violin+MD,https://www.youtube.com/results?search_query=Violin+MD+focus+productivity+study,8,,"Audience does high-stakes, laptop-heavy studying and is sensitive to procrastination.",Pitch a 7-day exam/deep-study lock-in challenge and affiliate link after genuine use.,https://videos.feedspot.com/medical_student_youtube_channels/,2026-08-31,Not Contacted,Publicly listed creator/channel from 2026 niche directory. Verify current business email/DM from creator channel About/profile before sending.
Affiliate,america,Medical / Intensive Study Creators,YouTube business inquiry / creator business contact,YouTube / business inquiry,https://www.youtube.com/results?search_query=america,https://www.youtube.com/results?search_query=america+focus+productivity+study,8,,"Audience does high-stakes, laptop-heavy studying and is sensitive to procrastination.",Pitch a 7-day exam/deep-study lock-in challenge and affiliate link after genuine use.,https://videos.feedspot.com/medical_student_youtube_channels/,2026-08-31,Not Contacted,Publicly listed creator/channel from 2026 niche directory. Verify current business email/DM from creator channel About/profile before sending.
Affiliate,Anas Nuur Ali,Medical / Intensive Study Creators,YouTube business inquiry / creator business contact,YouTube / business inquiry,https://www.youtube.com/results?search_query=Anas+Nuur+Ali,https://www.youtube.com/results?search_query=Anas+Nuur+Ali+focus+productivity+study,8,,"Audience does high-stakes, laptop-heavy studying and is sensitive to procrastination.",Pitch a 7-day exam/deep-study lock-in challenge and affiliate link after genuine use.,https://videos.feedspot.com/medical_student_youtube_channels/,2026-08-31,Not Contacted,Publicly listed creator/channel from 2026 niche directory. Verify current business email/DM from creator channel About/profile before sending.
Affiliate,twinklinglena,Medical / Intensive Study Creators,YouTube business inquiry / creator business contact,YouTube / business inquiry,https://www.youtube.com/results?search_query=twinklinglena,https://www.youtube.com/results?search_query=twinklinglena+focus+productivity+study,8,,"Audience does high-stakes, laptop-heavy studying and is sensitive to procrastination.",Pitch a 7-day exam/deep-study lock-in challenge and affiliate link after genuine use.,https://videos.feedspot.com/medical_student_youtube_channels/,2026-08-31,Not Contacted,Publicly listed creator/channel from 2026 niche directory. Verify current business email/DM from creator channel About/profile before sending.
Affiliate,Nellah Grace,Medical / Intensive Study Creators,YouTube business inquiry / creator business contact,YouTube / business inquiry,https://www.youtube.com/results?search_query=Nellah+Grace,https://www.youtube.com/results?search_query=Nellah+Grace+focus+productivity+study,8,,"Audience does high-stakes, laptop-heavy studying and is sensitive to procrastination.",Pitch a 7-day exam/deep-study lock-in challenge and affiliate link after genuine use.,https://videos.feedspot.com/medical_student_youtube_channels/,2026-08-31,Not Contacted,Publicly listed creator/channel from 2026 niche directory. Verify current business email/DM from creator channel About/profile before sending.
Affiliate,White Coat Chronicles,Medical / Intensive Study Creators,YouTube business inquiry / creator business contact,YouTube / business inquiry,https://www.youtube.com/results?search_query=White+Coat+Chronicles,https://www.youtube.com/results?search_query=White+Coat+Chronicles+focus+productivity+study,8,,"Audience does high-stakes, laptop-heavy studying and is sensitive to procrastination.",Pitch a 7-day exam/deep-study lock-in challenge and affiliate link after genuine use.,https://videos.feedspot.com/medical_student_youtube_channels/,2026-08-31,Not Contacted,Publicly listed creator/channel from 2026 niche directory. Verify current business email/DM from creator channel About/profile before sending.
Affiliate,yana patel YouTube,Medical / Intensive Study Creators,YouTube business inquiry / creator business contact,YouTube / business inquiry,https://www.youtube.com/results?search_query=yana+patel+YouTube,https://www.youtube.com/results?search_query=yana+patel+YouTube+focus+productivity+study,8,,"Audience does high-stakes, laptop-heavy studying and is sensitive to procrastination.",Pitch a 7-day exam/deep-study lock-in challenge and affiliate link after genuine use.,https://videos.feedspot.com/medical_student_youtube_channels/,2026-08-31,Not Contacted,Publicly listed creator/channel from 2026 niche directory. Verify current business email/DM from creator channel About/profile before sending.
Affiliate,Oluwabusola Deju,Medical / Intensive Study Creators,YouTube business inquiry / creator business contact,YouTube / business inquiry,https://www.youtube.com/results?search_query=Oluwabusola+Deju,https://www.youtube.com/results?search_query=Oluwabusola+Deju+focus+productivity+study,8,,"Audience does high-stakes, laptop-heavy studying and is sensitive to procrastination.",Pitch a 7-day exam/deep-study lock-in challenge and affiliate link after genuine use.,https://videos.feedspot.com/medical_student_youtube_channels/,2026-08-31,Not Contacted,Publicly listed creator/channel from 2026 niche directory. Verify current business email/DM from creator channel About/profile before sending.
Affiliate,Making it in Med | Australia,Medical / Intensive Study Creators,YouTube business inquiry / creator business contact,YouTube / business inquiry,https://www.youtube.com/results?search_query=Making+it+in+Med+%7C+Australia,https://www.youtube.com/results?search_query=Making+it+in+Med+%7C+Australia+focus+productivity+study,8,,"Audience does high-stakes, laptop-heavy studying and is sensitive to procrastination.",Pitch a 7-day exam/deep-study lock-in challenge and affiliate link after genuine use.,https://videos.feedspot.com/medical_student_youtube_channels/,2026-08-31,Not Contacted,Publicly listed creator/channel from 2026 niche directory. Verify current business email/DM from creator channel About/profile before sending.
Affiliate,Lauren Dinh,Medical / Intensive Study Creators,YouTube business inquiry / creator business contact,YouTube / business inquiry,https://www.youtube.com/results?search_query=Lauren+Dinh,https://www.youtube.com/results?search_query=Lauren+Dinh+focus+productivity+study,8,,"Audience does high-stakes, laptop-heavy studying and is sensitive to procrastination.",Pitch a 7-day exam/deep-study lock-in challenge and affiliate link after genuine use.,https://videos.feedspot.com/medical_student_youtube_channels/,2026-08-31,Not Contacted,Publicly listed creator/channel from 2026 niche directory. Verify current business email/DM from creator channel About/profile before sending.
Affiliate,Amanda Shaw,Medical / Intensive Study Creators,YouTube business inquiry / creator business contact,YouTube / business inquiry,https://www.youtube.com/results?search_query=Amanda+Shaw,https://www.youtube.com/results?search_query=Amanda+Shaw+focus+productivity+study,8,,"Audience does high-stakes, laptop-heavy studying and is sensitive to procrastination.",Pitch a 7-day exam/deep-study lock-in challenge and affiliate link after genuine use.,https://videos.feedspot.com/medical_student_youtube_channels/,2026-08-31,Not Contacted,Publicly listed creator/channel from 2026 niche directory. Verify current business email/DM from creator channel About/profile before sending.
Affiliate,TheStriveToFit,Medical / Intensive Study Creators,YouTube business inquiry / creator business contact,YouTube / business inquiry,https://www.youtube.com/results?search_query=TheStriveToFit,https://www.youtube.com/results?search_query=TheStriveToFit+focus+productivity+study,8,,"Audience does high-stakes, laptop-heavy studying and is sensitive to procrastination.",Pitch a 7-day exam/deep-study lock-in challenge and affiliate link after genuine use.,https://videos.feedspot.com/medical_student_youtube_channels/,2026-08-31,Not Contacted,Publicly listed creator/channel from 2026 niche directory. Verify current business email/DM from creator channel About/profile before sending.
Affiliate,Soony Sun,Medical / Intensive Study Creators,YouTube business inquiry / creator business contact,YouTube / business inquiry,https://www.youtube.com/results?search_query=Soony+Sun,https://www.youtube.com/results?search_query=Soony+Sun+focus+productivity+study,8,,"Audience does high-stakes, laptop-heavy studying and is sensitive to procrastination.",Pitch a 7-day exam/deep-study lock-in challenge and affiliate link after genuine use.,https://videos.feedspot.com/medical_student_youtube_channels/,2026-08-31,Not Contacted,Publicly listed creator/channel from 2026 niche directory. Verify current business email/DM from creator channel About/profile before sending.
Affiliate,MedBros,Medical / Intensive Study Creators,YouTube business inquiry / creator business contact,YouTube / business inquiry,https://www.youtube.com/results?search_query=MedBros,https://www.youtube.com/results?search_query=MedBros+focus+productivity+study,8,,"Audience does high-stakes, laptop-heavy studying and is sensitive to procrastination.",Pitch a 7-day exam/deep-study lock-in challenge and affiliate link after genuine use.,https://videos.feedspot.com/medical_student_youtube_channels/,2026-08-31,Not Contacted,Publicly listed creator/channel from 2026 niche directory. Verify current business email/DM from creator channel About/profile before sending.
Affiliate,mahadotcom,Medical / Intensive Study Creators,YouTube business inquiry / creator business contact,YouTube / business inquiry,https://www.youtube.com/results?search_query=mahadotcom,https://www.youtube.com/results?search_query=mahadotcom+focus+productivity+study,8,,"Audience does high-stakes, laptop-heavy studying and is sensitive to procrastination.",Pitch a 7-day exam/deep-study lock-in challenge and affiliate link after genuine use.,https://videos.feedspot.com/medical_student_youtube_channels/,2026-08-31,Not Contacted,Publicly listed creator/channel from 2026 niche directory. Verify current business email/DM from creator channel About/profile before sending.
Affiliate,TheBrittnyWay,Medical / Intensive Study Creators,YouTube business inquiry / creator business contact,YouTube / business inquiry,https://www.youtube.com/results?search_query=TheBrittnyWay,https://www.youtube.com/results?search_query=TheBrittnyWay+focus+productivity+study,8,,"Audience does high-stakes, laptop-heavy studying and is sensitive to procrastination.",Pitch a 7-day exam/deep-study lock-in challenge and affiliate link after genuine use.,https://videos.feedspot.com/medical_student_youtube_channels/,2026-08-31,Not Contacted,Publicly listed creator/channel from 2026 niche directory. Verify current business email/DM from creator channel About/profile before sending.
Affiliate,EJ_Fitness,Medical / Intensive Study Creators,YouTube business inquiry / creator business contact,YouTube / business inquiry,https://www.youtube.com/results?search_query=EJ_Fitness,https://www.youtube.com/results?search_query=EJ_Fitness+focus+productivity+study,8,,"Audience does high-stakes, laptop-heavy studying and is sensitive to procrastination.",Pitch a 7-day exam/deep-study lock-in challenge and affiliate link after genuine use.,https://videos.feedspot.com/medical_student_youtube_channels/,2026-08-31,Not Contacted,Publicly listed creator/channel from 2026 niche directory. Verify current business email/DM from creator channel About/profile before sending.
Affiliate,Ana Camille,Medical / Intensive Study Creators,YouTube business inquiry / creator business contact,YouTube / business inquiry,https://www.youtube.com/results?search_query=Ana+Camille,https://www.youtube.com/results?search_query=Ana+Camille+focus+productivity+study,8,,"Audience does high-stakes, laptop-heavy studying and is sensitive to procrastination.",Pitch a 7-day exam/deep-study lock-in challenge and affiliate link after genuine use.,https://videos.feedspot.com/medical_student_youtube_channels/,2026-08-31,Not Contacted,Publicly listed creator/channel from 2026 niche directory. Verify current business email/DM from creator channel About/profile before sending.
Affiliate,Jai Medicine,Medical / Intensive Study Creators,YouTube business inquiry / creator business contact,YouTube / business inquiry,https://www.youtube.com/results?search_query=Jai+Medicine,https://www.youtube.com/results?search_query=Jai+Medicine+focus+productivity+study,8,,"Audience does high-stakes, laptop-heavy studying and is sensitive to procrastination.",Pitch a 7-day exam/deep-study lock-in challenge and affiliate link after genuine use.,https://videos.feedspot.com/medical_student_youtube_channels/,2026-08-31,Not Contacted,Publicly listed creator/channel from 2026 niche directory. Verify current business email/DM from creator channel About/profile before sending.
Affiliate,Ishwari Chandran,Medical / Intensive Study Creators,YouTube business inquiry / creator business contact,YouTube / business inquiry,https://www.youtube.com/results?search_query=Ishwari+Chandran,https://www.youtube.com/results?search_query=Ishwari+Chandran+focus+productivity+study,8,,"Audience does high-stakes, laptop-heavy studying and is sensitive to procrastination.",Pitch a 7-day exam/deep-study lock-in challenge and affiliate link after genuine use.,https://videos.feedspot.com/medical_student_youtube_channels/,2026-08-31,Not Contacted,Publicly listed creator/channel from 2026 niche directory. Verify current business email/DM from creator channel About/profile before sending.
Affiliate,Sean MS2,Medical / Intensive Study Creators,YouTube business inquiry / creator business contact,YouTube / business inquiry,https://www.youtube.com/results?search_query=Sean+MS2,https://www.youtube.com/results?search_query=Sean+MS2+focus+productivity+study,8,,"Audience does high-stakes, laptop-heavy studying and is sensitive to procrastination.",Pitch a 7-day exam/deep-study lock-in challenge and affiliate link after genuine use.,https://videos.feedspot.com/medical_student_youtube_channels/,2026-08-31,Not Contacted,Publicly listed creator/channel from 2026 niche directory. Verify current business email/DM from creator channel About/profile before sending.
Affiliate,JaneandJady,Medical / Intensive Study Creators,YouTube business inquiry / creator business contact,YouTube / business inquiry,https://www.youtube.com/results?search_query=JaneandJady,https://www.youtube.com/results?search_query=JaneandJady+focus+productivity+study,8,,"Audience does high-stakes, laptop-heavy studying and is sensitive to procrastination.",Pitch a 7-day exam/deep-study lock-in challenge and affiliate link after genuine use.,https://videos.feedspot.com/medical_student_youtube_channels/,2026-08-31,Not Contacted,Publicly listed creator/channel from 2026 niche directory. Verify current business email/DM from creator channel About/profile before sending.
Affiliate,RUYINA ETENG's MEDIC DIARY,Medical / Intensive Study Creators,YouTube business inquiry / creator business contact,YouTube / business inquiry,https://www.youtube.com/results?search_query=RUYINA+ETENG%27s+MEDIC+DIARY,https://www.youtube.com/results?search_query=RUYINA+ETENG%27s+MEDIC+DIARY+focus+productivity+study,8,,"Audience does high-stakes, laptop-heavy studying and is sensitive to procrastination.",Pitch a 7-day exam/deep-study lock-in challenge and affiliate link after genuine use.,https://videos.feedspot.com/medical_student_youtube_channels/,2026-08-31,Not Contacted,Publicly listed creator/channel from 2026 niche directory. Verify current business email/DM from creator channel About/profile before sending.
Affiliate,Aesthetic Academic,Medical / Intensive Study Creators,YouTube business inquiry / creator business contact,YouTube / business inquiry,https://www.youtube.com/results?search_query=Aesthetic+Academic,https://www.youtube.com/results?search_query=Aesthetic+Academic+focus+productivity+study,8,,"Audience does high-stakes, laptop-heavy studying and is sensitive to procrastination.",Pitch a 7-day exam/deep-study lock-in challenge and affiliate link after genuine use.,https://videos.feedspot.com/medical_student_youtube_channels/,2026-08-31,Not Contacted,Publicly listed creator/channel from 2026 niche directory. Verify current business email/DM from creator channel About/profile before sending.
Affiliate,Marlee Mason-Maready,Medical / Intensive Study Creators,YouTube business inquiry / creator business contact,YouTube / business inquiry,https://www.youtube.com/results?search_query=Marlee+Mason-Maready,https://www.youtube.com/results?search_query=Marlee+Mason-Maready+focus+productivity+study,8,,"Audience does high-stakes, laptop-heavy studying and is sensitive to procrastination.",Pitch a 7-day exam/deep-study lock-in challenge and affiliate link after genuine use.,https://videos.feedspot.com/medical_student_youtube_channels/,2026-08-31,Not Contacted,Publicly listed creator/channel from 2026 niche directory. Verify current business email/DM from creator channel About/profile before sending.
Affiliate,Zuha Shyma,Medical / Intensive Study Creators,YouTube business inquiry / creator business contact,YouTube / business inquiry,https://www.youtube.com/results?search_query=Zuha+Shyma,https://www.youtube.com/results?search_query=Zuha+Shyma+focus+productivity+study,8,,"Audience does high-stakes, laptop-heavy studying and is sensitive to procrastination.",Pitch a 7-day exam/deep-study lock-in challenge and affiliate link after genuine use.,https://videos.feedspot.com/medical_student_youtube_channels/,2026-08-31,Not Contacted,Publicly listed creator/channel from 2026 niche directory. Verify current business email/DM from creator channel About/profile before sending.
Affiliate,obgyn made easy,Medical / Intensive Study Creators,YouTube business inquiry / creator business contact,YouTube / business inquiry,https://www.youtube.com/results?search_query=obgyn+made+easy,https://www.youtube.com/results?search_query=obgyn+made+easy+focus+productivity+study,8,,"Audience does high-stakes, laptop-heavy studying and is sensitive to procrastination.",Pitch a 7-day exam/deep-study lock-in challenge and affiliate link after genuine use.,https://videos.feedspot.com/medical_student_youtube_channels/,2026-08-31,Not Contacted,Publicly listed creator/channel from 2026 niche directory. Verify current business email/DM from creator channel About/profile before sending.
Affiliate,Kaiwen's World,Medical / Intensive Study Creators,YouTube business inquiry / creator business contact,YouTube / business inquiry,https://www.youtube.com/results?search_query=Kaiwen%27s+World,https://www.youtube.com/results?search_query=Kaiwen%27s+World+focus+productivity+study,8,,"Audience does high-stakes, laptop-heavy studying and is sensitive to procrastination.",Pitch a 7-day exam/deep-study lock-in challenge and affiliate link after genuine use.,https://videos.feedspot.com/medical_student_youtube_channels/,2026-08-31,Not Contacted,Publicly listed creator/channel from 2026 niche directory. Verify current business email/DM from creator channel About/profile before sending.
Affiliate,Aryan Dariush,Medical / Intensive Study Creators,YouTube business inquiry / creator business contact,YouTube / business inquiry,https://www.youtube.com/results?search_query=Aryan+Dariush,https://www.youtube.com/results?search_query=Aryan+Dariush+focus+productivity+study,8,,"Audience does high-stakes, laptop-heavy studying and is sensitive to procrastination.",Pitch a 7-day exam/deep-study lock-in challenge and affiliate link after genuine use.,https://videos.feedspot.com/medical_student_youtube_channels/,2026-08-31,Not Contacted,Publicly listed creator/channel from 2026 niche directory. Verify current business email/DM from creator channel About/profile before sending.
Affiliate,South African Medical Student,Medical / Intensive Study Creators,YouTube business inquiry / creator business contact,YouTube / business inquiry,https://www.youtube.com/results?search_query=South+African+Medical+Student,https://www.youtube.com/results?search_query=South+African+Medical+Student+focus+productivity+study,8,,"Audience does high-stakes, laptop-heavy studying and is sensitive to procrastination.",Pitch a 7-day exam/deep-study lock-in challenge and affiliate link after genuine use.,https://videos.feedspot.com/medical_student_youtube_channels/,2026-08-31,Not Contacted,Publicly listed creator/channel from 2026 niche directory. Verify current business email/DM from creator channel About/profile before sending.
Affiliate,Asia See31Thirty,Medical / Intensive Study Creators,YouTube business inquiry / creator business contact,YouTube / business inquiry,https://www.youtube.com/results?search_query=Asia+See31Thirty,https://www.youtube.com/results?search_query=Asia+See31Thirty+focus+productivity+study,8,,"Audience does high-stakes, laptop-heavy studying and is sensitive to procrastination.",Pitch a 7-day exam/deep-study lock-in challenge and affiliate link after genuine use.,https://videos.feedspot.com/medical_student_youtube_channels/,2026-08-31,Not Contacted,Publicly listed creator/channel from 2026 niche directory. Verify current business email/DM from creator channel About/profile before sending.
Affiliate,Vlogs by Gio,Medical / Intensive Study Creators,YouTube business inquiry / creator business contact,YouTube / business inquiry,https://www.youtube.com/results?search_query=Vlogs+by+Gio,https://www.youtube.com/results?search_query=Vlogs+by+Gio+focus+productivity+study,8,,"Audience does high-stakes, laptop-heavy studying and is sensitive to procrastination.",Pitch a 7-day exam/deep-study lock-in challenge and affiliate link after genuine use.,https://videos.feedspot.com/medical_student_youtube_channels/,2026-08-31,Not Contacted,Publicly listed creator/channel from 2026 niche directory. Verify current business email/DM from creator channel About/profile before sending.
Affiliate,Rashid,Medical / Intensive Study Creators,YouTube business inquiry / creator business contact,YouTube / business inquiry,https://www.youtube.com/results?search_query=Rashid,https://www.youtube.com/results?search_query=Rashid+focus+productivity+study,8,,"Audience does high-stakes, laptop-heavy studying and is sensitive to procrastination.",Pitch a 7-day exam/deep-study lock-in challenge and affiliate link after genuine use.,https://videos.feedspot.com/medical_student_youtube_channels/,2026-08-31,Not Contacted,Publicly listed creator/channel from 2026 niche directory. Verify current business email/DM from creator channel About/profile before sending.
Affiliate,The Girly MD,Medical / Intensive Study Creators,YouTube business inquiry / creator business contact,YouTube / business inquiry,https://www.youtube.com/results?search_query=The+Girly+MD,https://www.youtube.com/results?search_query=The+Girly+MD+focus+productivity+study,8,,"Audience does high-stakes, laptop-heavy studying and is sensitive to procrastination.",Pitch a 7-day exam/deep-study lock-in challenge and affiliate link after genuine use.,https://videos.feedspot.com/medical_student_youtube_channels/,2026-08-31,Not Contacted,Publicly listed creator/channel from 2026 niche directory. Verify current business email/DM from creator channel About/profile before sending.
Affiliate,Ososee,Medical / Intensive Study Creators,YouTube business inquiry / creator business contact,YouTube / business inquiry,https://www.youtube.com/results?search_query=Ososee,https://www.youtube.com/results?search_query=Ososee+focus+productivity+study,8,,"Audience does high-stakes, laptop-heavy studying and is sensitive to procrastination.",Pitch a 7-day exam/deep-study lock-in challenge and affiliate link after genuine use.,https://videos.feedspot.com/medical_student_youtube_channels/,2026-08-31,Not Contacted,Publicly listed creator/channel from 2026 niche directory. Verify current business email/DM from creator channel About/profile before sending.
Affiliate,Dan The Medic,Medical / Intensive Study Creators,YouTube business inquiry / creator business contact,YouTube / business inquiry,https://www.youtube.com/results?search_query=Dan+The+Medic,https://www.youtube.com/results?search_query=Dan+The+Medic+focus+productivity+study,8,,"Audience does high-stakes, laptop-heavy studying and is sensitive to procrastination.",Pitch a 7-day exam/deep-study lock-in challenge and affiliate link after genuine use.,https://videos.feedspot.com/medical_student_youtube_channels/,2026-08-31,Not Contacted,Publicly listed creator/channel from 2026 niche directory. Verify current business email/DM from creator channel About/profile before sending.
Affiliate,Paulina Villanueva,Medical / Intensive Study Creators,YouTube business inquiry / creator business contact,YouTube / business inquiry,https://www.youtube.com/results?search_query=Paulina+Villanueva,https://www.youtube.com/results?search_query=Paulina+Villanueva+focus+productivity+study,8,,"Audience does high-stakes, laptop-heavy studying and is sensitive to procrastination.",Pitch a 7-day exam/deep-study lock-in challenge and affiliate link after genuine use.,https://videos.feedspot.com/medical_student_youtube_channels/,2026-08-31,Not Contacted,Publicly listed creator/channel from 2026 niche directory. Verify current business email/DM from creator channel About/profile before sending.
Affiliate,Darius Med,Medical / Intensive Study Creators,YouTube business inquiry / creator business contact,YouTube / business inquiry,https://www.youtube.com/results?search_query=Darius+Med,https://www.youtube.com/results?search_query=Darius+Med+focus+productivity+study,8,,"Audience does high-stakes, laptop-heavy studying and is sensitive to procrastination.",Pitch a 7-day exam/deep-study lock-in challenge and affiliate link after genuine use.,https://videos.feedspot.com/medical_student_youtube_channels/,2026-08-31,Not Contacted,Publicly listed creator/channel from 2026 niche directory. Verify current business email/DM from creator channel About/profile before sending.
Affiliate,ToniAntoinetteXO,Medical / Intensive Study Creators,YouTube business inquiry / creator business contact,YouTube / business inquiry,https://www.youtube.com/results?search_query=ToniAntoinetteXO,https://www.youtube.com/results?search_query=ToniAntoinetteXO+focus+productivity+study,8,,"Audience does high-stakes, laptop-heavy studying and is sensitive to procrastination.",Pitch a 7-day exam/deep-study lock-in challenge and affiliate link after genuine use.,https://videos.feedspot.com/medical_student_youtube_channels/,2026-08-31,Not Contacted,Publicly listed creator/channel from 2026 niche directory. Verify current business email/DM from creator channel About/profile before sending.
Affiliate,Thomas Frank,Productivity,YouTube business inquiry / creator business contact,YouTube / business inquiry,https://www.youtube.com/results?search_query=Thomas+Frank,https://www.youtube.com/results?search_query=Thomas+Frank+focus+productivity+study,9,,Audience actively seeks tools and systems for focus and execution.,Offer lifetime Pro and a generous affiliate share; lead with 'normal blockers fail because the off switch is one click away.',https://videos.feedspot.com/productivity_youtube_channels/,2026-08-31,Not Contacted,Publicly listed creator/channel from 2026 niche directory. Verify current business email/DM from creator channel About/profile before sending.
Affiliate,Paul Minors,Productivity,YouTube business inquiry / creator business contact,YouTube / business inquiry,https://www.youtube.com/results?search_query=Paul+Minors,https://www.youtube.com/results?search_query=Paul+Minors+focus+productivity+study,9,,Audience actively seeks tools and systems for focus and execution.,Offer lifetime Pro and a generous affiliate share; lead with 'normal blockers fail because the off switch is one click away.',https://videos.feedspot.com/productivity_youtube_channels/,2026-08-31,Not Contacted,Publicly listed creator/channel from 2026 niche directory. Verify current business email/DM from creator channel About/profile before sending.
Affiliate,Business Productivity,Productivity,YouTube business inquiry / creator business contact,YouTube / business inquiry,https://www.youtube.com/results?search_query=Business+Productivity,https://www.youtube.com/results?search_query=Business+Productivity+focus+productivity+study,10,,Audience actively seeks tools and systems for focus and execution.,Offer lifetime Pro and a generous affiliate share; lead with 'normal blockers fail because the off switch is one click away.',https://videos.feedspot.com/productivity_youtube_channels/,2026-08-31,Not Contacted,Publicly listed creator/channel from 2026 niche directory. Verify current business email/DM from creator channel About/profile before sending.
Affiliate,Productivity Academy,Productivity,YouTube business inquiry / creator business contact,YouTube / business inquiry,https://www.youtube.com/results?search_query=Productivity+Academy,https://www.youtube.com/results?search_query=Productivity+Academy+focus+productivity+study,10,,Audience actively seeks tools and systems for focus and execution.,Offer lifetime Pro and a generous affiliate share; lead with 'normal blockers fail because the off switch is one click away.',https://videos.feedspot.com/productivity_youtube_channels/,2026-08-31,Not Contacted,Publicly listed creator/channel from 2026 niche directory. Verify current business email/DM from creator channel About/profile before sending.
Affiliate,Asian Efficiency,Productivity,YouTube business inquiry / creator business contact,YouTube / business inquiry,https://www.youtube.com/results?search_query=Asian+Efficiency,https://www.youtube.com/results?search_query=Asian+Efficiency+focus+productivity+study,9,,Audience actively seeks tools and systems for focus and execution.,Offer lifetime Pro and a generous affiliate share; lead with 'normal blockers fail because the off switch is one click away.',https://videos.feedspot.com/productivity_youtube_channels/,2026-08-31,Not Contacted,Publicly listed creator/channel from 2026 niche directory. Verify current business email/DM from creator channel About/profile before sending.
Affiliate,Productivityist,Productivity,YouTube business inquiry / creator business contact,YouTube / business inquiry,https://www.youtube.com/results?search_query=Productivityist,https://www.youtube.com/results?search_query=Productivityist+focus+productivity+study,10,,Audience actively seeks tools and systems for focus and execution.,Offer lifetime Pro and a generous affiliate share; lead with 'normal blockers fail because the off switch is one click away.',https://videos.feedspot.com/productivity_youtube_channels/,2026-08-31,Not Contacted,Publicly listed creator/channel from 2026 niche directory. Verify current business email/DM from creator channel About/profile before sending.
Affiliate,Organized Audrey,Productivity,YouTube business inquiry / creator business contact,YouTube / business inquiry,https://www.youtube.com/results?search_query=Organized+Audrey,https://www.youtube.com/results?search_query=Organized+Audrey+focus+productivity+study,9,,Audience actively seeks tools and systems for focus and execution.,Offer lifetime Pro and a generous affiliate share; lead with 'normal blockers fail because the off switch is one click away.',https://videos.feedspot.com/productivity_youtube_channels/,2026-08-31,Not Contacted,Publicly listed creator/channel from 2026 niche directory. Verify current business email/DM from creator channel About/profile before sending.
Affiliate,Granger Productivity | Study Productive,Productivity,YouTube business inquiry / creator business contact,YouTube / business inquiry,https://www.youtube.com/results?search_query=Granger+Productivity+%7C+Study+Productive,https://www.youtube.com/results?search_query=Granger+Productivity+%7C+Study+Productive+focus+productivity+study,10,,Audience actively seeks tools and systems for focus and execution.,Offer lifetime Pro and a generous affiliate share; lead with 'normal blockers fail because the off switch is one click away.',https://videos.feedspot.com/productivity_youtube_channels/,2026-08-31,Not Contacted,Publicly listed creator/channel from 2026 niche directory. Verify current business email/DM from creator channel About/profile before sending.
Affiliate,Full Spectrum Productivity,Productivity,YouTube business inquiry / creator business contact,YouTube / business inquiry,https://www.youtube.com/results?search_query=Full+Spectrum+Productivity,https://www.youtube.com/results?search_query=Full+Spectrum+Productivity+focus+productivity+study,10,,Audience actively seeks tools and systems for focus and execution.,Offer lifetime Pro and a generous affiliate share; lead with 'normal blockers fail because the off switch is one click away.',https://videos.feedspot.com/productivity_youtube_channels/,2026-08-31,Not Contacted,Publicly listed creator/channel from 2026 niche directory. Verify current business email/DM from creator channel About/profile before sending.
Affiliate,Wisdom & Productivity {by Dr. Efraín Martínez},Productivity,YouTube business inquiry / creator business contact,YouTube / business inquiry,https://www.youtube.com/results?search_query=Wisdom+%26+Productivity+%7Bby+Dr.+Efra%C3%ADn+Mart%C3%ADnez%7D,https://www.youtube.com/results?search_query=Wisdom+%26+Productivity+%7Bby+Dr.+Efra%C3%ADn+Mart%C3%ADnez%7D+focus+productivity+study,10,,Audience actively seeks tools and systems for focus and execution.,Offer lifetime Pro and a generous affiliate share; lead with 'normal blockers fail because the off switch is one click away.',https://videos.feedspot.com/productivity_youtube_channels/,2026-08-31,Not Contacted,Publicly listed creator/channel from 2026 niche directory. Verify current business email/DM from creator channel About/profile before sending.
Affiliate,Productivity Tube,Productivity,YouTube business inquiry / creator business contact,YouTube / business inquiry,https://www.youtube.com/results?search_query=Productivity+Tube,https://www.youtube.com/results?search_query=Productivity+Tube+focus+productivity+study,10,,Audience actively seeks tools and systems for focus and execution.,Offer lifetime Pro and a generous affiliate share; lead with 'normal blockers fail because the off switch is one click away.',https://videos.feedspot.com/productivity_youtube_channels/,2026-08-31,Not Contacted,Publicly listed creator/channel from 2026 niche directory. Verify current business email/DM from creator channel About/profile before sending.
Affiliate,All in Good Time,Productivity,YouTube business inquiry / creator business contact,YouTube / business inquiry,https://www.youtube.com/results?search_query=All+in+Good+Time,https://www.youtube.com/results?search_query=All+in+Good+Time+focus+productivity+study,10,,Audience actively seeks tools and systems for focus and execution.,Offer lifetime Pro and a generous affiliate share; lead with 'normal blockers fail because the off switch is one click away.',https://videos.feedspot.com/productivity_youtube_channels/,2026-08-31,Not Contacted,Publicly listed creator/channel from 2026 niche directory. Verify current business email/DM from creator channel About/profile before sending.
Affiliate,Mike Strives ⚡️,Productivity,YouTube business inquiry / creator business contact,YouTube / business inquiry,https://www.youtube.com/results?search_query=Mike+Strives+%E2%9A%A1%EF%B8%8F,https://www.youtube.com/results?search_query=Mike+Strives+%E2%9A%A1%EF%B8%8F+focus+productivity+study,9,,Audience actively seeks tools and systems for focus and execution.,Offer lifetime Pro and a generous affiliate share; lead with 'normal blockers fail because the off switch is one click away.',https://videos.feedspot.com/productivity_youtube_channels/,2026-08-31,Not Contacted,Publicly listed creator/channel from 2026 niche directory. Verify current business email/DM from creator channel About/profile before sending.
Affiliate,Carson Tate | Productive Information,Productivity,YouTube business inquiry / creator business contact,YouTube / business inquiry,https://www.youtube.com/results?search_query=Carson+Tate+%7C+Productive+Information,https://www.youtube.com/results?search_query=Carson+Tate+%7C+Productive+Information+focus+productivity+study,10,,Audience actively seeks tools and systems for focus and execution.,Offer lifetime Pro and a generous affiliate share; lead with 'normal blockers fail because the off switch is one click away.',https://videos.feedspot.com/productivity_youtube_channels/,2026-08-31,Not Contacted,Publicly listed creator/channel from 2026 niche directory. Verify current business email/DM from creator channel About/profile before sending.
Affiliate,Simpletivity,Time Management,YouTube business inquiry / creator business contact,YouTube / business inquiry,https://www.youtube.com/results?search_query=Simpletivity,https://www.youtube.com/results?search_query=Simpletivity+focus+productivity+study,9,,"Audience already values commitment, time blocks, and focus systems.",Position Talysman as a way to make time-blocking commitments harder to casually break.,https://videos.feedspot.com/time_management_youtube_channels/,2026-08-31,Not Contacted,Publicly listed creator/channel from 2026 niche directory. Verify current business email/DM from creator channel About/profile before sending.
Affiliate,Chris Croft,Time Management,YouTube business inquiry / creator business contact,YouTube / business inquiry,https://www.youtube.com/results?search_query=Chris+Croft,https://www.youtube.com/results?search_query=Chris+Croft+focus+productivity+study,9,,"Audience already values commitment, time blocks, and focus systems.",Position Talysman as a way to make time-blocking commitments harder to casually break.,https://videos.feedspot.com/time_management_youtube_channels/,2026-08-31,Not Contacted,Publicly listed creator/channel from 2026 niche directory. Verify current business email/DM from creator channel About/profile before sending.
Affiliate,Turner Time Management,Time Management,YouTube business inquiry / creator business contact,YouTube / business inquiry,https://www.youtube.com/results?search_query=Turner+Time+Management,https://www.youtube.com/results?search_query=Turner+Time+Management+focus+productivity+study,10,,"Audience already values commitment, time blocks, and focus systems.",Position Talysman as a way to make time-blocking commitments harder to casually break.,https://videos.feedspot.com/time_management_youtube_channels/,2026-08-31,Not Contacted,Publicly listed creator/channel from 2026 niche directory. Verify current business email/DM from creator channel About/profile before sending.
Affiliate,TimeFlies - Time Management,Time Management,YouTube business inquiry / creator business contact,YouTube / business inquiry,https://www.youtube.com/results?search_query=TimeFlies+-+Time+Management,https://www.youtube.com/results?search_query=TimeFlies+-+Time+Management+focus+productivity+study,10,,"Audience already values commitment, time blocks, and focus systems.",Position Talysman as a way to make time-blocking commitments harder to casually break.,https://videos.feedspot.com/time_management_youtube_channels/,2026-08-31,Not Contacted,Publicly listed creator/channel from 2026 niche directory. Verify current business email/DM from creator channel About/profile before sending.
Affiliate,Time Timer,Time Management,YouTube business inquiry / creator business contact,YouTube / business inquiry,https://www.youtube.com/results?search_query=Time+Timer,https://www.youtube.com/results?search_query=Time+Timer+focus+productivity+study,10,,"Audience already values commitment, time blocks, and focus systems.",Position Talysman as a way to make time-blocking commitments harder to casually break.,https://videos.feedspot.com/time_management_youtube_channels/,2026-08-31,Not Contacted,Publicly listed creator/channel from 2026 niche directory. Verify current business email/DM from creator channel About/profile before sending.
Affiliate,Time Management Systems,Time Management,YouTube business inquiry / creator business contact,YouTube / business inquiry,https://www.youtube.com/results?search_query=Time+Management+Systems,https://www.youtube.com/results?search_query=Time+Management+Systems+focus+productivity+study,10,,"Audience already values commitment, time blocks, and focus systems.",Position Talysman as a way to make time-blocking commitments harder to casually break.,https://videos.feedspot.com/time_management_youtube_channels/,2026-08-31,Not Contacted,Publicly listed creator/channel from 2026 niche directory. Verify current business email/DM from creator channel About/profile before sending.
Affiliate,Time Management,Time Management,YouTube business inquiry / creator business contact,YouTube / business inquiry,https://www.youtube.com/results?search_query=Time+Management,https://www.youtube.com/results?search_query=Time+Management+focus+productivity+study,10,,"Audience already values commitment, time blocks, and focus systems.",Position Talysman as a way to make time-blocking commitments harder to casually break.,https://videos.feedspot.com/time_management_youtube_channels/,2026-08-31,Not Contacted,Publicly listed creator/channel from 2026 niche directory. Verify current business email/DM from creator channel About/profile before sending.
Affiliate,Time Management and Productivity,Time Management,YouTube business inquiry / creator business contact,YouTube / business inquiry,https://www.youtube.com/results?search_query=Time+Management+and+Productivity,https://www.youtube.com/results?search_query=Time+Management+and+Productivity+focus+productivity+study,10,,"Audience already values commitment, time blocks, and focus systems.",Position Talysman as a way to make time-blocking commitments harder to casually break.,https://videos.feedspot.com/time_management_youtube_channels/,2026-08-31,Not Contacted,Publicly listed creator/channel from 2026 niche directory. Verify current business email/DM from creator channel About/profile before sending.
Affiliate,Merve,Study With Me,YouTube business inquiry / creator business contact,YouTube / business inquiry,https://www.youtube.com/results?search_query=Merve,https://www.youtube.com/results?search_query=Merve+focus+productivity+study,10,,Audience already spends long laptop sessions trying to stay focused.,Offer lifetime Pro; pitch Talysman as a physical-friction experiment their audience can use during study-with-me sessions.,https://wiingy.com/research/study-with-me-youtube-channels/,2026-08-31,Not Contacted,Publicly listed creator/channel from 2026 niche directory. Verify current business email/DM from creator channel About/profile before sending.
Affiliate,Abao in Tokyo,Study With Me,YouTube business inquiry / creator business contact,YouTube / business inquiry,https://www.youtube.com/results?search_query=Abao+in+Tokyo,https://www.youtube.com/results?search_query=Abao+in+Tokyo+focus+productivity+study,10,,Audience already spends long laptop sessions trying to stay focused.,Offer lifetime Pro; pitch Talysman as a physical-friction experiment their audience can use during study-with-me sessions.,https://wiingy.com/research/study-with-me-youtube-channels/,2026-08-31,Not Contacted,Publicly listed creator/channel from 2026 niche directory. Verify current business email/DM from creator channel About/profile before sending.
Affiliate,James Scholz,Study With Me,YouTube business inquiry / creator business contact,YouTube / business inquiry,https://www.youtube.com/results?search_query=James+Scholz,https://www.youtube.com/results?search_query=James+Scholz+focus+productivity+study,10,,Audience already spends long laptop sessions trying to stay focused.,Offer lifetime Pro; pitch Talysman as a physical-friction experiment their audience can use during study-with-me sessions.,https://wiingy.com/research/study-with-me-youtube-channels/,2026-08-31,Not Contacted,Publicly listed creator/channel from 2026 niche directory. Verify current business email/DM from creator channel About/profile before sending.
Affiliate,Pike Channel,Study With Me,YouTube business inquiry / creator business contact,YouTube / business inquiry,https://www.youtube.com/results?search_query=Pike+Channel,https://www.youtube.com/results?search_query=Pike+Channel+focus+productivity+study,10,,Audience already spends long laptop sessions trying to stay focused.,Offer lifetime Pro; pitch Talysman as a physical-friction experiment their audience can use during study-with-me sessions.,https://wiingy.com/research/study-with-me-youtube-channels/,2026-08-31,Not Contacted,Publicly listed creator/channel from 2026 niche directory. Verify current business email/DM from creator channel About/profile before sending.
Affiliate,StudyMD,Study With Me,YouTube business inquiry / creator business contact,YouTube / business inquiry,https://www.youtube.com/results?search_query=StudyMD,https://www.youtube.com/results?search_query=StudyMD+focus+productivity+study,10,,Audience already spends long laptop sessions trying to stay focused.,Offer lifetime Pro; pitch Talysman as a physical-friction experiment their audience can use during study-with-me sessions.,https://wiingy.com/research/study-with-me-youtube-channels/,2026-08-31,Not Contacted,Publicly listed creator/channel from 2026 niche directory. Verify current business email/DM from creator channel About/profile before sending.
Affiliate,The Sherry Formula,Study With Me,YouTube business inquiry / creator business contact,YouTube / business inquiry,https://www.youtube.com/results?search_query=The+Sherry+Formula,https://www.youtube.com/results?search_query=The+Sherry+Formula+focus+productivity+study,10,,Audience already spends long laptop sessions trying to stay focused.,Offer lifetime Pro; pitch Talysman as a physical-friction experiment their audience can use during study-with-me sessions.,https://wiingy.com/research/study-with-me-youtube-channels/,2026-08-31,Not Contacted,Publicly listed creator/channel from 2026 niche directory. Verify current business email/DM from creator channel About/profile before sending.
Affiliate,Cram With Nessa,Study With Me,YouTube business inquiry / creator business contact,YouTube / business inquiry,https://www.youtube.com/results?search_query=Cram+With+Nessa,https://www.youtube.com/results?search_query=Cram+With+Nessa+focus+productivity+study,10,,Audience already spends long laptop sessions trying to stay focused.,Offer lifetime Pro; pitch Talysman as a physical-friction experiment their audience can use during study-with-me sessions.,https://wiingy.com/research/study-with-me-youtube-channels/,2026-08-31,Not Contacted,Publicly listed creator/channel from 2026 niche directory. Verify current business email/DM from creator channel About/profile before sending.
Affiliate,Flexi,Study With Me,YouTube business inquiry / creator business contact,YouTube / business inquiry,https://www.youtube.com/results?search_query=Flexi,https://www.youtube.com/results?search_query=Flexi+focus+productivity+study,10,,Audience already spends long laptop sessions trying to stay focused.,Offer lifetime Pro; pitch Talysman as a physical-friction experiment their audience can use during study-with-me sessions.,https://wiingy.com/research/study-with-me-youtube-channels/,2026-08-31,Not Contacted,Publicly listed creator/channel from 2026 niche directory. Verify current business email/DM from creator channel About/profile before sending.
Affiliate,Lofi Girl,Study With Me,YouTube business inquiry / creator business contact,YouTube / business inquiry,https://www.youtube.com/results?search_query=Lofi+Girl,https://www.youtube.com/results?search_query=Lofi+Girl+focus+productivity+study,10,,Audience already spends long laptop sessions trying to stay focused.,Offer lifetime Pro; pitch Talysman as a physical-friction experiment their audience can use during study-with-me sessions.,https://wiingy.com/research/study-with-me-youtube-channels/,2026-08-31,Not Contacted,Publicly listed creator/channel from 2026 niche directory. Verify current business email/DM from creator channel About/profile before sending.
Affiliate,Chillhop Music,Study With Me,YouTube business inquiry / creator business contact,YouTube / business inquiry,https://www.youtube.com/results?search_query=Chillhop+Music,https://www.youtube.com/results?search_query=Chillhop+Music+focus+productivity+study,10,,Audience already spends long laptop sessions trying to stay focused.,Offer lifetime Pro; pitch Talysman as a physical-friction experiment their audience can use during study-with-me sessions.,https://wiingy.com/research/study-with-me-youtube-channels/,2026-08-31,Not Contacted,Publicly listed creator/channel from 2026 niche directory. Verify current business email/DM from creator channel About/profile before sending.
Affiliate,Study with Yoo,Study / Productivity,springofyoo@gmail.com,Email,https://www.youtube.com/watch?v=UiTvBUCdhGE,https://www.youtube.com/watch?v=UiTvBUCdhGE,10,36.7K,"Creator has explicitly made content about studying, productivity, distraction or digital minimalism.","Reference the specific video, offer lifetime Pro with no posting obligation, then mention affiliate upside if they genuinely like it.",https://www.youtube.com/watch?v=UiTvBUCdhGE,2026-08-31,Not Contacted,Direct public contact surfaced in video description/search result.
Affiliate,harshibar,Study / Productivity,Instagram DM @harshibar,Instagram,https://www.youtube.com/watch?v=FcG4hT1gMEM,https://www.youtube.com/watch?v=FcG4hT1gMEM,9,86.9K,"Creator has explicitly made content about studying, productivity, distraction or digital minimalism.","Reference the specific video, offer lifetime Pro with no posting obligation, then mention affiliate upside if they genuinely like it.",https://www.youtube.com/watch?v=FcG4hT1gMEM,2026-08-31,Not Contacted,Direct public contact surfaced in video description/search result.
Affiliate,Better Creating,Study / Productivity,Instagram DM @bettercreating,Instagram,https://www.youtube.com/watch?v=U7SG8UrTt4w,https://www.youtube.com/watch?v=U7SG8UrTt4w,9,258K,"Creator has explicitly made content about studying, productivity, distraction or digital minimalism.","Reference the specific video, offer lifetime Pro with no posting obligation, then mention affiliate upside if they genuinely like it.",https://www.youtube.com/watch?v=U7SG8UrTt4w,2026-08-31,Not Contacted,Direct public contact surfaced in video description/search result.
