Prospect Type,Gatekeeper / Organization,Decision Maker / Role,Category,Institution / Community,Geography,Approx. Reachable Group Size,Best Contact,Contact Type,Contact URL,Official / Community Page,Why Members Fit Talysman,Recommended Pilot Pitch,Suggested First CTA,Accessibility Score (1-10),Audience Fit Score (1-10),Pilot Value Score (1-10),Source URL,Verification Date,Outreach Status,Notes
Initial User Gatekeeper,HackPrix Season 3,,Hackathon Organizer,Major League Hacking member event,"Hyderabad, Telangana, IN",,Organizer contact / partnership route on event website,Website / contact form,https://s3.hackprix.tech,https://s3.hackprix.tech,"Hackathon attendees are laptop-heavy student builders who work in long, distraction-prone sessions.",Developer Deep-Work Challenge: give attendees free Pro for a 7-day build sprint.,Would you be open to sharing a free 7-day focus challenge with participants?,8,10,9,https://www.mlh.com/seasons/2027/events,2026-08-31,Not Contacted,Event name/location/site verified on MLH season schedule; use event site's current contact/team page.
Initial User Gatekeeper,JAMHacks 10,,Hackathon Organizer,Major League Hacking member event,"Waterloo, Ontario, CA",,Organizer contact / partnership route on event website,Website / contact form,https://jamhacks.ca,https://jamhacks.ca,"Hackathon attendees are laptop-heavy student builders who work in long, distraction-prone sessions.",Developer Deep-Work Challenge: give attendees free Pro for a 7-day build sprint.,Would you be open to sharing a free 7-day focus challenge with participants?,8,10,9,https://www.mlh.com/seasons/2027/events,2026-08-31,Not Contacted,Event name/location/site verified on MLH season schedule; use event site's current contact/team page.
Initial User Gatekeeper,Global Hack Week: Hacking for Good,,Hackathon Organizer,Major League Hacking member event,Worldwide,,Organizer contact / partnership route on event website,Website / contact form,https://events.mlh.io,https://events.mlh.io,"Hackathon attendees are laptop-heavy student builders who work in long, distraction-prone sessions.",Developer Deep-Work Challenge: give attendees free Pro for a 7-day build sprint.,Would you be open to sharing a free 7-day focus challenge with participants?,8,10,9,https://www.mlh.com/seasons/2027/events,2026-08-31,Not Contacted,Event name/location/site verified on MLH season schedule; use event site's current contact/team page.
Initial User Gatekeeper,Hack4Her,,Hackathon Organizer,Major League Hacking member event,"Monterrey, Nuevo Leon, MX",,Organizer contact / partnership route on event website,Website / contact form,https://www.hack4her.com,https://www.hack4her.com,"Hackathon attendees are laptop-heavy student builders who work in long, distraction-prone sessions.",Developer Deep-Work Challenge: give attendees free Pro for a 7-day build sprint.,Would you be open to sharing a free 7-day focus challenge with participants?,8,10,9,https://www.mlh.com/seasons/2027/events,2026-08-31,Not Contacted,Event name/location/site verified on MLH season schedule; use event site's current contact/team page.
Initial User Gatekeeper,MPC Hacks,,Hackathon Organizer,Major League Hacking member event,"Montreal, Quebec, CA",,Organizer contact / partnership route on event website,Website / contact form,https://mpchacks.com,https://mpchacks.com,"Hackathon attendees are laptop-heavy student builders who work in long, distraction-prone sessions.",Developer Deep-Work Challenge: give attendees free Pro for a 7-day build sprint.,Would you be open to sharing a free 7-day focus challenge with participants?,8,10,9,https://www.mlh.com/seasons/2027/events,2026-08-31,Not Contacted,Event name/location/site verified on MLH season schedule; use event site's current contact/team page.
Initial User Gatekeeper,Quackhacks 3,,Hackathon Organizer,Major League Hacking member event,"Eugene, Oregon, US",,Organizer contact / partnership route on event website,Website / contact form,https://www.quackhacks.org,https://www.quackhacks.org,"Hackathon attendees are laptop-heavy student builders who work in long, distraction-prone sessions.",Developer Deep-Work Challenge: give attendees free Pro for a 7-day build sprint.,Would you be open to sharing a free 7-day focus challenge with participants?,8,10,9,https://www.mlh.com/seasons/2027/events,2026-08-31,Not Contacted,Event name/location/site verified on MLH season schedule; use event site's current contact/team page.
Initial User Gatekeeper,HackHCC,,Hackathon Organizer,Major League Hacking member event,"Houston, TX, US",,Organizer contact / partnership route on event website,Website / contact form,https://hackhcc.org,https://hackhcc.org,"Hackathon attendees are laptop-heavy student builders who work in long, distraction-prone sessions.",Developer Deep-Work Challenge: give attendees free Pro for a 7-day build sprint.,Would you be open to sharing a free 7-day focus challenge with participants?,8,10,9,https://www.mlh.com/seasons/2027/events,2026-08-31,Not Contacted,Event name/location/site verified on MLH season schedule; use event site's current contact/team page.
Initial User Gatekeeper,DesignVerse,,Hackathon Organizer,Major League Hacking member event,"Riverside, California, US",,Organizer contact / partnership route on event website,Website / contact form,https://www.designverseucr.org,https://www.designverseucr.org,"Hackathon attendees are laptop-heavy student builders who work in long, distraction-prone sessions.",Developer Deep-Work Challenge: give attendees free Pro for a 7-day build sprint.,Would you be open to sharing a free 7-day focus challenge with participants?,8,10,9,https://www.mlh.com/seasons/2027/events,2026-08-31,Not Contacted,Event name/location/site verified on MLH season schedule; use event site's current contact/team page.
Initial User Gatekeeper,Midnight Hackathon,,Hackathon Organizer,Major League Hacking member event,Worldwide,,Organizer contact / partnership route on event website,Website / contact form,https://events.mlh.io,https://events.mlh.io,"Hackathon attendees are laptop-heavy student builders who work in long, distraction-prone sessions.",Developer Deep-Work Challenge: give attendees free Pro for a 7-day build sprint.,Would you be open to sharing a free 7-day focus challenge with participants?,8,10,9,https://www.mlh.com/seasons/2027/events,2026-08-31,Not Contacted,Event name/location/site verified on MLH season schedule; use event site's current contact/team page.
Initial User Gatekeeper,KentHackIt,,Hackathon Organizer,Major League Hacking member event,"Canterbury, Kent, GB",,Organizer contact / partnership route on event website,Website / contact form,https://www.kenthackit.co.uk,https://www.kenthackit.co.uk,"Hackathon attendees are laptop-heavy student builders who work in long, distraction-prone sessions.",Developer Deep-Work Challenge: give attendees free Pro for a 7-day build sprint.,Would you be open to sharing a free 7-day focus challenge with participants?,8,10,9,https://www.mlh.com/seasons/2027/events,2026-08-31,Not Contacted,Event name/location/site verified on MLH season schedule; use event site's current contact/team page.
Initial User Gatekeeper,MasseyHacks,,Hackathon Organizer,Major League Hacking member event,"Windsor, Ontario, CA",,Organizer contact / partnership route on event website,Website / contact form,https://masseyhacks.ca,https://masseyhacks.ca,"Hackathon attendees are laptop-heavy student builders who work in long, distraction-prone sessions.",Developer Deep-Work Challenge: give attendees free Pro for a 7-day build sprint.,Would you be open to sharing a free 7-day focus challenge with participants?,8,10,9,https://www.mlh.com/seasons/2027/events,2026-08-31,Not Contacted,Event name/location/site verified on MLH season schedule; use event site's current contact/team page.
Initial User Gatekeeper,INTERHACK BCN,,Hackathon Organizer,Major League Hacking member event,"Barcelona, ES",,Organizer contact / partnership route on event website,Website / contact form,https://www.interhackbcn.com,https://www.interhackbcn.com,"Hackathon attendees are laptop-heavy student builders who work in long, distraction-prone sessions.",Developer Deep-Work Challenge: give attendees free Pro for a 7-day build sprint.,Would you be open to sharing a free 7-day focus challenge with participants?,8,10,9,https://www.mlh.com/seasons/2027/events,2026-08-31,Not Contacted,Event name/location/site verified on MLH season schedule; use event site's current contact/team page.
Initial User Gatekeeper,HackDavis,,Hackathon Organizer,Major League Hacking member event,"Davis, California, US",,Organizer contact / partnership route on event website,Website / contact form,https://hackdavis.io,https://hackdavis.io,"Hackathon attendees are laptop-heavy student builders who work in long, distraction-prone sessions.",Developer Deep-Work Challenge: give attendees free Pro for a 7-day build sprint.,Would you be open to sharing a free 7-day focus challenge with participants?,8,10,9,https://www.mlh.com/seasons/2027/events,2026-08-31,Not Contacted,Event name/location/site verified on MLH season schedule; use event site's current contact/team page.
Initial User Gatekeeper,NMIT Hacks,,Hackathon Organizer,Major League Hacking member event,"Bengaluru, Karnataka, IN",,Organizer contact / partnership route on event website,Website / contact form,https://nmithacks.com,https://nmithacks.com,"Hackathon attendees are laptop-heavy student builders who work in long, distraction-prone sessions.",Developer Deep-Work Challenge: give attendees free Pro for a 7-day build sprint.,Would you be open to sharing a free 7-day focus challenge with participants?,8,10,9,https://www.mlh.com/seasons/2027/events,2026-08-31,Not Contacted,Event name/location/site verified on MLH season schedule; use event site's current contact/team page.
Initial User Gatekeeper,Global Hack Week: GenAI,,Hackathon Organizer,Major League Hacking member event,Worldwide,,Organizer contact / partnership route on event website,Website / contact form,https://events.mlh.io,https://events.mlh.io,"Hackathon attendees are laptop-heavy student builders who work in long, distraction-prone sessions.",Developer Deep-Work Challenge: give attendees free Pro for a 7-day build sprint.,Would you be open to sharing a free 7-day focus challenge with participants?,8,10,9,https://www.mlh.com/seasons/2027/events,2026-08-31,Not Contacted,Event name/location/site verified on MLH season schedule; use event site's current contact/team page.
Initial User Gatekeeper,ConHacks,,Hackathon Organizer,Major League Hacking member event,"Waterloo, Ontario, CA",,Organizer contact / partnership route on event website,Website / contact form,https://conhacks.io,https://conhacks.io,"Hackathon attendees are laptop-heavy student builders who work in long, distraction-prone sessions.",Developer Deep-Work Challenge: give attendees free Pro for a 7-day build sprint.,Would you be open to sharing a free 7-day focus challenge with participants?,8,10,9,https://www.mlh.com/seasons/2027/events,2026-08-31,Not Contacted,Event name/location/site verified on MLH season schedule; use event site's current contact/team page.
Initial User Gatekeeper,Hackabull,,Hackathon Organizer,Major League Hacking member event,"Tampa, Florida, US",,Organizer contact / partnership route on event website,Website / contact form,https://www.hackabull.com,https://www.hackabull.com,"Hackathon attendees are laptop-heavy student builders who work in long, distraction-prone sessions.",Developer Deep-Work Challenge: give attendees free Pro for a 7-day build sprint.,Would you be open to sharing a free 7-day focus challenge with participants?,8,10,9,https://www.mlh.com/seasons/2027/events,2026-08-31,Not Contacted,Event name/location/site verified on MLH season schedule; use event site's current contact/team page.
Initial User Gatekeeper,KeanUHackThis,,Hackathon Organizer,Major League Hacking member event,"Union, New Jersey, US",,Organizer contact / partnership route on event website,Website / contact form,https://www.keanuhackthis.com,https://www.keanuhackthis.com,"Hackathon attendees are laptop-heavy student builders who work in long, distraction-prone sessions.",Developer Deep-Work Challenge: give attendees free Pro for a 7-day build sprint.,Would you be open to sharing a free 7-day focus challenge with participants?,8,10,9,https://www.mlh.com/seasons/2027/events,2026-08-31,Not Contacted,Event name/location/site verified on MLH season schedule; use event site's current contact/team page.
Initial User Gatekeeper,BroncoHacks,,Hackathon Organizer,Major League Hacking member event,"Pomona, California, US",,Organizer contact / partnership route on event website,Website / contact form,https://www.broncohacks.org,https://www.broncohacks.org,"Hackathon attendees are laptop-heavy student builders who work in long, distraction-prone sessions.",Developer Deep-Work Challenge: give attendees free Pro for a 7-day build sprint.,Would you be open to sharing a free 7-day focus challenge with participants?,8,10,9,https://www.mlh.com/seasons/2027/events,2026-08-31,Not Contacted,Event name/location/site verified on MLH season schedule; use event site's current contact/team page.
Initial User Gatekeeper,Hack Arizona,,Hackathon Organizer,Major League Hacking member event,"Tucson, Arizona, US",,Organizer contact / partnership route on event website,Website / contact form,https://hack.arizona.edu,https://hack.arizona.edu,"Hackathon attendees are laptop-heavy student builders who work in long, distraction-prone sessions.",Developer Deep-Work Challenge: give attendees free Pro for a 7-day build sprint.,Would you be open to sharing a free 7-day focus challenge with participants?,8,10,9,https://www.mlh.com/seasons/2027/events,2026-08-31,Not Contacted,Event name/location/site verified on MLH season schedule; use event site's current contact/team page.
Initial User Gatekeeper,BearHacks,,Hackathon Organizer,Major League Hacking member event,"Mississauga, Ontario, CA",,Organizer contact / partnership route on event website,Website / contact form,https://www.bearhacks.com,https://www.bearhacks.com,"Hackathon attendees are laptop-heavy student builders who work in long, distraction-prone sessions.",Developer Deep-Work Challenge: give attendees free Pro for a 7-day build sprint.,Would you be open to sharing a free 7-day focus challenge with participants?,8,10,9,https://www.mlh.com/seasons/2027/events,2026-08-31,Not Contacted,Event name/location/site verified on MLH season schedule; use event site's current contact/team page.
Initial User Gatekeeper,Hacktech,,Hackathon Organizer,Major League Hacking member event,"Pasadena, California, US",,Organizer contact / partnership route on event website,Website / contact form,https://hack.caltech.edu,https://hack.caltech.edu,"Hackathon attendees are laptop-heavy student builders who work in long, distraction-prone sessions.",Developer Deep-Work Challenge: give attendees free Pro for a 7-day build sprint.,Would you be open to sharing a free 7-day focus challenge with participants?,8,10,9,https://www.mlh.com/seasons/2027/events,2026-08-31,Not Contacted,Event name/location/site verified on MLH season schedule; use event site's current contact/team page.
Initial User Gatekeeper,HackUPC,,Hackathon Organizer,Major League Hacking member event,"Barcelona, Catalonia, ES",,Organizer contact / partnership route on event website,Website / contact form,https://hackupc.com,https://hackupc.com,"Hackathon attendees are laptop-heavy student builders who work in long, distraction-prone sessions.",Developer Deep-Work Challenge: give attendees free Pro for a 7-day build sprint.,Would you be open to sharing a free 7-day focus challenge with participants?,8,10,9,https://www.mlh.com/seasons/2027/events,2026-08-31,Not Contacted,Event name/location/site verified on MLH season schedule; use event site's current contact/team page.
Initial User Gatekeeper,LA Hacks,,Hackathon Organizer,Major League Hacking member event,"Los Angeles, California, US",,Organizer contact / partnership route on event website,Website / contact form,https://lahacks.com,https://lahacks.com,"Hackathon attendees are laptop-heavy student builders who work in long, distraction-prone sessions.",Developer Deep-Work Challenge: give attendees free Pro for a 7-day build sprint.,Would you be open to sharing a free 7-day focus challenge with participants?,8,10,9,https://www.mlh.com/seasons/2027/events,2026-08-31,Not Contacted,Event name/location/site verified on MLH season schedule; use event site's current contact/team page.
Initial User Gatekeeper,HackRice,,Hackathon Organizer,Major League Hacking member event,"Houston, Texas, US",,Organizer contact / partnership route on event website,Website / contact form,https://hackrice.com,https://hackrice.com,"Hackathon attendees are laptop-heavy student builders who work in long, distraction-prone sessions.",Developer Deep-Work Challenge: give attendees free Pro for a 7-day build sprint.,Would you be open to sharing a free 7-day focus challenge with participants?,8,10,9,https://www.mlh.com/seasons/2027/events,2026-08-31,Not Contacted,Event name/location/site verified on MLH season schedule; use event site's current contact/team page.
Initial User Gatekeeper,HackMTY,,Hackathon Organizer,Major League Hacking member event,"Monterrey, Nuevo Leon, MX",,Organizer contact / partnership route on event website,Website / contact form,https://hackmty.com,https://hackmty.com,"Hackathon attendees are laptop-heavy student builders who work in long, distraction-prone sessions.",Developer Deep-Work Challenge: give attendees free Pro for a 7-day build sprint.,Would you be open to sharing a free 7-day focus challenge with participants?,8,10,9,https://www.mlh.com/seasons/2027/events,2026-08-31,Not Contacted,Event name/location/site verified on MLH season schedule; use event site's current contact/team page.
Initial User Gatekeeper,HackWesTX,,Hackathon Organizer,Major League Hacking member event,"Lubbock, Texas, US",,Organizer contact / partnership route on event website,Website / contact form,https://hackwestx.gdgttu.com,https://hackwestx.gdgttu.com,"Hackathon attendees are laptop-heavy student builders who work in long, distraction-prone sessions.",Developer Deep-Work Challenge: give attendees free Pro for a 7-day build sprint.,Would you be open to sharing a free 7-day focus challenge with participants?,8,10,9,https://www.mlh.com/seasons/2027/events,2026-08-31,Not Contacted,Event name/location/site verified on MLH season schedule; use event site's current contact/team page.
Initial User Gatekeeper,HackHers @GSU,,Hackathon Organizer,Major League Hacking member event,"Atlanta, Georgia, US",,Organizer contact / partnership route on event website,Website / contact form,https://hackhers.club,https://hackhers.club,"Hackathon attendees are laptop-heavy student builders who work in long, distraction-prone sessions.",Developer Deep-Work Challenge: give attendees free Pro for a 7-day build sprint.,Would you be open to sharing a free 7-day focus challenge with participants?,8,10,9,https://www.mlh.com/seasons/2027/events,2026-08-31,Not Contacted,Event name/location/site verified on MLH season schedule; use event site's current contact/team page.
Initial User Gatekeeper,Hack the North,,Hackathon Organizer,Major League Hacking member event,"Waterloo, Ontario, CA",,Organizer contact / partnership route on event website,Website / contact form,https://hackthenorth.com,https://hackthenorth.com,"Hackathon attendees are laptop-heavy student builders who work in long, distraction-prone sessions.",Developer Deep-Work Challenge: give attendees free Pro for a 7-day build sprint.,Would you be open to sharing a free 7-day focus challenge with participants?,8,10,9,https://www.mlh.com/seasons/2027/events,2026-08-31,Not Contacted,Event name/location/site verified on MLH season schedule; use event site's current contact/team page.
Initial User Gatekeeper,VTHacks,,Hackathon Organizer,Major League Hacking member event,"Blacksburg, Virginia, US",,Organizer contact / partnership route on event website,Website / contact form,https://vthacks.com,https://vthacks.com,"Hackathon attendees are laptop-heavy student builders who work in long, distraction-prone sessions.",Developer Deep-Work Challenge: give attendees free Pro for a 7-day build sprint.,Would you be open to sharing a free 7-day focus challenge with participants?,8,10,9,https://www.mlh.com/seasons/2027/events,2026-08-31,Not Contacted,Event name/location/site verified on MLH season schedule; use event site's current contact/team page.
Initial User Gatekeeper,HopHacks,,Hackathon Organizer,Major League Hacking member event,"Baltimore, Maryland, US",,Organizer contact / partnership route on event website,Website / contact form,https://www.hophacks.com,https://www.hophacks.com,"Hackathon attendees are laptop-heavy student builders who work in long, distraction-prone sessions.",Developer Deep-Work Challenge: give attendees free Pro for a 7-day build sprint.,Would you be open to sharing a free 7-day focus challenge with participants?,8,10,9,https://www.mlh.com/seasons/2027/events,2026-08-31,Not Contacted,Event name/location/site verified on MLH season schedule; use event site's current contact/team page.
Initial User Gatekeeper,SteelHacks,,Hackathon Organizer,Major League Hacking member event,"Pittsburgh, Pennsylvania, US",,Organizer contact / partnership route on event website,Website / contact form,https://steelhacks.org,https://steelhacks.org,"Hackathon attendees are laptop-heavy student builders who work in long, distraction-prone sessions.",Developer Deep-Work Challenge: give attendees free Pro for a 7-day build sprint.,Would you be open to sharing a free 7-day focus challenge with participants?,8,10,9,https://www.mlh.com/seasons/2027/events,2026-08-31,Not Contacted,Event name/location/site verified on MLH season schedule; use event site's current contact/team page.
Initial User Gatekeeper,&HACKS,,Hackathon Organizer,Major League Hacking member event,"Williamsburg, Virginia, US",,Organizer contact / partnership route on event website,Website / contact form,https://andhacks.cs.wm.edu,https://andhacks.cs.wm.edu,"Hackathon attendees are laptop-heavy student builders who work in long, distraction-prone sessions.",Developer Deep-Work Challenge: give attendees free Pro for a 7-day build sprint.,Would you be open to sharing a free 7-day focus challenge with participants?,8,10,9,https://www.mlh.com/seasons/2027/events,2026-08-31,Not Contacted,Event name/location/site verified on MLH season schedule; use event site's current contact/team page.
Initial User Gatekeeper,HackNex,,Hackathon Organizer,Major League Hacking member event,"Kalyani, West Bengal, IN",,Organizer contact / partnership route on event website,Website / contact form,https://innovocon.online,https://innovocon.online,"Hackathon attendees are laptop-heavy student builders who work in long, distraction-prone sessions.",Developer Deep-Work Challenge: give attendees free Pro for a 7-day build sprint.,Would you be open to sharing a free 7-day focus challenge with participants?,8,10,9,https://www.mlh.com/seasons/2027/events,2026-08-31,Not Contacted,Event name/location/site verified on MLH season schedule; use event site's current contact/team page.
Initial User Gatekeeper,HackGT,,Hackathon Organizer,Major League Hacking member event,"Atlanta, Georgia, US",,Organizer contact / partnership route on event website,Website / contact form,https://hack.gt,https://hack.gt,"Hackathon attendees are laptop-heavy student builders who work in long, distraction-prone sessions.",Developer Deep-Work Challenge: give attendees free Pro for a 7-day build sprint.,Would you be open to sharing a free 7-day focus challenge with participants?,8,10,9,https://www.mlh.com/seasons/2027/events,2026-08-31,Not Contacted,Event name/location/site verified on MLH season schedule; use event site's current contact/team page.
Initial User Gatekeeper,ShellHacks,,Hackathon Organizer,Major League Hacking member event,"Miami, Florida, US",,Organizer contact / partnership route on event website,Website / contact form,https://shellhacks.net,https://shellhacks.net,"Hackathon attendees are laptop-heavy student builders who work in long, distraction-prone sessions.",Developer Deep-Work Challenge: give attendees free Pro for a 7-day build sprint.,Would you be open to sharing a free 7-day focus challenge with participants?,8,10,9,https://www.mlh.com/seasons/2027/events,2026-08-31,Not Contacted,Event name/location/site verified on MLH season schedule; use event site's current contact/team page.
Initial User Gatekeeper,DivHacks,,Hackathon Organizer,Major League Hacking member event,"New York, NY, US",,Organizer contact / partnership route on event website,Website / contact form,https://www.columbiadivhacks.org,https://www.columbiadivhacks.org,"Hackathon attendees are laptop-heavy student builders who work in long, distraction-prone sessions.",Developer Deep-Work Challenge: give attendees free Pro for a 7-day build sprint.,Would you be open to sharing a free 7-day focus challenge with participants?,8,10,9,https://www.mlh.com/seasons/2027/events,2026-08-31,Not Contacted,Event name/location/site verified on MLH season schedule; use event site's current contact/team page.
Initial User Gatekeeper,OwlHacks,,Hackathon Organizer,Major League Hacking member event,"Philadelphia, Pennsylvania, US",,Organizer contact / partnership route on event website,Website / contact form,https://www.owlhacks.com,https://www.owlhacks.com,"Hackathon attendees are laptop-heavy student builders who work in long, distraction-prone sessions.",Developer Deep-Work Challenge: give attendees free Pro for a 7-day build sprint.,Would you be open to sharing a free 7-day focus challenge with participants?,8,10,9,https://www.mlh.com/seasons/2027/events,2026-08-31,Not Contacted,Event name/location/site verified on MLH season schedule; use event site's current contact/team page.
Initial User Gatekeeper,hackUMBC,,Hackathon Organizer,Major League Hacking member event,"Baltimore, Maryland, US",,Organizer contact / partnership route on event website,Website / contact form,https://hackumbc.tech,https://hackumbc.tech,"Hackathon attendees are laptop-heavy student builders who work in long, distraction-prone sessions.",Developer Deep-Work Challenge: give attendees free Pro for a 7-day build sprint.,Would you be open to sharing a free 7-day focus challenge with participants?,8,10,9,https://www.mlh.com/seasons/2027/events,2026-08-31,Not Contacted,Event name/location/site verified on MLH season schedule; use event site's current contact/team page.
Initial User Gatekeeper,BigRed//Hacks,,Hackathon Organizer,Major League Hacking member event,"Ithaca, New York, US",,Organizer contact / partnership route on event website,Website / contact form,https://www.bigredhacks.com,https://www.bigredhacks.com,"Hackathon attendees are laptop-heavy student builders who work in long, distraction-prone sessions.",Developer Deep-Work Challenge: give attendees free Pro for a 7-day build sprint.,Would you be open to sharing a free 7-day focus challenge with participants?,8,10,9,https://www.mlh.com/seasons/2027/events,2026-08-31,Not Contacted,Event name/location/site verified on MLH season schedule; use event site's current contact/team page.
Initial User Gatekeeper,Rowdy Hacks,,Hackathon Organizer,Major League Hacking member event,"San Antonio, Texas, US",,Organizer contact / partnership route on event website,Website / contact form,https://rowdyhacks.org,https://rowdyhacks.org,"Hackathon attendees are laptop-heavy student builders who work in long, distraction-prone sessions.",Developer Deep-Work Challenge: give attendees free Pro for a 7-day build sprint.,Would you be open to sharing a free 7-day focus challenge with participants?,8,10,9,https://www.mlh.com/seasons/2027/events,2026-08-31,Not Contacted,Event name/location/site verified on MLH season schedule; use event site's current contact/team page.
Initial User Gatekeeper,Hack Dearborn,,Hackathon Organizer,Major League Hacking member event,"Dearborn, Michigan, US",,Organizer contact / partnership route on event website,Website / contact form,https://www.hackdearborn.org,https://www.hackdearborn.org,"Hackathon attendees are laptop-heavy student builders who work in long, distraction-prone sessions.",Developer Deep-Work Challenge: give attendees free Pro for a 7-day build sprint.,Would you be open to sharing a free 7-day focus challenge with participants?,8,10,9,https://www.mlh.com/seasons/2027/events,2026-08-31,Not Contacted,Event name/location/site verified on MLH season schedule; use event site's current contact/team page.
Initial User Gatekeeper,MHacks,,Hackathon Organizer,Major League Hacking member event,"Ann Arbor, Michigan, US",,Organizer contact / partnership route on event website,Website / contact form,https://www.mhacks.org,https://www.mhacks.org,"Hackathon attendees are laptop-heavy student builders who work in long, distraction-prone sessions.",Developer Deep-Work Challenge: give attendees free Pro for a 7-day build sprint.,Would you be open to sharing a free 7-day focus challenge with participants?,8,10,9,https://www.mlh.com/seasons/2027/events,2026-08-31,Not Contacted,Event name/location/site verified on MLH season schedule; use event site's current contact/team page.
Initial User Gatekeeper,GirlHacks,,Hackathon Organizer,Major League Hacking member event,"Newark, New Jersey, US",,Organizer contact / partnership route on event website,Website / contact form,https://www.njitgirlhacks.com,https://www.njitgirlhacks.com,"Hackathon attendees are laptop-heavy student builders who work in long, distraction-prone sessions.",Developer Deep-Work Challenge: give attendees free Pro for a 7-day build sprint.,Would you be open to sharing a free 7-day focus challenge with participants?,8,10,9,https://www.mlh.com/seasons/2027/events,2026-08-31,Not Contacted,Event name/location/site verified on MLH season schedule; use event site's current contact/team page.
Initial User Gatekeeper,Innohacks,,Hackathon Organizer,Major League Hacking member event,"Ghaziabad, Uttar Pradesh, IN",,Organizer contact / partnership route on event website,Website / contact form,https://innohacks.live,https://innohacks.live,"Hackathon attendees are laptop-heavy student builders who work in long, distraction-prone sessions.",Developer Deep-Work Challenge: give attendees free Pro for a 7-day build sprint.,Would you be open to sharing a free 7-day focus challenge with participants?,8,10,9,https://www.mlh.com/seasons/2027/events,2026-08-31,Not Contacted,Event name/location/site verified on MLH season schedule; use event site's current contact/team page.
Initial User Gatekeeper,SBUHacks,,Hackathon Organizer,Major League Hacking member event,"Stony Brook, New York, US",,Organizer contact / partnership route on event website,Website / contact form,https://hack.sbcs.io,https://hack.sbcs.io,"Hackathon attendees are laptop-heavy student builders who work in long, distraction-prone sessions.",Developer Deep-Work Challenge: give attendees free Pro for a 7-day build sprint.,Would you be open to sharing a free 7-day focus challenge with participants?,8,10,9,https://www.mlh.com/seasons/2027/events,2026-08-31,Not Contacted,Event name/location/site verified on MLH season schedule; use event site's current contact/team page.
Initial User Gatekeeper,HackNC,,Hackathon Organizer,Major League Hacking member event,"Chapel Hill, North Carolina, US",,Organizer contact / partnership route on event website,Website / contact form,https://hacknc.com,https://hacknc.com,"Hackathon attendees are laptop-heavy student builders who work in long, distraction-prone sessions.",Developer Deep-Work Challenge: give attendees free Pro for a 7-day build sprint.,Would you be open to sharing a free 7-day focus challenge with participants?,8,10,9,https://www.mlh.com/seasons/2027/events,2026-08-31,Not Contacted,Event name/location/site verified on MLH season schedule; use event site's current contact/team page.
Initial User Gatekeeper,Hack Knight,,Hackathon Organizer,Major League Hacking member event,"Flushing, New York, US",,Organizer contact / partnership route on event website,Website / contact form,https://hackknight.org,https://hackknight.org,"Hackathon attendees are laptop-heavy student builders who work in long, distraction-prone sessions.",Developer Deep-Work Challenge: give attendees free Pro for a 7-day build sprint.,Would you be open to sharing a free 7-day focus challenge with participants?,8,10,9,https://www.mlh.com/seasons/2027/events,2026-08-31,Not Contacted,Event name/location/site verified on MLH season schedule; use event site's current contact/team page.
Initial User Gatekeeper,Knight Hacks,,Hackathon Organizer,Major League Hacking member event,"Orlando, Florida, US",,Organizer contact / partnership route on event website,Website / contact form,https://2026.knighthacks.org,https://2026.knighthacks.org,"Hackathon attendees are laptop-heavy student builders who work in long, distraction-prone sessions.",Developer Deep-Work Challenge: give attendees free Pro for a 7-day build sprint.,Would you be open to sharing a free 7-day focus challenge with participants?,8,10,9,https://www.mlh.com/seasons/2027/events,2026-08-31,Not Contacted,Event name/location/site verified on MLH season schedule; use event site's current contact/team page.
Initial User Gatekeeper,CodeRED Orion,,Hackathon Organizer,Major League Hacking member event,"Houston, Texas, US",,Organizer contact / partnership route on event website,Website / contact form,https://uhcode.red,https://uhcode.red,"Hackathon attendees are laptop-heavy student builders who work in long, distraction-prone sessions.",Developer Deep-Work Challenge: give attendees free Pro for a 7-day build sprint.,Would you be open to sharing a free 7-day focus challenge with participants?,8,10,9,https://www.mlh.com/seasons/2027/events,2026-08-31,Not Contacted,Event name/location/site verified on MLH season schedule; use event site's current contact/team page.
Initial User Gatekeeper,SwampHacks,,Hackathon Organizer,Major League Hacking member event,"Gainesville, Florida, US",,Organizer contact / partnership route on event website,Website / contact form,https://swamphacks.com,https://swamphacks.com,"Hackathon attendees are laptop-heavy student builders who work in long, distraction-prone sessions.",Developer Deep-Work Challenge: give attendees free Pro for a 7-day build sprint.,Would you be open to sharing a free 7-day focus challenge with participants?,8,10,9,https://www.mlh.com/seasons/2027/events,2026-08-31,Not Contacted,Event name/location/site verified on MLH season schedule; use event site's current contact/team page.
Initial User Gatekeeper,Hack the Valley,,Hackathon Organizer,Major League Hacking member event,"Scarborough, Ontario, CA",,Organizer contact / partnership route on event website,Website / contact form,https://hackthevalley.io,https://hackthevalley.io,"Hackathon attendees are laptop-heavy student builders who work in long, distraction-prone sessions.",Developer Deep-Work Challenge: give attendees free Pro for a 7-day build sprint.,Would you be open to sharing a free 7-day focus challenge with participants?,8,10,9,https://www.mlh.com/seasons/2027/events,2026-08-31,Not Contacted,Event name/location/site verified on MLH season schedule; use event site's current contact/team page.
Initial User Gatekeeper,LA Hacks AI Hackathon,,Hackathon Organizer,Major League Hacking member event,"Los Angeles, California, US",,Organizer contact / partnership route on event website,Website / contact form,https://ai.lahacks.com,https://ai.lahacks.com,"Hackathon attendees are laptop-heavy student builders who work in long, distraction-prone sessions.",Developer Deep-Work Challenge: give attendees free Pro for a 7-day build sprint.,Would you be open to sharing a free 7-day focus challenge with participants?,8,10,9,https://www.mlh.com/seasons/2027/events,2026-08-31,Not Contacted,Event name/location/site verified on MLH season schedule; use event site's current contact/team page.
Initial User Gatekeeper,HackTX,,Hackathon Organizer,Major League Hacking member event,"Austin, Texas, US",,Organizer contact / partnership route on event website,Website / contact form,https://hacktx.com,https://hacktx.com,"Hackathon attendees are laptop-heavy student builders who work in long, distraction-prone sessions.",Developer Deep-Work Challenge: give attendees free Pro for a 7-day build sprint.,Would you be open to sharing a free 7-day focus challenge with participants?,8,10,9,https://www.mlh.com/seasons/2027/events,2026-08-31,Not Contacted,Event name/location/site verified on MLH season schedule; use event site's current contact/team page.
Initial User Gatekeeper,hackCBS,,Hackathon Organizer,Major League Hacking member event,"New Delhi, IN",,Organizer contact / partnership route on event website,Website / contact form,https://hackcbs.tech,https://hackcbs.tech,"Hackathon attendees are laptop-heavy student builders who work in long, distraction-prone sessions.",Developer Deep-Work Challenge: give attendees free Pro for a 7-day build sprint.,Would you be open to sharing a free 7-day focus challenge with participants?,8,10,9,https://www.mlh.com/seasons/2027/events,2026-08-31,Not Contacted,Event name/location/site verified on MLH season schedule; use event site's current contact/team page.
Initial User Gatekeeper,HackUTD,,Hackathon Organizer,Major League Hacking member event,"Richardson, Texas, US",,Organizer contact / partnership route on event website,Website / contact form,https://zeroday.hackutd.co,https://zeroday.hackutd.co,"Hackathon attendees are laptop-heavy student builders who work in long, distraction-prone sessions.",Developer Deep-Work Challenge: give attendees free Pro for a 7-day build sprint.,Would you be open to sharing a free 7-day focus challenge with participants?,8,10,9,https://www.mlh.com/seasons/2027/events,2026-08-31,Not Contacted,Event name/location/site verified on MLH season schedule; use event site's current contact/team page.
Initial User Gatekeeper,MakeCU,,Hackathon Organizer,Major League Hacking member event,"New York, New York, US",,Organizer contact / partnership route on event website,Website / contact form,https://v0-curc-makecu.vercel.app,https://v0-curc-makecu.vercel.app,"Hackathon attendees are laptop-heavy student builders who work in long, distraction-prone sessions.",Developer Deep-Work Challenge: give attendees free Pro for a 7-day build sprint.,Would you be open to sharing a free 7-day focus challenge with participants?,8,10,9,https://www.mlh.com/seasons/2027/events,2026-08-31,Not Contacted,Event name/location/site verified on MLH season schedule; use event site's current contact/team page.
Initial User Gatekeeper,HackRPI,,Hackathon Organizer,Major League Hacking member event,"Troy, New York, US",,Organizer contact / partnership route on event website,Website / contact form,https://hackrpi.com,https://hackrpi.com,"Hackathon attendees are laptop-heavy student builders who work in long, distraction-prone sessions.",Developer Deep-Work Challenge: give attendees free Pro for a 7-day build sprint.,Would you be open to sharing a free 7-day focus challenge with participants?,8,10,9,https://www.mlh.com/seasons/2027/events,2026-08-31,Not Contacted,Event name/location/site verified on MLH season schedule; use event site's current contact/team page.
Initial User Gatekeeper,HackUMass,,Hackathon Organizer,Major League Hacking member event,"Amherst, Massachusetts, US",,Organizer contact / partnership route on event website,Website / contact form,https://www.hackumass.com,https://www.hackumass.com,"Hackathon attendees are laptop-heavy student builders who work in long, distraction-prone sessions.",Developer Deep-Work Challenge: give attendees free Pro for a 7-day build sprint.,Would you be open to sharing a free 7-day focus challenge with participants?,8,10,9,https://www.mlh.com/seasons/2027/events,2026-08-31,Not Contacted,Event name/location/site verified on MLH season schedule; use event site's current contact/team page.
Initial User Gatekeeper,DurHack,,Hackathon Organizer,Major League Hacking member event,"Durham, County Durham, GB",,Organizer contact / partnership route on event website,Website / contact form,https://durhack.com,https://durhack.com,"Hackathon attendees are laptop-heavy student builders who work in long, distraction-prone sessions.",Developer Deep-Work Challenge: give attendees free Pro for a 7-day build sprint.,Would you be open to sharing a free 7-day focus challenge with participants?,8,10,9,https://www.mlh.com/seasons/2027/events,2026-08-31,Not Contacted,Event name/location/site verified on MLH season schedule; use event site's current contact/team page.
Initial User Gatekeeper,DeltaHacks,,Hackathon Organizer,Major League Hacking member event,"Hamilton, Ontario, CA",,Organizer contact / partnership route on event website,Website / contact form,https://www.deltahacks.com,https://www.deltahacks.com,"Hackathon attendees are laptop-heavy student builders who work in long, distraction-prone sessions.",Developer Deep-Work Challenge: give attendees free Pro for a 7-day build sprint.,Would you be open to sharing a free 7-day focus challenge with participants?,8,10,9,https://www.mlh.com/seasons/2027/events,2026-08-31,Not Contacted,Event name/location/site verified on MLH season schedule; use event site's current contact/team page.
Initial User Gatekeeper,UofTHacks,,Hackathon Organizer,Major League Hacking member event,"Toronto, Ontario, CA",,Organizer contact / partnership route on event website,Website / contact form,https://uofthacks.com,https://uofthacks.com,"Hackathon attendees are laptop-heavy student builders who work in long, distraction-prone sessions.",Developer Deep-Work Challenge: give attendees free Pro for a 7-day build sprint.,Would you be open to sharing a free 7-day focus challenge with participants?,8,10,9,https://www.mlh.com/seasons/2027/events,2026-08-31,Not Contacted,Event name/location/site verified on MLH season schedule; use event site's current contact/team page.
Initial User Gatekeeper,uOttaHack,,Hackathon Organizer,Major League Hacking member event,"Ottawa, Ontario, CA",,Organizer contact / partnership route on event website,Website / contact form,https://2027.uottahack.ca,https://2027.uottahack.ca,"Hackathon attendees are laptop-heavy student builders who work in long, distraction-prone sessions.",Developer Deep-Work Challenge: give attendees free Pro for a 7-day build sprint.,Would you be open to sharing a free 7-day focus challenge with participants?,8,10,9,https://www.mlh.com/seasons/2027/events,2026-08-31,Not Contacted,Event name/location/site verified on MLH season schedule; use event site's current contact/team page.
Initial User Gatekeeper,nwHacks,,Hackathon Organizer,Major League Hacking member event,"Vancouver, British Columbia, CA",,Organizer contact / partnership route on event website,Website / contact form,https://nwhacks.io,https://nwhacks.io,"Hackathon attendees are laptop-heavy student builders who work in long, distraction-prone sessions.",Developer Deep-Work Challenge: give attendees free Pro for a 7-day build sprint.,Would you be open to sharing a free 7-day focus challenge with participants?,8,10,9,https://www.mlh.com/seasons/2027/events,2026-08-31,Not Contacted,Event name/location/site verified on MLH season schedule; use event site's current contact/team page.
Initial User Gatekeeper,Hackville,,Hackathon Organizer,Major League Hacking member event,"Mississauga, Ontario, CA",,Organizer contact / partnership route on event website,Website / contact form,https://hackville.io,https://hackville.io,"Hackathon attendees are laptop-heavy student builders who work in long, distraction-prone sessions.",Developer Deep-Work Challenge: give attendees free Pro for a 7-day build sprint.,Would you be open to sharing a free 7-day focus challenge with participants?,8,10,9,https://www.mlh.com/seasons/2027/events,2026-08-31,Not Contacted,Event name/location/site verified on MLH season schedule; use event site's current contact/team page.
Initial User Gatekeeper,Hoya Hacks,,Hackathon Organizer,Major League Hacking member event,"Washington, DC, US",,Organizer contact / partnership route on event website,Website / contact form,https://www.hoyahacks.com,https://www.hoyahacks.com,"Hackathon attendees are laptop-heavy student builders who work in long, distraction-prone sessions.",Developer Deep-Work Challenge: give attendees free Pro for a 7-day build sprint.,Would you be open to sharing a free 7-day focus challenge with participants?,8,10,9,https://www.mlh.com/seasons/2027/events,2026-08-31,Not Contacted,Event name/location/site verified on MLH season schedule; use event site's current contact/team page.
Initial User Gatekeeper,ElleHacks,,Hackathon Organizer,Major League Hacking member event,"Toronto, Ontario, CA",,Organizer contact / partnership route on event website,Website / contact form,https://ellehacks.com,https://ellehacks.com,"Hackathon attendees are laptop-heavy student builders who work in long, distraction-prone sessions.",Developer Deep-Work Challenge: give attendees free Pro for a 7-day build sprint.,Would you be open to sharing a free 7-day focus challenge with participants?,8,10,9,https://www.mlh.com/seasons/2027/events,2026-08-31,Not Contacted,Event name/location/site verified on MLH season schedule; use event site's current contact/team page.
Initial User Gatekeeper,UGAHacks,,Hackathon Organizer,Major League Hacking member event,"Athens, Georgia, US",,Organizer contact / partnership route on event website,Website / contact form,https://ugahacks.com,https://ugahacks.com,"Hackathon attendees are laptop-heavy student builders who work in long, distraction-prone sessions.",Developer Deep-Work Challenge: give attendees free Pro for a 7-day build sprint.,Would you be open to sharing a free 7-day focus challenge with participants?,8,10,9,https://www.mlh.com/seasons/2027/events,2026-08-31,Not Contacted,Event name/location/site verified on MLH season schedule; use event site's current contact/team page.
Initial User Gatekeeper,Hack@Brown,,Hackathon Organizer,Major League Hacking member event,"Providence, Rhode Island, US",,Organizer contact / partnership route on event website,Website / contact form,https://hackatbrown.org,https://hackatbrown.org,"Hackathon attendees are laptop-heavy student builders who work in long, distraction-prone sessions.",Developer Deep-Work Challenge: give attendees free Pro for a 7-day build sprint.,Would you be open to sharing a free 7-day focus challenge with participants?,8,10,9,https://www.mlh.com/seasons/2027/events,2026-08-31,Not Contacted,Event name/location/site verified on MLH season schedule; use event site's current contact/team page.
Initial User Gatekeeper,Hack_NCState,,Hackathon Organizer,Major League Hacking member event,"Raleigh, North Carolina, US",,Organizer contact / partnership route on event website,Website / contact form,https://hackncstate.org,https://hackncstate.org,"Hackathon attendees are laptop-heavy student builders who work in long, distraction-prone sessions.",Developer Deep-Work Challenge: give attendees free Pro for a 7-day build sprint.,Would you be open to sharing a free 7-day focus challenge with participants?,8,10,9,https://www.mlh.com/seasons/2027/events,2026-08-31,Not Contacted,Event name/location/site verified on MLH season schedule; use event site's current contact/team page.
Initial User Gatekeeper,InnovateHer,,Hackathon Organizer,Major League Hacking member event,"West Lafayette, Indiana, US",,Organizer contact / partnership route on event website,Website / contact form,https://innovateherhacks.org,https://innovateherhacks.org,"Hackathon attendees are laptop-heavy student builders who work in long, distraction-prone sessions.",Developer Deep-Work Challenge: give attendees free Pro for a 7-day build sprint.,Would you be open to sharing a free 7-day focus challenge with participants?,8,10,9,https://www.mlh.com/seasons/2027/events,2026-08-31,Not Contacted,Event name/location/site verified on MLH season schedule; use event site's current contact/team page.
Initial User Gatekeeper,SpartaHack,,Hackathon Organizer,Major League Hacking member event,"East Lansing, Michigan, US",,Organizer contact / partnership route on event website,Website / contact form,https://www.spartahack.com,https://www.spartahack.com,"Hackathon attendees are laptop-heavy student builders who work in long, distraction-prone sessions.",Developer Deep-Work Challenge: give attendees free Pro for a 7-day build sprint.,Would you be open to sharing a free 7-day focus challenge with participants?,8,10,9,https://www.mlh.com/seasons/2027/events,2026-08-31,Not Contacted,Event name/location/site verified on MLH season schedule; use event site's current contact/team page.
Initial User Gatekeeper,MakeUofT,,Hackathon Organizer,Major League Hacking member event,"Toronto, Ontario, CA",,Organizer contact / partnership route on event website,Website / contact form,https://makeuoft.ca,https://makeuoft.ca,"Hackathon attendees are laptop-heavy student builders who work in long, distraction-prone sessions.",Developer Deep-Work Challenge: give attendees free Pro for a 7-day build sprint.,Would you be open to sharing a free 7-day focus challenge with participants?,8,10,9,https://www.mlh.com/seasons/2027/events,2026-08-31,Not Contacted,Event name/location/site verified on MLH season schedule; use event site's current contact/team page.
Initial User Gatekeeper,SF Hacks,,Hackathon Organizer,Major League Hacking member event,"San Francisco, California, US",,Organizer contact / partnership route on event website,Website / contact form,https://sfhacks.io,https://sfhacks.io,"Hackathon attendees are laptop-heavy student builders who work in long, distraction-prone sessions.",Developer Deep-Work Challenge: give attendees free Pro for a 7-day build sprint.,Would you be open to sharing a free 7-day focus challenge with participants?,8,10,9,https://www.mlh.com/seasons/2027/events,2026-08-31,Not Contacted,Event name/location/site verified on MLH season schedule; use event site's current contact/team page.
Initial User Gatekeeper,CUhackit,,Hackathon Organizer,Major League Hacking member event,"Clemson, South Carolina, US",,Organizer contact / partnership route on event website,Website / contact form,https://cuhack.it,https://cuhack.it,"Hackathon attendees are laptop-heavy student builders who work in long, distraction-prone sessions.",Developer Deep-Work Challenge: give attendees free Pro for a 7-day build sprint.,Would you be open to sharing a free 7-day focus challenge with participants?,8,10,9,https://www.mlh.com/seasons/2027/events,2026-08-31,Not Contacted,Event name/location/site verified on MLH season schedule; use event site's current contact/team page.
Initial User Gatekeeper,HackIllinois,,Hackathon Organizer,Major League Hacking member event,"Urbana, Illinois, US",,Organizer contact / partnership route on event website,Website / contact form,https://www.hackillinois.org,https://www.hackillinois.org,"Hackathon attendees are laptop-heavy student builders who work in long, distraction-prone sessions.",Developer Deep-Work Challenge: give attendees free Pro for a 7-day build sprint.,Would you be open to sharing a free 7-day focus challenge with participants?,8,10,9,https://www.mlh.com/seasons/2027/events,2026-08-31,Not Contacted,Event name/location/site verified on MLH season schedule; use event site's current contact/team page.
Initial User Gatekeeper,Hacklytics,,Hackathon Organizer,Major League Hacking member event,"Atlanta, Georgia, US",,Organizer contact / partnership route on event website,Website / contact form,https://hacklytics2027.web.app,https://hacklytics2027.web.app,"Hackathon attendees are laptop-heavy student builders who work in long, distraction-prone sessions.",Developer Deep-Work Challenge: give attendees free Pro for a 7-day build sprint.,Would you be open to sharing a free 7-day focus challenge with participants?,8,10,9,https://www.mlh.com/seasons/2027/events,2026-08-31,Not Contacted,Event name/location/site verified on MLH season schedule; use event site's current contact/team page.
Initial User Gatekeeper,HackHERS,,Hackathon Organizer,Major League Hacking member event,"New Brunswick, New Jersey, US",,Organizer contact / partnership route on event website,Website / contact form,https://ruhackhers.org,https://ruhackhers.org,"Hackathon attendees are laptop-heavy student builders who work in long, distraction-prone sessions.",Developer Deep-Work Challenge: give attendees free Pro for a 7-day build sprint.,Would you be open to sharing a free 7-day focus challenge with participants?,8,10,9,https://www.mlh.com/seasons/2027/events,2026-08-31,Not Contacted,Event name/location/site verified on MLH season schedule; use event site's current contact/team page.
Initial User Gatekeeper,RevolutionUC,,Hackathon Organizer,Major League Hacking member event,"Cincinnati, Ohio, US",,Organizer contact / partnership route on event website,Website / contact form,https://www.revolutionuc.com,https://www.revolutionuc.com,"Hackathon attendees are laptop-heavy student builders who work in long, distraction-prone sessions.",Developer Deep-Work Challenge: give attendees free Pro for a 7-day build sprint.,Would you be open to sharing a free 7-day focus challenge with participants?,8,10,9,https://www.mlh.com/seasons/2027/events,2026-08-31,Not Contacted,Event name/location/site verified on MLH season schedule; use event site's current contact/team page.
Initial User Gatekeeper,WiCHacks,,Hackathon Organizer,Major League Hacking member event,"Rochester, New York, US",,Organizer contact / partnership route on event website,Website / contact form,https://wichacks.io,https://wichacks.io,"Hackathon attendees are laptop-heavy student builders who work in long, distraction-prone sessions.",Developer Deep-Work Challenge: give attendees free Pro for a 7-day build sprint.,Would you be open to sharing a free 7-day focus challenge with participants?,8,10,9,https://www.mlh.com/seasons/2027/events,2026-08-31,Not Contacted,Event name/location/site verified on MLH season schedule; use event site's current contact/team page.
Initial User Gatekeeper,HenHacks,,Hackathon Organizer,Major League Hacking member event,"Newark, Delaware, US",,Organizer contact / partnership route on event website,Website / contact form,https://www.henhackshackathon.com,https://www.henhackshackathon.com,"Hackathon attendees are laptop-heavy student builders who work in long, distraction-prone sessions.",Developer Deep-Work Challenge: give attendees free Pro for a 7-day build sprint.,Would you be open to sharing a free 7-day focus challenge with participants?,8,10,9,https://www.mlh.com/seasons/2027/events,2026-08-31,Not Contacted,Event name/location/site verified on MLH season schedule; use event site's current contact/team page.
Initial User Gatekeeper,Kent Hack Enough,,Hackathon Organizer,Major League Hacking member event,"Kent, Ohio, US",,Organizer contact / partnership route on event website,Website / contact form,https://khe.io,https://khe.io,"Hackathon attendees are laptop-heavy student builders who work in long, distraction-prone sessions.",Developer Deep-Work Challenge: give attendees free Pro for a 7-day build sprint.,Would you be open to sharing a free 7-day focus challenge with participants?,8,10,9,https://www.mlh.com/seasons/2027/events,2026-08-31,Not Contacted,Event name/location/site verified on MLH season schedule; use event site's current contact/team page.
Initial User Gatekeeper,Diamondhacks,,Hackathon Organizer,Major League Hacking member event,"La Jolla, California, US",,Organizer contact / partnership route on event website,Website / contact form,https://diamondhacks.acmucsd.com,https://diamondhacks.acmucsd.com,"Hackathon attendees are laptop-heavy student builders who work in long, distraction-prone sessions.",Developer Deep-Work Challenge: give attendees free Pro for a 7-day build sprint.,Would you be open to sharing a free 7-day focus challenge with participants?,8,10,9,https://www.mlh.com/seasons/2027/events,2026-08-31,Not Contacted,Event name/location/site verified on MLH season schedule; use event site's current contact/team page.
Initial User Gatekeeper,HackKU,,Hackathon Organizer,Major League Hacking member event,"Lawrence, Kansas, US",,Organizer contact / partnership route on event website,Website / contact form,https://www.hackku.org,https://www.hackku.org,"Hackathon attendees are laptop-heavy student builders who work in long, distraction-prone sessions.",Developer Deep-Work Challenge: give attendees free Pro for a 7-day build sprint.,Would you be open to sharing a free 7-day focus challenge with participants?,8,10,9,https://www.mlh.com/seasons/2027/events,2026-08-31,Not Contacted,Event name/location/site verified on MLH season schedule; use event site's current contact/team page.
Initial User Gatekeeper,MariHacks,,Hackathon Organizer,Major League Hacking member event,"Montreal, Quebec, CA",,Organizer contact / partnership route on event website,Website / contact form,https://www.marihacks.com,https://www.marihacks.com,"Hackathon attendees are laptop-heavy student builders who work in long, distraction-prone sessions.",Developer Deep-Work Challenge: give attendees free Pro for a 7-day build sprint.,Would you be open to sharing a free 7-day focus challenge with participants?,8,10,9,https://www.mlh.com/seasons/2027/events,2026-08-31,Not Contacted,Event name/location/site verified on MLH season schedule; use event site's current contact/team page.
Initial User Gatekeeper,WEHack,,Hackathon Organizer,Major League Hacking member event,"Richardson, Texas, US",,Organizer contact / partnership route on event website,Website / contact form,https://www.wehackutd.com,https://www.wehackutd.com,"Hackathon attendees are laptop-heavy student builders who work in long, distraction-prone sessions.",Developer Deep-Work Challenge: give attendees free Pro for a 7-day build sprint.,Would you be open to sharing a free 7-day focus challenge with participants?,8,10,9,https://www.mlh.com/seasons/2027/events,2026-08-31,Not Contacted,Event name/location/site verified on MLH season schedule; use event site's current contact/team page.
Initial User Gatekeeper,PEC HACKS,,Hackathon Organizer,Major League Hacking member event,"Chennai, Tamil Nadu, IN",,Organizer contact / partnership route on event website,Website / contact form,https://pechacks.org,https://pechacks.org,"Hackathon attendees are laptop-heavy student builders who work in long, distraction-prone sessions.",Developer Deep-Work Challenge: give attendees free Pro for a 7-day build sprint.,Would you be open to sharing a free 7-day focus challenge with participants?,8,10,9,https://www.mlh.com/seasons/2027/events,2026-08-31,Not Contacted,Event name/location/site verified on MLH season schedule; use event site's current contact/team page.
Initial User Gatekeeper,Hack the 6ix,,Hackathon Organizer,Major League Hacking member event,"Toronto, Ontario, CA",,Organizer contact / partnership route on event website,Website / contact form,https://hackthe6ix.com,https://hackthe6ix.com,"Hackathon attendees are laptop-heavy student builders who work in long, distraction-prone sessions.",Developer Deep-Work Challenge: give attendees free Pro for a 7-day build sprint.,Would you be open to sharing a free 7-day focus challenge with participants?,8,10,9,https://www.mlh.com/seasons/2027/events,2026-08-31,Not Contacted,Event name/location/site verified on MLH season schedule; use event site's current contact/team page.
Initial User Gatekeeper,cuHacking,,Hackathon Organizer,Major League Hacking member event,"Ottawa, Ontario, CA",,Organizer contact / partnership route on event website,Website / contact form,https://www.cuhacking.ca,https://www.cuhacking.ca,"Hackathon attendees are laptop-heavy student builders who work in long, distraction-prone sessions.",Developer Deep-Work Challenge: give attendees free Pro for a 7-day build sprint.,Would you be open to sharing a free 7-day focus challenge with participants?,8,10,9,https://www.mlh.com/seasons/2027/events,2026-08-31,Not Contacted,Event name/location/site verified on MLH season schedule; use event site's current contact/team page.
Initial User Gatekeeper,Hexafalls,,Hackathon Organizer,Major League Hacking member event,"Kolkata, West Bengal, IN",,Organizer contact / partnership route on event website,Website / contact form,https://hexafalls.org,https://hexafalls.org,"Hackathon attendees are laptop-heavy student builders who work in long, distraction-prone sessions.",Developer Deep-Work Challenge: give attendees free Pro for a 7-day build sprint.,Would you be open to sharing a free 7-day focus challenge with participants?,8,10,9,https://www.mlh.com/seasons/2027/events,2026-08-31,Not Contacted,Event name/location/site verified on MLH season schedule; use event site's current contact/team page.
Initial User Gatekeeper,Association for Women in Mathematics,,University Student Organization,Santa Clara University,"Santa Clara, CA, US",,tvanadilok@scu.edu,Email,mailto:tvanadilok@scu.edu,https://www.scu.edu/csi/organizations/directory/,"Members are students in technical, business, or intensive academic communities with heavy laptop use.","7-Day Lock-In Challenge for SCU members; free Pro, founder-led onboarding, and results shared back to the group.",Could you connect me with the current club president or share a 7-day focus challenge with members?,7,9,8,https://www.scu.edu/csi/organizations/directory/,2026-08-31,Not Contacted,Org verified in SCU 2026 RSO directory. Listed contact is Center for Student Involvement; ask for current officer contact.
Initial User Gatekeeper,Connecting Leaders in Innovation & Pharma,,University Student Organization,Santa Clara University,"Santa Clara, CA, US",,tvanadilok@scu.edu,Email,mailto:tvanadilok@scu.edu,https://www.scu.edu/csi/organizations/directory/,"Members are students in technical, business, or intensive academic communities with heavy laptop use.","7-Day Lock-In Challenge for SCU members; free Pro, founder-led onboarding, and results shared back to the group.",Could you connect me with the current club president or share a 7-day focus challenge with members?,7,9,8,https://www.scu.edu/csi/organizations/directory/,2026-08-31,Not Contacted,Org verified in SCU 2026 RSO directory. Listed contact is Center for Student Involvement; ask for current officer contact.
Initial User Gatekeeper,National Society of Black Engineers (NSBE),,University Student Organization,Santa Clara University,"Santa Clara, CA, US",,tvanadilok@scu.edu,Email,mailto:tvanadilok@scu.edu,https://www.scu.edu/csi/organizations/directory/,"Members are students in technical, business, or intensive academic communities with heavy laptop use.","7-Day Lock-In Challenge for SCU members; free Pro, founder-led onboarding, and results shared back to the group.",Could you connect me with the current club president or share a 7-day focus challenge with members?,7,9,8,https://www.scu.edu/csi/organizations/directory/,2026-08-31,Not Contacted,Org verified in SCU 2026 RSO directory. Listed contact is Center for Student Involvement; ask for current officer contact.
Initial User Gatekeeper,Neuroscience Club,,University Student Organization,Santa Clara University,"Santa Clara, CA, US",,tvanadilok@scu.edu,Email,mailto:tvanadilok@scu.edu,https://www.scu.edu/csi/organizations/directory/,"Members are students in technical, business, or intensive academic communities with heavy laptop use.","7-Day Lock-In Challenge for SCU members; free Pro, founder-led onboarding, and results shared back to the group.",Could you connect me with the current club president or share a 7-day focus challenge with members?,7,9,8,https://www.scu.edu/csi/organizations/directory/,2026-08-31,Not Contacted,Org verified in SCU 2026 RSO directory. Listed contact is Center for Student Involvement; ask for current officer contact.
Initial User Gatekeeper,Pre-Dental Society,,University Student Organization,Santa Clara University,"Santa Clara, CA, US",,tvanadilok@scu.edu,Email,mailto:tvanadilok@scu.edu,https://www.scu.edu/csi/organizations/directory/,"Members are students in technical, business, or intensive academic communities with heavy laptop use.","7-Day Lock-In Challenge for SCU members; free Pro, founder-led onboarding, and results shared back to the group.",Could you connect me with the current club president or share a 7-day focus challenge with members?,7,9,8,https://www.scu.edu/csi/organizations/directory/,2026-08-31,Not Contacted,Org verified in SCU 2026 RSO directory. Listed contact is Center for Student Involvement; ask for current officer contact.
Initial User Gatekeeper,Society of Physics Students,,University Student Organization,Santa Clara University,"Santa Clara, CA, US",,tvanadilok@scu.edu,Email,mailto:tvanadilok@scu.edu,https://www.scu.edu/csi/organizations/directory/,"Members are students in technical, business, or intensive academic communities with heavy laptop use.","7-Day Lock-In Challenge for SCU members; free Pro, founder-led onboarding, and results shared back to the group.",Could you connect me with the current club president or share a 7-day focus challenge with members?,7,9,8,https://www.scu.edu/csi/organizations/directory/,2026-08-31,Not Contacted,Org verified in SCU 2026 RSO directory. Listed contact is Center for Student Involvement; ask for current officer contact.
Initial User Gatekeeper,Women in Physics,,University Student Organization,Santa Clara University,"Santa Clara, CA, US",,tvanadilok@scu.edu,Email,mailto:tvanadilok@scu.edu,https://www.scu.edu/csi/organizations/directory/,"Members are students in technical, business, or intensive academic communities with heavy laptop use.","7-Day Lock-In Challenge for SCU members; free Pro, founder-led onboarding, and results shared back to the group.",Could you connect me with the current club president or share a 7-day focus challenge with members?,7,9,8,https://www.scu.edu/csi/organizations/directory/,2026-08-31,Not Contacted,Org verified in SCU 2026 RSO directory. Listed contact is Center for Student Involvement; ask for current officer contact.
Initial User Gatekeeper,Accounting Association,,University Student Organization,Santa Clara University,"Santa Clara, CA, US",,tvanadilok@scu.edu,Email,mailto:tvanadilok@scu.edu,https://www.scu.edu/csi/organizations/directory/,"Members are students in technical, business, or intensive academic communities with heavy laptop use.","7-Day Lock-In Challenge for SCU members; free Pro, founder-led onboarding, and results shared back to the group.",Could you connect me with the current club president or share a 7-day focus challenge with members?,7,9,8,https://www.scu.edu/csi/organizations/directory/,2026-08-31,Not Contacted,Org verified in SCU 2026 RSO directory. Listed contact is Center for Student Involvement; ask for current officer contact.
Initial User Gatekeeper,Alpha Kappa Psi,,University Student Organization,Santa Clara University,"Santa Clara, CA, US",,tvanadilok@scu.edu,Email,mailto:tvanadilok@scu.edu,https://www.scu.edu/csi/organizations/directory/,"Members are students in technical, business, or intensive academic communities with heavy laptop use.","7-Day Lock-In Challenge for SCU members; free Pro, founder-led onboarding, and results shared back to the group.",Could you connect me with the current club president or share a 7-day focus challenge with members?,7,9,8,https://www.scu.edu/csi/organizations/directory/,2026-08-31,Not Contacted,Org verified in SCU 2026 RSO directory. Listed contact is Center for Student Involvement; ask for current officer contact.
Initial User Gatekeeper,Black Business Association,,University Student Organization,Santa Clara University,"Santa Clara, CA, US",,tvanadilok@scu.edu,Email,mailto:tvanadilok@scu.edu,https://www.scu.edu/csi/organizations/directory/,"Members are students in technical, business, or intensive academic communities with heavy laptop use.","7-Day Lock-In Challenge for SCU members; free Pro, founder-led onboarding, and results shared back to the group.",Could you connect me with the current club president or share a 7-day focus challenge with members?,7,9,8,https://www.scu.edu/csi/organizations/directory/,2026-08-31,Not Contacted,Org verified in SCU 2026 RSO directory. Listed contact is Center for Student Involvement; ask for current officer contact.
Initial User Gatekeeper,Blockchain@SCU,,University Student Organization,Santa Clara University,"Santa Clara, CA, US",,tvanadilok@scu.edu,Email,mailto:tvanadilok@scu.edu,https://www.scu.edu/csi/organizations/directory/,"Members are students in technical, business, or intensive academic communities with heavy laptop use.","7-Day Lock-In Challenge for SCU members; free Pro, founder-led onboarding, and results shared back to the group.",Could you connect me with the current club president or share a 7-day focus challenge with members?,7,9,8,https://www.scu.edu/csi/organizations/directory/,2026-08-31,Not Contacted,Org verified in SCU 2026 RSO directory. Listed contact is Center for Student Involvement; ask for current officer contact.
Initial User Gatekeeper,Delta Sigma Pi,,University Student Organization,Santa Clara University,"Santa Clara, CA, US",,tvanadilok@scu.edu,Email,mailto:tvanadilok@scu.edu,https://www.scu.edu/csi/organizations/directory/,"Members are students in technical, business, or intensive academic communities with heavy laptop use.","7-Day Lock-In Challenge for SCU members; free Pro, founder-led onboarding, and results shared back to the group.",Could you connect me with the current club president or share a 7-day focus challenge with members?,7,9,8,https://www.scu.edu/csi/organizations/directory/,2026-08-31,Not Contacted,Org verified in SCU 2026 RSO directory. Listed contact is Center for Student Involvement; ask for current officer contact.
Initial User Gatekeeper,Economic Student Association,,University Student Organization,Santa Clara University,"Santa Clara, CA, US",,tvanadilok@scu.edu,Email,mailto:tvanadilok@scu.edu,https://www.scu.edu/csi/organizations/directory/,"Members are students in technical, business, or intensive academic communities with heavy laptop use.","7-Day Lock-In Challenge for SCU members; free Pro, founder-led onboarding, and results shared back to the group.",Could you connect me with the current club president or share a 7-day focus challenge with members?,7,9,8,https://www.scu.edu/csi/organizations/directory/,2026-08-31,Not Contacted,Org verified in SCU 2026 RSO directory. Listed contact is Center for Student Involvement; ask for current officer contact.
Initial User Gatekeeper,Finance Association,,University Student Organization,Santa Clara University,"Santa Clara, CA, US",,tvanadilok@scu.edu,Email,mailto:tvanadilok@scu.edu,https://www.scu.edu/csi/organizations/directory/,"Members are students in technical, business, or intensive academic communities with heavy laptop use.","7-Day Lock-In Challenge for SCU members; free Pro, founder-led onboarding, and results shared back to the group.",Could you connect me with the current club president or share a 7-day focus challenge with members?,7,9,8,https://www.scu.edu/csi/organizations/directory/,2026-08-31,Not Contacted,Org verified in SCU 2026 RSO directory. Listed contact is Center for Student Involvement; ask for current officer contact.
Initial User Gatekeeper,Finance Technology Student Association,,University Student Organization,Santa Clara University,"Santa Clara, CA, US",,tvanadilok@scu.edu,Email,mailto:tvanadilok@scu.edu,https://www.scu.edu/csi/organizations/directory/,"Members are students in technical, business, or intensive academic communities with heavy laptop use.","7-Day Lock-In Challenge for SCU members; free Pro, founder-led onboarding, and results shared back to the group.",Could you connect me with the current club president or share a 7-day focus challenge with members?,7,9,8,https://www.scu.edu/csi/organizations/directory/,2026-08-31,Not Contacted,Org verified in SCU 2026 RSO directory. Listed contact is Center for Student Involvement; ask for current officer contact.
Initial User Gatekeeper,Information Systems and Analytics Student Network,,University Student Organization,Santa Clara University,"Santa Clara, CA, US",,tvanadilok@scu.edu,Email,mailto:tvanadilok@scu.edu,https://www.scu.edu/csi/organizations/directory/,"Members are students in technical, business, or intensive academic communities with heavy laptop use.","7-Day Lock-In Challenge for SCU members; free Pro, founder-led onboarding, and results shared back to the group.",Could you connect me with the current club president or share a 7-day focus challenge with members?,7,9,8,https://www.scu.edu/csi/organizations/directory/,2026-08-31,Not Contacted,Org verified in SCU 2026 RSO directory. Listed contact is Center for Student Involvement; ask for current officer contact.
Initial User Gatekeeper,Institute for Operations Research & Management Sciences,,University Student Organization,Santa Clara University,"Santa Clara, CA, US",,tvanadilok@scu.edu,Email,mailto:tvanadilok@scu.edu,https://www.scu.edu/csi/organizations/directory/,"Members are students in technical, business, or intensive academic communities with heavy laptop use.","7-Day Lock-In Challenge for SCU members; free Pro, founder-led onboarding, and results shared back to the group.",Could you connect me with the current club president or share a 7-day focus challenge with members?,7,9,8,https://www.scu.edu/csi/organizations/directory/,2026-08-31,Not Contacted,Org verified in SCU 2026 RSO directory. Listed contact is Center for Student Involvement; ask for current officer contact.
Initial User Gatekeeper,Investment Banking Club,,University Student Organization,Santa Clara University,"Santa Clara, CA, US",,tvanadilok@scu.edu,Email,mailto:tvanadilok@scu.edu,https://www.scu.edu/csi/organizations/directory/,"Members are students in technical, business, or intensive academic communities with heavy laptop use.","7-Day Lock-In Challenge for SCU members; free Pro, founder-led onboarding, and results shared back to the group.",Could you connect me with the current club president or share a 7-day focus challenge with members?,7,9,8,https://www.scu.edu/csi/organizations/directory/,2026-08-31,Not Contacted,Org verified in SCU 2026 RSO directory. Listed contact is Center for Student Involvement; ask for current officer contact.
Initial User Gatekeeper,Latinx Business Student Association,,University Student Organization,Santa Clara University,"Santa Clara, CA, US",,tvanadilok@scu.edu,Email,mailto:tvanadilok@scu.edu,https://www.scu.edu/csi/organizations/directory/,"Members are students in technical, business, or intensive academic communities with heavy laptop use.","7-Day Lock-In Challenge for SCU members; free Pro, founder-led onboarding, and results shared back to the group.",Could you connect me with the current club president or share a 7-day focus challenge with members?,7,9,8,https://www.scu.edu/csi/organizations/directory/,2026-08-31,Not Contacted,Org verified in SCU 2026 RSO directory. Listed contact is Center for Student Involvement; ask for current officer contact.
Initial User Gatekeeper,Microfinance Association,,University Student Organization,Santa Clara University,"Santa Clara, CA, US",,tvanadilok@scu.edu,Email,mailto:tvanadilok@scu.edu,https://www.scu.edu/csi/organizations/directory/,"Members are students in technical, business, or intensive academic communities with heavy laptop use.","7-Day Lock-In Challenge for SCU members; free Pro, founder-led onboarding, and results shared back to the group.",Could you connect me with the current club president or share a 7-day focus challenge with members?,7,9,8,https://www.scu.edu/csi/organizations/directory/,2026-08-31,Not Contacted,Org verified in SCU 2026 RSO directory. Listed contact is Center for Student Involvement; ask for current officer contact.
Initial User Gatekeeper,Phi Chi Theta,,University Student Organization,Santa Clara University,"Santa Clara, CA, US",,tvanadilok@scu.edu,Email,mailto:tvanadilok@scu.edu,https://www.scu.edu/csi/organizations/directory/,"Members are students in technical, business, or intensive academic communities with heavy laptop use.","7-Day Lock-In Challenge for SCU members; free Pro, founder-led onboarding, and results shared back to the group.",Could you connect me with the current club president or share a 7-day focus challenge with members?,7,9,8,https://www.scu.edu/csi/organizations/directory/,2026-08-31,Not Contacted,Org verified in SCU 2026 RSO directory. Listed contact is Center for Student Involvement; ask for current officer contact.
Initial User Gatekeeper,Product Launch,,University Student Organization,Santa Clara University,"Santa Clara, CA, US",,tvanadilok@scu.edu,Email,mailto:tvanadilok@scu.edu,https://www.scu.edu/csi/organizations/directory/,"Members are students in technical, business, or intensive academic communities with heavy laptop use.","7-Day Lock-In Challenge for SCU members; free Pro, founder-led onboarding, and results shared back to the group.",Could you connect me with the current club president or share a 7-day focus challenge with members?,7,9,8,https://www.scu.edu/csi/organizations/directory/,2026-08-31,Not Contacted,Org verified in SCU 2026 RSO directory. Listed contact is Center for Student Involvement; ask for current officer contact.
Initial User Gatekeeper,Real Estate Association,,University Student Organization,Santa Clara University,"Santa Clara, CA, US",,tvanadilok@scu.edu,Email,mailto:tvanadilok@scu.edu,https://www.scu.edu/csi/organizations/directory/,"Members are students in technical, business, or intensive academic communities with heavy laptop use.","7-Day Lock-In Challenge for SCU members; free Pro, founder-led onboarding, and results shared back to the group.",Could you connect me with the current club president or share a 7-day focus challenge with members?,7,9,8,https://www.scu.edu/csi/organizations/directory/,2026-08-31,Not Contacted,Org verified in SCU 2026 RSO directory. Listed contact is Center for Student Involvement; ask for current officer contact.
Initial User Gatekeeper,Santa Clara Consulting,,University Student Organization,Santa Clara University,"Santa Clara, CA, US",,tvanadilok@scu.edu,Email,mailto:tvanadilok@scu.edu,https://www.scu.edu/csi/organizations/directory/,"Members are students in technical, business, or intensive academic communities with heavy laptop use.","7-Day Lock-In Challenge for SCU members; free Pro, founder-led onboarding, and results shared back to the group.",Could you connect me with the current club president or share a 7-day focus challenge with members?,7,9,8,https://www.scu.edu/csi/organizations/directory/,2026-08-31,Not Contacted,Org verified in SCU 2026 RSO directory. Listed contact is Center for Student Involvement; ask for current officer contact.
Initial User Gatekeeper,Santa Clara GetVirtual,,University Student Organization,Santa Clara University,"Santa Clara, CA, US",,tvanadilok@scu.edu,Email,mailto:tvanadilok@scu.edu,https://www.scu.edu/csi/organizations/directory/,"Members are students in technical, business, or intensive academic communities with heavy laptop use.","7-Day Lock-In Challenge for SCU members; free Pro, founder-led onboarding, and results shared back to the group.",Could you connect me with the current club president or share a 7-day focus challenge with members?,7,9,8,https://www.scu.edu/csi/organizations/directory/,2026-08-31,Not Contacted,Org verified in SCU 2026 RSO directory. Listed contact is Center for Student Involvement; ask for current officer contact.
Initial User Gatekeeper,Santa Clara Strategy,,University Student Organization,Santa Clara University,"Santa Clara, CA, US",,tvanadilok@scu.edu,Email,mailto:tvanadilok@scu.edu,https://www.scu.edu/csi/organizations/directory/,"Members are students in technical, business, or intensive academic communities with heavy laptop use.","7-Day Lock-In Challenge for SCU members; free Pro, founder-led onboarding, and results shared back to the group.",Could you connect me with the current club president or share a 7-day focus challenge with members?,7,9,8,https://www.scu.edu/csi/organizations/directory/,2026-08-31,Not Contacted,Org verified in SCU 2026 RSO directory. Listed contact is Center for Student Involvement; ask for current officer contact.
Initial User Gatekeeper,SCU Sports Business,,University Student Organization,Santa Clara University,"Santa Clara, CA, US",,tvanadilok@scu.edu,Email,mailto:tvanadilok@scu.edu,https://www.scu.edu/csi/organizations/directory/,"Members are students in technical, business, or intensive academic communities with heavy laptop use.","7-Day Lock-In Challenge for SCU members; free Pro, founder-led onboarding, and results shared back to the group.",Could you connect me with the current club president or share a 7-day focus challenge with members?,7,9,8,https://www.scu.edu/csi/organizations/directory/,2026-08-31,Not Contacted,Org verified in SCU 2026 RSO directory. Listed contact is Center for Student Involvement; ask for current officer contact.
Initial User Gatekeeper,Tech Sales Network,,University Student Organization,Santa Clara University,"Santa Clara, CA, US",,tvanadilok@scu.edu,Email,mailto:tvanadilok@scu.edu,https://www.scu.edu/csi/organizations/directory/,"Members are students in technical, business, or intensive academic communities with heavy laptop use.","7-Day Lock-In Challenge for SCU members; free Pro, founder-led onboarding, and results shared back to the group.",Could you connect me with the current club president or share a 7-day focus challenge with members?,7,9,8,https://www.scu.edu/csi/organizations/directory/,2026-08-31,Not Contacted,Org verified in SCU 2026 RSO directory. Listed contact is Center for Student Involvement; ask for current officer contact.
Initial User Gatekeeper,The Investment Club,,University Student Organization,Santa Clara University,"Santa Clara, CA, US",,tvanadilok@scu.edu,Email,mailto:tvanadilok@scu.edu,https://www.scu.edu/csi/organizations/directory/,"Members are students in technical, business, or intensive academic communities with heavy laptop use.","7-Day Lock-In Challenge for SCU members; free Pro, founder-led onboarding, and results shared back to the group.",Could you connect me with the current club president or share a 7-day focus challenge with members?,7,9,8,https://www.scu.edu/csi/organizations/directory/,2026-08-31,Not Contacted,Org verified in SCU 2026 RSO directory. Listed contact is Center for Student Involvement; ask for current officer contact.
Initial User Gatekeeper,Undergraduate Marketing Association,,University Student Organization,Santa Clara University,"Santa Clara, CA, US",,tvanadilok@scu.edu,Email,mailto:tvanadilok@scu.edu,https://www.scu.edu/csi/organizations/directory/,"Members are students in technical, business, or intensive academic communities with heavy laptop use.","7-Day Lock-In Challenge for SCU members; free Pro, founder-led onboarding, and results shared back to the group.",Could you connect me with the current club president or share a 7-day focus challenge with members?,7,9,8,https://www.scu.edu/csi/organizations/directory/,2026-08-31,Not Contacted,Org verified in SCU 2026 RSO directory. Listed contact is Center for Student Involvement; ask for current officer contact.
Initial User Gatekeeper,Women in Business,,University Student Organization,Santa Clara University,"Santa Clara, CA, US",,tvanadilok@scu.edu,Email,mailto:tvanadilok@scu.edu,https://www.scu.edu/csi/organizations/directory/,"Members are students in technical, business, or intensive academic communities with heavy laptop use.","7-Day Lock-In Challenge for SCU members; free Pro, founder-led onboarding, and results shared back to the group.",Could you connect me with the current club president or share a 7-day focus challenge with members?,7,9,8,https://www.scu.edu/csi/organizations/directory/,2026-08-31,Not Contacted,Org verified in SCU 2026 RSO directory. Listed contact is Center for Student Involvement; ask for current officer contact.
Initial User Gatekeeper,Women in Investment,,University Student Organization,Santa Clara University,"Santa Clara, CA, US",,tvanadilok@scu.edu,Email,mailto:tvanadilok@scu.edu,https://www.scu.edu/csi/organizations/directory/,"Members are students in technical, business, or intensive academic communities with heavy laptop use.","7-Day Lock-In Challenge for SCU members; free Pro, founder-led onboarding, and results shared back to the group.",Could you connect me with the current club president or share a 7-day focus challenge with members?,7,9,8,https://www.scu.edu/csi/organizations/directory/,2026-08-31,Not Contacted,Org verified in SCU 2026 RSO directory. Listed contact is Center for Student Involvement; ask for current officer contact.
Initial User Gatekeeper,AI Collaborate,,University Student Organization,Santa Clara University,"Santa Clara, CA, US",,tvanadilok@scu.edu,Email,mailto:tvanadilok@scu.edu,https://www.scu.edu/csi/organizations/directory/,"Members are students in technical, business, or intensive academic communities with heavy laptop use.","7-Day Lock-In Challenge for SCU members; free Pro, founder-led onboarding, and results shared back to the group.",Could you connect me with the current club president or share a 7-day focus challenge with members?,7,9,8,https://www.scu.edu/csi/organizations/directory/,2026-08-31,Not Contacted,Org verified in SCU 2026 RSO directory. Listed contact is Center for Student Involvement; ask for current officer contact.
Initial User Gatekeeper,American Institute of Aeronautics & Astronautics,,University Student Organization,Santa Clara University,"Santa Clara, CA, US",,tvanadilok@scu.edu,Email,mailto:tvanadilok@scu.edu,https://www.scu.edu/csi/organizations/directory/,"Members are students in technical, business, or intensive academic communities with heavy laptop use.","7-Day Lock-In Challenge for SCU members; free Pro, founder-led onboarding, and results shared back to the group.",Could you connect me with the current club president or share a 7-day focus challenge with members?,7,9,8,https://www.scu.edu/csi/organizations/directory/,2026-08-31,Not Contacted,Org verified in SCU 2026 RSO directory. Listed contact is Center for Student Involvement; ask for current officer contact.
Initial User Gatekeeper,American Society of Mechanical Engineers,,University Student Organization,Santa Clara University,"Santa Clara, CA, US",,tvanadilok@scu.edu,Email,mailto:tvanadilok@scu.edu,https://www.scu.edu/csi/organizations/directory/,"Members are students in technical, business, or intensive academic communities with heavy laptop use.","7-Day Lock-In Challenge for SCU members; free Pro, founder-led onboarding, and results shared back to the group.",Could you connect me with the current club president or share a 7-day focus challenge with members?,7,9,8,https://www.scu.edu/csi/organizations/directory/,2026-08-31,Not Contacted,Org verified in SCU 2026 RSO directory. Listed contact is Center for Student Involvement; ask for current officer contact.
Initial User Gatekeeper,Association for Computing Machinery (ACM),,University Student Organization,Santa Clara University,"Santa Clara, CA, US",,tvanadilok@scu.edu,Email,mailto:tvanadilok@scu.edu,https://www.scu.edu/csi/organizations/directory/,"Members are students in technical, business, or intensive academic communities with heavy laptop use.","7-Day Lock-In Challenge for SCU members; free Pro, founder-led onboarding, and results shared back to the group.",Could you connect me with the current club president or share a 7-day focus challenge with members?,7,9,8,https://www.scu.edu/csi/organizations/directory/,2026-08-31,Not Contacted,Org verified in SCU 2026 RSO directory. Listed contact is Center for Student Involvement; ask for current officer contact.
Initial User Gatekeeper,Association for Computing Machinery - Women's Chapter (ACM-W),,University Student Organization,Santa Clara University,"Santa Clara, CA, US",,tvanadilok@scu.edu,Email,mailto:tvanadilok@scu.edu,https://www.scu.edu/csi/organizations/directory/,"Members are students in technical, business, or intensive academic communities with heavy laptop use.","7-Day Lock-In Challenge for SCU members; free Pro, founder-led onboarding, and results shared back to the group.",Could you connect me with the current club president or share a 7-day focus challenge with members?,7,9,8,https://www.scu.edu/csi/organizations/directory/,2026-08-31,Not Contacted,Org verified in SCU 2026 RSO directory. Listed contact is Center for Student Involvement; ask for current officer contact.
Initial User Gatekeeper,Biomedical Engineering Society,,University Student Organization,Santa Clara University,"Santa Clara, CA, US",,tvanadilok@scu.edu,Email,mailto:tvanadilok@scu.edu,https://www.scu.edu/csi/organizations/directory/,"Members are students in technical, business, or intensive academic communities with heavy laptop use.","7-Day Lock-In Challenge for SCU members; free Pro, founder-led onboarding, and results shared back to the group.",Could you connect me with the current club president or share a 7-day focus challenge with members?,7,9,8,https://www.scu.edu/csi/organizations/directory/,2026-08-31,Not Contacted,Org verified in SCU 2026 RSO directory. Listed contact is Center for Student Involvement; ask for current officer contact.
Initial User Gatekeeper,Engineers Without Borders,,University Student Organization,Santa Clara University,"Santa Clara, CA, US",,tvanadilok@scu.edu,Email,mailto:tvanadilok@scu.edu,https://www.scu.edu/csi/organizations/directory/,"Members are students in technical, business, or intensive academic communities with heavy laptop use.","7-Day Lock-In Challenge for SCU members; free Pro, founder-led onboarding, and results shared back to the group.",Could you connect me with the current club president or share a 7-day focus challenge with members?,7,9,8,https://www.scu.edu/csi/organizations/directory/,2026-08-31,Not Contacted,Org verified in SCU 2026 RSO directory. Listed contact is Center for Student Involvement; ask for current officer contact.
Initial User Gatekeeper,Institute of Electrical and Electronics Engineers (IEEE),,University Student Organization,Santa Clara University,"Santa Clara, CA, US",,tvanadilok@scu.edu,Email,mailto:tvanadilok@scu.edu,https://www.scu.edu/csi/organizations/directory/,"Members are students in technical, business, or intensive academic communities with heavy laptop use.","7-Day Lock-In Challenge for SCU members; free Pro, founder-led onboarding, and results shared back to the group.",Could you connect me with the current club president or share a 7-day focus challenge with members?,7,9,8,https://www.scu.edu/csi/organizations/directory/,2026-08-31,Not Contacted,Org verified in SCU 2026 RSO directory. Listed contact is Center for Student Involvement; ask for current officer contact.
Initial User Gatekeeper,Santa Clara Formula SAE,,University Student Organization,Santa Clara University,"Santa Clara, CA, US",,tvanadilok@scu.edu,Email,mailto:tvanadilok@scu.edu,https://www.scu.edu/csi/organizations/directory/,"Members are students in technical, business, or intensive academic communities with heavy laptop use.","7-Day Lock-In Challenge for SCU members; free Pro, founder-led onboarding, and results shared back to the group.",Could you connect me with the current club president or share a 7-day focus challenge with members?,7,9,8,https://www.scu.edu/csi/organizations/directory/,2026-08-31,Not Contacted,Org verified in SCU 2026 RSO directory. Listed contact is Center for Student Involvement; ask for current officer contact.
Initial User Gatekeeper,Santa Clara University Robotics,,University Student Organization,Santa Clara University,"Santa Clara, CA, US",,tvanadilok@scu.edu,Email,mailto:tvanadilok@scu.edu,https://www.scu.edu/csi/organizations/directory/,"Members are students in technical, business, or intensive academic communities with heavy laptop use.","7-Day Lock-In Challenge for SCU members; free Pro, founder-led onboarding, and results shared back to the group.",Could you connect me with the current club president or share a 7-day focus challenge with members?,7,9,8,https://www.scu.edu/csi/organizations/directory/,2026-08-31,Not Contacted,Org verified in SCU 2026 RSO directory. Listed contact is Center for Student Involvement; ask for current officer contact.
Initial User Gatekeeper,SCU Maker Club,,University Student Organization,Santa Clara University,"Santa Clara, CA, US",,tvanadilok@scu.edu,Email,mailto:tvanadilok@scu.edu,https://www.scu.edu/csi/organizations/directory/,"Members are students in technical, business, or intensive academic communities with heavy laptop use.","7-Day Lock-In Challenge for SCU members; free Pro, founder-led onboarding, and results shared back to the group.",Could you connect me with the current club president or share a 7-day focus challenge with members?,7,9,8,https://www.scu.edu/csi/organizations/directory/,2026-08-31,Not Contacted,Org verified in SCU 2026 RSO directory. Listed contact is Center for Student Involvement; ask for current officer contact.
Initial User Gatekeeper,Society of Hispanic Professional Engineers,,University Student Organization,Santa Clara University,"Santa Clara, CA, US",,tvanadilok@scu.edu,Email,mailto:tvanadilok@scu.edu,https://www.scu.edu/csi/organizations/directory/,"Members are students in technical, business, or intensive academic communities with heavy laptop use.","7-Day Lock-In Challenge for SCU members; free Pro, founder-led onboarding, and results shared back to the group.",Could you connect me with the current club president or share a 7-day focus challenge with members?,7,9,8,https://www.scu.edu/csi/organizations/directory/,2026-08-31,Not Contacted,Org verified in SCU 2026 RSO directory. Listed contact is Center for Student Involvement; ask for current officer contact.
Initial User Gatekeeper,Society of Women Engineers,,University Student Organization,Santa Clara University,"Santa Clara, CA, US",,tvanadilok@scu.edu,Email,mailto:tvanadilok@scu.edu,https://www.scu.edu/csi/organizations/directory/,"Members are students in technical, business, or intensive academic communities with heavy laptop use.","7-Day Lock-In Challenge for SCU members; free Pro, founder-led onboarding, and results shared back to the group.",Could you connect me with the current club president or share a 7-day focus challenge with members?,7,9,8,https://www.scu.edu/csi/organizations/directory/,2026-08-31,Not Contacted,Org verified in SCU 2026 RSO directory. Listed contact is Center for Student Involvement; ask for current officer contact.
Initial User Gatekeeper,Theta Tau,,University Student Organization,Santa Clara University,"Santa Clara, CA, US",,tvanadilok@scu.edu,Email,mailto:tvanadilok@scu.edu,https://www.scu.edu/csi/organizations/directory/,"Members are students in technical, business, or intensive academic communities with heavy laptop use.","7-Day Lock-In Challenge for SCU members; free Pro, founder-led onboarding, and results shared back to the group.",Could you connect me with the current club president or share a 7-day focus challenge with members?,7,9,8,https://www.scu.edu/csi/organizations/directory/,2026-08-31,Not Contacted,Org verified in SCU 2026 RSO directory. Listed contact is Center for Student Involvement; ask for current officer contact.
Initial User Gatekeeper,Women in Cybersecurity,,University Student Organization,Santa Clara University,"Santa Clara, CA, US",,tvanadilok@scu.edu,Email,mailto:tvanadilok@scu.edu,https://www.scu.edu/csi/organizations/directory/,"Members are students in technical, business, or intensive academic communities with heavy laptop use.","7-Day Lock-In Challenge for SCU members; free Pro, founder-led onboarding, and results shared back to the group.",Could you connect me with the current club president or share a 7-day focus challenge with members?,7,9,8,https://www.scu.edu/csi/organizations/directory/,2026-08-31,Not Contacted,Org verified in SCU 2026 RSO directory. Listed contact is Center for Student Involvement; ask for current officer contact.
Initial User Gatekeeper,Women in Electrical Engineering,,University Student Organization,Santa Clara University,"Santa Clara, CA, US",,tvanadilok@scu.edu,Email,mailto:tvanadilok@scu.edu,https://www.scu.edu/csi/organizations/directory/,"Members are students in technical, business, or intensive academic communities with heavy laptop use.","7-Day Lock-In Challenge for SCU members; free Pro, founder-led onboarding, and results shared back to the group.",Could you connect me with the current club president or share a 7-day focus challenge with members?,7,9,8,https://www.scu.edu/csi/organizations/directory/,2026-08-31,Not Contacted,Org verified in SCU 2026 RSO directory. Listed contact is Center for Student Involvement; ask for current officer contact.
Initial User Gatekeeper,Esports & Gaming Club,,University Student Organization,Santa Clara University,"Santa Clara, CA, US",,tvanadilok@scu.edu,Email,mailto:tvanadilok@scu.edu,https://www.scu.edu/csi/organizations/directory/,"Members are students in technical, business, or intensive academic communities with heavy laptop use.","7-Day Lock-In Challenge for SCU members; free Pro, founder-led onboarding, and results shared back to the group.",Could you connect me with the current club president or share a 7-day focus challenge with members?,7,9,8,https://www.scu.edu/csi/organizations/directory/,2026-08-31,Not Contacted,Org verified in SCU 2026 RSO directory. Listed contact is Center for Student Involvement; ask for current officer contact.
Initial User Gatekeeper,VR/AR Club,,University Student Organization,Santa Clara University,"Santa Clara, CA, US",,tvanadilok@scu.edu,Email,mailto:tvanadilok@scu.edu,https://www.scu.edu/csi/organizations/directory/,"Members are students in technical, business, or intensive academic communities with heavy laptop use.","7-Day Lock-In Challenge for SCU members; free Pro, founder-led onboarding, and results shared back to the group.",Could you connect me with the current club president or share a 7-day focus challenge with members?,7,9,8,https://www.scu.edu/csi/organizations/directory/,2026-08-31,Not Contacted,Org verified in SCU 2026 RSO directory. Listed contact is Center for Student Involvement; ask for current officer contact.
Initial User Gatekeeper,Video Game Design Club,,University Student Organization,Santa Clara University,"Santa Clara, CA, US",,tvanadilok@scu.edu,Email,mailto:tvanadilok@scu.edu,https://www.scu.edu/csi/organizations/directory/,"Members are students in technical, business, or intensive academic communities with heavy laptop use.","7-Day Lock-In Challenge for SCU members; free Pro, founder-led onboarding, and results shared back to the group.",Could you connect me with the current club president or share a 7-day focus challenge with members?,7,9,8,https://www.scu.edu/csi/organizations/directory/,2026-08-31,Not Contacted,Org verified in SCU 2026 RSO directory. Listed contact is Center for Student Involvement; ask for current officer contact.
Initial User Gatekeeper,TEDxSantaClaraUniversity,,University Student Organization,Santa Clara University,"Santa Clara, CA, US",,tvanadilok@scu.edu,Email,mailto:tvanadilok@scu.edu,https://www.scu.edu/csi/organizations/directory/,"Members are students in technical, business, or intensive academic communities with heavy laptop use.","7-Day Lock-In Challenge for SCU members; free Pro, founder-led onboarding, and results shared back to the group.",Could you connect me with the current club president or share a 7-day focus challenge with members?,7,9,8,https://www.scu.edu/csi/organizations/directory/,2026-08-31,Not Contacted,Org verified in SCU 2026 RSO directory. Listed contact is Center for Student Involvement; ask for current officer contact.
Initial User Gatekeeper,West Lafayette Undergraduate Student Board,,University CS / Builder Organization,Purdue University,"Indiana, US",,usb@cs.purdue.edu,Email,mailto:usb@cs.purdue.edu,https://cs.purdue.edu/student-experience/clubs-organizations.html,"Purdue CS/builders are highly aligned with long laptop work sessions, projects, and deadline-driven focus.",Developer Lock-In Sprint: free Pro for one week during project/exam season.,Would you share this with 10–30 members who want to test a physical-key distraction blocker?,9,10,10,https://cs.purdue.edu/student-experience/clubs-organizations.html,2026-08-31,Not Contacted,Organization and any listed email verified on Purdue CS club directory.
Initial User Gatekeeper,Graduate Student Association,,University CS / Builder Organization,Purdue University,"Indiana, US",,csgsb@purdue.edu,Email,mailto:csgsb@purdue.edu,https://cs.purdue.edu/student-experience/clubs-organizations.html,"Purdue CS/builders are highly aligned with long laptop work sessions, projects, and deadline-driven focus.",Developer Lock-In Sprint: free Pro for one week during project/exam season.,Would you share this with 10–30 members who want to test a physical-key distraction blocker?,9,10,10,https://cs.purdue.edu/student-experience/clubs-organizations.html,2026-08-31,Not Contacted,Organization and any listed email verified on Purdue CS club directory.
Initial User Gatekeeper,Anvil,,University CS / Builder Organization,Purdue University,"Indiana, US",,contact@anvilstartups.com,Email,mailto:contact@anvilstartups.com,https://cs.purdue.edu/student-experience/clubs-organizations.html,"Purdue CS/builders are highly aligned with long laptop work sessions, projects, and deadline-driven focus.",Developer Lock-In Sprint: free Pro for one week during project/exam season.,Would you share this with 10–30 members who want to test a physical-key distraction blocker?,9,10,10,https://cs.purdue.edu/student-experience/clubs-organizations.html,2026-08-31,Not Contacted,Organization and any listed email verified on Purdue CS club directory.
Initial User Gatekeeper,Association for Computing Machinery,,University CS / Builder Organization,Purdue University,"Indiana, US",,acm@purdue.edu,Email,mailto:acm@purdue.edu,https://cs.purdue.edu/student-experience/clubs-organizations.html,"Purdue CS/builders are highly aligned with long laptop work sessions, projects, and deadline-driven focus.",Developer Lock-In Sprint: free Pro for one week during project/exam season.,Would you share this with 10–30 members who want to test a physical-key distraction blocker?,9,10,10,https://cs.purdue.edu/student-experience/clubs-organizations.html,2026-08-31,Not Contacted,Organization and any listed email verified on Purdue CS club directory.
Initial User Gatekeeper,Association of Multicultural Computer Scientists,,University CS / Builder Organization,Purdue University,"Indiana, US",,amcs@cs.purdue.edu,Email,mailto:amcs@cs.purdue.edu,https://cs.purdue.edu/student-experience/clubs-organizations.html,"Purdue CS/builders are highly aligned with long laptop work sessions, projects, and deadline-driven focus.",Developer Lock-In Sprint: free Pro for one week during project/exam season.,Would you share this with 10–30 members who want to test a physical-key distraction blocker?,9,10,10,https://cs.purdue.edu/student-experience/clubs-organizations.html,2026-08-31,Not Contacted,Organization and any listed email verified on Purdue CS club directory.
Initial User Gatekeeper,Autonomous Robotics Club,,University CS / Builder Organization,Purdue University,"Indiana, US",,Official org page / Purdue club directory,Official page,https://cs.purdue.edu/student-experience/clubs-organizations.html,https://cs.purdue.edu/student-experience/clubs-organizations.html,"Purdue CS/builders are highly aligned with long laptop work sessions, projects, and deadline-driven focus.",Developer Lock-In Sprint: free Pro for one week during project/exam season.,Would you share this with 10–30 members who want to test a physical-key distraction blocker?,7,10,8,https://cs.purdue.edu/student-experience/clubs-organizations.html,2026-08-31,Not Contacted,Organization and any listed email verified on Purdue CS club directory.
Initial User Gatekeeper,Boiler Blockchain,,University CS / Builder Organization,Purdue University,"Indiana, US",,BoilerBlockchain@gmail.com,Email,mailto:BoilerBlockchain@gmail.com,https://cs.purdue.edu/student-experience/clubs-organizations.html,"Purdue CS/builders are highly aligned with long laptop work sessions, projects, and deadline-driven focus.",Developer Lock-In Sprint: free Pro for one week during project/exam season.,Would you share this with 10–30 members who want to test a physical-key distraction blocker?,9,10,10,https://cs.purdue.edu/student-experience/clubs-organizations.html,2026-08-31,Not Contacted,Organization and any listed email verified on Purdue CS club directory.
Initial User Gatekeeper,BoilerMake,,University CS / Builder Organization,Purdue University,"Indiana, US",,team@boilermake.org,Email,mailto:team@boilermake.org,https://cs.purdue.edu/student-experience/clubs-organizations.html,"Purdue CS/builders are highly aligned with long laptop work sessions, projects, and deadline-driven focus.",Developer Lock-In Sprint: free Pro for one week during project/exam season.,Would you share this with 10–30 members who want to test a physical-key distraction blocker?,9,10,10,https://cs.purdue.edu/student-experience/clubs-organizations.html,2026-08-31,Not Contacted,Organization and any listed email verified on Purdue CS club directory.
Initial User Gatekeeper,Capture The Flag team (b01lers),,University CS / Builder Organization,Purdue University,"Indiana, US",,ctf@purdue.edu,Email,mailto:ctf@purdue.edu,https://cs.purdue.edu/student-experience/clubs-organizations.html,"Purdue CS/builders are highly aligned with long laptop work sessions, projects, and deadline-driven focus.",Developer Lock-In Sprint: free Pro for one week during project/exam season.,Would you share this with 10–30 members who want to test a physical-key distraction blocker?,9,10,10,https://cs.purdue.edu/student-experience/clubs-organizations.html,2026-08-31,Not Contacted,Organization and any listed email verified on Purdue CS club directory.
Initial User Gatekeeper,Competitive Programmers Union,,University CS / Builder Organization,Purdue University,"Indiana, US",,cpuorg@purdue.edu,Email,mailto:cpuorg@purdue.edu,https://cs.purdue.edu/student-experience/clubs-organizations.html,"Purdue CS/builders are highly aligned with long laptop work sessions, projects, and deadline-driven focus.",Developer Lock-In Sprint: free Pro for one week during project/exam season.,Would you share this with 10–30 members who want to test a physical-key distraction blocker?,9,10,10,https://cs.purdue.edu/student-experience/clubs-organizations.html,2026-08-31,Not Contacted,Organization and any listed email verified on Purdue CS club directory.
Initial User Gatekeeper,Computer Science Women's Network,,University CS / Builder Organization,Purdue University,"Indiana, US",,cswn@cs.purdue.edu,Email,mailto:cswn@cs.purdue.edu,https://cs.purdue.edu/student-experience/clubs-organizations.html,"Purdue CS/builders are highly aligned with long laptop work sessions, projects, and deadline-driven focus.",Developer Lock-In Sprint: free Pro for one week during project/exam season.,Would you share this with 10–30 members who want to test a physical-key distraction blocker?,9,10,10,https://cs.purdue.edu/student-experience/clubs-organizations.html,2026-08-31,Not Contacted,Organization and any listed email verified on Purdue CS club directory.
Initial User Gatekeeper,Girls Who Code - Purdue College Loop,,University CS / Builder Organization,Purdue University,"Indiana, US",,girlswhocode.purdue@gmail.com,Email,mailto:girlswhocode.purdue@gmail.com,https://cs.purdue.edu/student-experience/clubs-organizations.html,"Purdue CS/builders are highly aligned with long laptop work sessions, projects, and deadline-driven focus.",Developer Lock-In Sprint: free Pro for one week during project/exam season.,Would you share this with 10–30 members who want to test a physical-key distraction blocker?,9,10,10,https://cs.purdue.edu/student-experience/clubs-organizations.html,2026-08-31,Not Contacted,Organization and any listed email verified on Purdue CS club directory.
Initial User Gatekeeper,Hack the Future at Purdue,,University CS / Builder Organization,Purdue University,"Indiana, US",,htfpurdue@gmail.com,Email,mailto:htfpurdue@gmail.com,https://cs.purdue.edu/student-experience/clubs-organizations.html,"Purdue CS/builders are highly aligned with long laptop work sessions, projects, and deadline-driven focus.",Developer Lock-In Sprint: free Pro for one week during project/exam season.,Would you share this with 10–30 members who want to test a physical-key distraction blocker?,9,10,10,https://cs.purdue.edu/student-experience/clubs-organizations.html,2026-08-31,Not Contacted,Organization and any listed email verified on Purdue CS club directory.
Initial User Gatekeeper,Hello World,,University CS / Builder Organization,Purdue University,"Indiana, US",,helloworldpurdue@gmail.com,Email,mailto:helloworldpurdue@gmail.com,https://cs.purdue.edu/student-experience/clubs-organizations.html,"Purdue CS/builders are highly aligned with long laptop work sessions, projects, and deadline-driven focus.",Developer Lock-In Sprint: free Pro for one week during project/exam season.,Would you share this with 10–30 members who want to test a physical-key distraction blocker?,9,10,10,https://cs.purdue.edu/student-experience/clubs-organizations.html,2026-08-31,Not Contacted,Organization and any listed email verified on Purdue CS club directory.
Initial User Gatekeeper,Humanoid Robot Club Purdue,,University CS / Builder Organization,Purdue University,"Indiana, US",,humanoid@purdue.edu,Email,mailto:humanoid@purdue.edu,https://cs.purdue.edu/student-experience/clubs-organizations.html,"Purdue CS/builders are highly aligned with long laptop work sessions, projects, and deadline-driven focus.",Developer Lock-In Sprint: free Pro for one week during project/exam season.,Would you share this with 10–30 members who want to test a physical-key distraction blocker?,9,10,10,https://cs.purdue.edu/student-experience/clubs-organizations.html,2026-08-31,Not Contacted,Organization and any listed email verified on Purdue CS club directory.
Initial User Gatekeeper,InnovateHer,,University CS / Builder Organization,Purdue University,"Indiana, US",,InnovateHerHacks@gmail.com,Email,mailto:InnovateHerHacks@gmail.com,https://cs.purdue.edu/student-experience/clubs-organizations.html,"Purdue CS/builders are highly aligned with long laptop work sessions, projects, and deadline-driven focus.",Developer Lock-In Sprint: free Pro for one week during project/exam season.,Would you share this with 10–30 members who want to test a physical-key distraction blocker?,9,10,10,https://cs.purdue.edu/student-experience/clubs-organizations.html,2026-08-31,Not Contacted,Organization and any listed email verified on Purdue CS club directory.
Initial User Gatekeeper,Launchpad,,University CS / Builder Organization,Purdue University,"Indiana, US",,launchpadpurdue@gmail.com,Email,mailto:launchpadpurdue@gmail.com,https://cs.purdue.edu/student-experience/clubs-organizations.html,"Purdue CS/builders are highly aligned with long laptop work sessions, projects, and deadline-driven focus.",Developer Lock-In Sprint: free Pro for one week during project/exam season.,Would you share this with 10–30 members who want to test a physical-key distraction blocker?,9,10,10,https://cs.purdue.edu/student-experience/clubs-organizations.html,2026-08-31,Not Contacted,Organization and any listed email verified on Purdue CS club directory.
Initial User Gatekeeper,Machine Learning @ Purdue,,University CS / Builder Organization,Purdue University,"Indiana, US",,aiml@purdue.edu,Email,mailto:aiml@purdue.edu,https://cs.purdue.edu/student-experience/clubs-organizations.html,"Purdue CS/builders are highly aligned with long laptop work sessions, projects, and deadline-driven focus.",Developer Lock-In Sprint: free Pro for one week during project/exam season.,Would you share this with 10–30 members who want to test a physical-key distraction blocker?,9,10,10,https://cs.purdue.edu/student-experience/clubs-organizations.html,2026-08-31,Not Contacted,Organization and any listed email verified on Purdue CS club directory.
Initial User Gatekeeper,Purdue Hackers,,University CS / Builder Organization,Purdue University,"Indiana, US",,purduehackers@gmail.com,Email,mailto:purduehackers@gmail.com,https://cs.purdue.edu/student-experience/clubs-organizations.html,"Purdue CS/builders are highly aligned with long laptop work sessions, projects, and deadline-driven focus.",Developer Lock-In Sprint: free Pro for one week during project/exam season.,Would you share this with 10–30 members who want to test a physical-key distraction blocker?,9,10,10,https://cs.purdue.edu/student-experience/clubs-organizations.html,2026-08-31,Not Contacted,Organization and any listed email verified on Purdue CS club directory.
Initial User Gatekeeper,Purdue IEEE,,University CS / Builder Organization,Purdue University,"Indiana, US",,Official org page / Purdue club directory,Official page,https://cs.purdue.edu/student-experience/clubs-organizations.html,https://cs.purdue.edu/student-experience/clubs-organizations.html,"Purdue CS/builders are highly aligned with long laptop work sessions, projects, and deadline-driven focus.",Developer Lock-In Sprint: free Pro for one week during project/exam season.,Would you share this with 10–30 members who want to test a physical-key distraction blocker?,7,10,8,https://cs.purdue.edu/student-experience/clubs-organizations.html,2026-08-31,Not Contacted,Organization and any listed email verified on Purdue CS club directory.
Initial User Gatekeeper,Purdue Linux Users Group,,University CS / Builder Organization,Purdue University,"Indiana, US",,officers@purduelug.org,Email,mailto:officers@purduelug.org,https://cs.purdue.edu/student-experience/clubs-organizations.html,"Purdue CS/builders are highly aligned with long laptop work sessions, projects, and deadline-driven focus.",Developer Lock-In Sprint: free Pro for one week during project/exam season.,Would you share this with 10–30 members who want to test a physical-key distraction blocker?,9,10,10,https://cs.purdue.edu/student-experience/clubs-organizations.html,2026-08-31,Not Contacted,Organization and any listed email verified on Purdue CS club directory.
Initial User Gatekeeper,Purdue Solar Racing,,University CS / Builder Organization,Purdue University,"Indiana, US",,president@purduesolar.org,Email,mailto:president@purduesolar.org,https://cs.purdue.edu/student-experience/clubs-organizations.html,"Purdue CS/builders are highly aligned with long laptop work sessions, projects, and deadline-driven focus.",Developer Lock-In Sprint: free Pro for one week during project/exam season.,Would you share this with 10–30 members who want to test a physical-key distraction blocker?,9,10,10,https://cs.purdue.edu/student-experience/clubs-organizations.html,2026-08-31,Not Contacted,Organization and any listed email verified on Purdue CS club directory.
Initial User Gatekeeper,RoboMaster Club,,University CS / Builder Organization,Purdue University,"Indiana, US",,rmc@purdue.edu,Email,mailto:rmc@purdue.edu,https://cs.purdue.edu/student-experience/clubs-organizations.html,"Purdue CS/builders are highly aligned with long laptop work sessions, projects, and deadline-driven focus.",Developer Lock-In Sprint: free Pro for one week during project/exam season.,Would you share this with 10–30 members who want to test a physical-key distraction blocker?,9,10,10,https://cs.purdue.edu/student-experience/clubs-organizations.html,2026-08-31,Not Contacted,Organization and any listed email verified on Purdue CS club directory.
Initial User Gatekeeper,Space and Earth Analogs Research Chapter,,University CS / Builder Organization,Purdue University,"Indiana, US",,purduesearch@gmail.com,Email,mailto:purduesearch@gmail.com,https://cs.purdue.edu/student-experience/clubs-organizations.html,"Purdue CS/builders are highly aligned with long laptop work sessions, projects, and deadline-driven focus.",Developer Lock-In Sprint: free Pro for one week during project/exam season.,Would you share this with 10–30 members who want to test a physical-key distraction blocker?,9,10,10,https://cs.purdue.edu/student-experience/clubs-organizations.html,2026-08-31,Not Contacted,Organization and any listed email verified on Purdue CS club directory.
Initial User Gatekeeper,Siam@Purdue,,University CS / Builder Organization,Purdue University,"Indiana, US",,siam@purdue.edu,Email,mailto:siam@purdue.edu,https://cs.purdue.edu/student-experience/clubs-organizations.html,"Purdue CS/builders are highly aligned with long laptop work sessions, projects, and deadline-driven focus.",Developer Lock-In Sprint: free Pro for one week during project/exam season.,Would you share this with 10–30 members who want to test a physical-key distraction blocker?,9,10,10,https://cs.purdue.edu/student-experience/clubs-organizations.html,2026-08-31,Not Contacted,Organization and any listed email verified on Purdue CS club directory.
Initial User Gatekeeper,Upsilon Pi Epsilon,,University CS / Builder Organization,Purdue University,"Indiana, US",,Official org page / Purdue club directory,Official page,https://cs.purdue.edu/student-experience/clubs-organizations.html,https://cs.purdue.edu/student-experience/clubs-organizations.html,"Purdue CS/builders are highly aligned with long laptop work sessions, projects, and deadline-driven focus.",Developer Lock-In Sprint: free Pro for one week during project/exam season.,Would you share this with 10–30 members who want to test a physical-key distraction blocker?,7,10,8,https://cs.purdue.edu/student-experience/clubs-organizations.html,2026-08-31,Not Contacted,Organization and any listed email verified on Purdue CS club directory.
Initial User Gatekeeper,Web Dev Club,,University CS / Builder Organization,Purdue University,"Indiana, US",,wdc@purdue.edu,Email,mailto:wdc@purdue.edu,https://cs.purdue.edu/student-experience/clubs-organizations.html,"Purdue CS/builders are highly aligned with long laptop work sessions, projects, and deadline-driven focus.",Developer Lock-In Sprint: free Pro for one week during project/exam season.,Would you share this with 10–30 members who want to test a physical-key distraction blocker?,9,10,10,https://cs.purdue.edu/student-experience/clubs-organizations.html,2026-08-31,Not Contacted,Organization and any listed email verified on Purdue CS club directory.
Initial User Gatekeeper,Indianapolis Undergraduate Student Board,,University CS / Builder Organization,Purdue University,"Indiana, US",,ibrahimf@purdue.edu,Email,mailto:ibrahimf@purdue.edu,https://cs.purdue.edu/student-experience/clubs-organizations.html,"Purdue CS/builders are highly aligned with long laptop work sessions, projects, and deadline-driven focus.",Developer Lock-In Sprint: free Pro for one week during project/exam season.,Would you share this with 10–30 members who want to test a physical-key distraction blocker?,9,10,10,https://cs.purdue.edu/student-experience/clubs-organizations.html,2026-08-31,Not Contacted,Organization and any listed email verified on Purdue CS club directory.
Initial User Gatekeeper,PINSecurity,,University CS / Builder Organization,Purdue University,"Indiana, US",,npumphr@purdue.edu,Email,mailto:npumphr@purdue.edu,https://cs.purdue.edu/student-experience/clubs-organizations.html,"Purdue CS/builders are highly aligned with long laptop work sessions, projects, and deadline-driven focus.",Developer Lock-In Sprint: free Pro for one week during project/exam season.,Would you share this with 10–30 members who want to test a physical-key distraction blocker?,9,10,10,https://cs.purdue.edu/student-experience/clubs-organizations.html,2026-08-31,Not Contacted,Organization and any listed email verified on Purdue CS club directory.
Initial User Gatekeeper,Computer Science Club - Purdue Indianapolis,,University CS / Builder Organization,Purdue University,"Indiana, US",,rtali@purdue.edu,Email,mailto:rtali@purdue.edu,https://cs.purdue.edu/student-experience/clubs-organizations.html,"Purdue CS/builders are highly aligned with long laptop work sessions, projects, and deadline-driven focus.",Developer Lock-In Sprint: free Pro for one week during project/exam season.,Would you share this with 10–30 members who want to test a physical-key distraction blocker?,9,10,10,https://cs.purdue.edu/student-experience/clubs-organizations.html,2026-08-31,Not Contacted,Organization and any listed email verified on Purdue CS club directory.
Initial User Gatekeeper,Computer Science Women's Network - Indianapolis,,University CS / Builder Organization,Purdue University,"Indiana, US",,shanka61@purdue.edu,Email,mailto:shanka61@purdue.edu,https://cs.purdue.edu/student-experience/clubs-organizations.html,"Purdue CS/builders are highly aligned with long laptop work sessions, projects, and deadline-driven focus.",Developer Lock-In Sprint: free Pro for one week during project/exam season.,Would you share this with 10–30 members who want to test a physical-key distraction blocker?,9,10,10,https://cs.purdue.edu/student-experience/clubs-organizations.html,2026-08-31,Not Contacted,Organization and any listed email verified on Purdue CS club directory.
Initial User Gatekeeper,Future Coders Initiative,,University CS / Builder Organization,Purdue University,"Indiana, US",,haynes84@purdue.edu,Email,mailto:haynes84@purdue.edu,https://cs.purdue.edu/student-experience/clubs-organizations.html,"Purdue CS/builders are highly aligned with long laptop work sessions, projects, and deadline-driven focus.",Developer Lock-In Sprint: free Pro for one week during project/exam season.,Would you share this with 10–30 members who want to test a physical-key distraction blocker?,9,10,10,https://cs.purdue.edu/student-experience/clubs-organizations.html,2026-08-31,Not Contacted,Organization and any listed email verified on Purdue CS club directory.
Initial User Gatekeeper,Computer Science Undergraduate Student Board - Indianapolis,,University CS / Builder Organization,Purdue University,"Indiana, US",,ewhao@purdue.edu,Email,mailto:ewhao@purdue.edu,https://cs.purdue.edu/student-experience/clubs-organizations.html,"Purdue CS/builders are highly aligned with long laptop work sessions, projects, and deadline-driven focus.",Developer Lock-In Sprint: free Pro for one week during project/exam season.,Would you share this with 10–30 members who want to test a physical-key distraction blocker?,9,10,10,https://cs.purdue.edu/student-experience/clubs-organizations.html,2026-08-31,Not Contacted,Organization and any listed email verified on Purdue CS club directory.
Initial User Gatekeeper,Professional Practice Ambassadors,,University CS / Builder Organization,Purdue University,"Indiana, US",,ksparsle@purdue.edu,Email,mailto:ksparsle@purdue.edu,https://cs.purdue.edu/student-experience/clubs-organizations.html,"Purdue CS/builders are highly aligned with long laptop work sessions, projects, and deadline-driven focus.",Developer Lock-In Sprint: free Pro for one week during project/exam season.,Would you share this with 10–30 members who want to test a physical-key distraction blocker?,9,10,10,https://cs.purdue.edu/student-experience/clubs-organizations.html,2026-08-31,Not Contacted,Organization and any listed email verified on Purdue CS club directory.
Initial User Gatekeeper,Aggie Space Initiative,,University Engineering / CS Organization,UC Davis,"Davis, CA, US",,Official club site/Instagram linked from UC Davis directory,Official page / Instagram,https://engineering.ucdavis.edu/undergraduates/student-organizations,https://engineering.ucdavis.edu/undergraduates/student-organizations,"Engineering and CS students are laptop-heavy, project-driven, and a strong cohort for testing deep-work friction.",7-Day Engineering Lock-In Challenge around project/exam week; free Pro plus direct founder onboarding.,Could I send you a 3-sentence blurb to share with members?,7,10,8,https://engineering.ucdavis.edu/undergraduates/student-organizations,2026-08-31,Not Contacted,Organization verified on UC Davis College of Engineering 2026 club directory; directory links to each club's official site or Instagram.
Initial User Gatekeeper,Aggie Sports Analytics,,University Engineering / CS Organization,UC Davis,"Davis, CA, US",,Official club site/Instagram linked from UC Davis directory,Official page / Instagram,https://engineering.ucdavis.edu/undergraduates/student-organizations,https://engineering.ucdavis.edu/undergraduates/student-organizations,"Engineering and CS students are laptop-heavy, project-driven, and a strong cohort for testing deep-work friction.",7-Day Engineering Lock-In Challenge around project/exam week; free Pro plus direct founder onboarding.,Could I send you a 3-sentence blurb to share with members?,7,10,8,https://engineering.ucdavis.edu/undergraduates/student-organizations,2026-08-31,Not Contacted,Organization verified on UC Davis College of Engineering 2026 club directory; directory links to each club's official site or Instagram.
Initial User Gatekeeper,American Institute of Chemical Engineers (AIChE),,University Engineering / CS Organization,UC Davis,"Davis, CA, US",,Official club site/Instagram linked from UC Davis directory,Official page / Instagram,https://engineering.ucdavis.edu/undergraduates/student-organizations,https://engineering.ucdavis.edu/undergraduates/student-organizations,"Engineering and CS students are laptop-heavy, project-driven, and a strong cohort for testing deep-work friction.",7-Day Engineering Lock-In Challenge around project/exam week; free Pro plus direct founder onboarding.,Could I send you a 3-sentence blurb to share with members?,7,10,8,https://engineering.ucdavis.edu/undergraduates/student-organizations,2026-08-31,Not Contacted,Organization verified on UC Davis College of Engineering 2026 club directory; directory links to each club's official site or Instagram.
Initial User Gatekeeper,American Society of Civil Engineers (ASCE),,University Engineering / CS Organization,UC Davis,"Davis, CA, US",,Official club site/Instagram linked from UC Davis directory,Official page / Instagram,https://engineering.ucdavis.edu/undergraduates/student-organizations,https://engineering.ucdavis.edu/undergraduates/student-organizations,"Engineering and CS students are laptop-heavy, project-driven, and a strong cohort for testing deep-work friction.",7-Day Engineering Lock-In Challenge around project/exam week; free Pro plus direct founder onboarding.,Could I send you a 3-sentence blurb to share with members?,7,10,8,https://engineering.ucdavis.edu/undergraduates/student-organizations,2026-08-31,Not Contacted,Organization verified on UC Davis College of Engineering 2026 club directory; directory links to each club's official site or Instagram.
Initial User Gatekeeper,American Society of Mechanical Engineers at UC Davis,,University Engineering / CS Organization,UC Davis,"Davis, CA, US",,Official club site/Instagram linked from UC Davis directory,Official page / Instagram,https://engineering.ucdavis.edu/undergraduates/student-organizations,https://engineering.ucdavis.edu/undergraduates/student-organizations,"Engineering and CS students are laptop-heavy, project-driven, and a strong cohort for testing deep-work friction.",7-Day Engineering Lock-In Challenge around project/exam week; free Pro plus direct founder onboarding.,Could I send you a 3-sentence blurb to share with members?,7,10,8,https://engineering.ucdavis.edu/undergraduates/student-organizations,2026-08-31,Not Contacted,Organization verified on UC Davis College of Engineering 2026 club directory; directory links to each club's official site or Instagram.
Initial User Gatekeeper,ASHRAE Student Chapter at UC Davis,,University Engineering / CS Organization,UC Davis,"Davis, CA, US",,Official club site/Instagram linked from UC Davis directory,Official page / Instagram,https://engineering.ucdavis.edu/undergraduates/student-organizations,https://engineering.ucdavis.edu/undergraduates/student-organizations,"Engineering and CS students are laptop-heavy, project-driven, and a strong cohort for testing deep-work friction.",7-Day Engineering Lock-In Challenge around project/exam week; free Pro plus direct founder onboarding.,Could I send you a 3-sentence blurb to share with members?,7,10,8,https://engineering.ucdavis.edu/undergraduates/student-organizations,2026-08-31,Not Contacted,Organization verified on UC Davis College of Engineering 2026 club directory; directory links to each club's official site or Instagram.
Initial User Gatekeeper,BioInnovation Group (BIG),,University Engineering / CS Organization,UC Davis,"Davis, CA, US",,Official club site/Instagram linked from UC Davis directory,Official page / Instagram,https://engineering.ucdavis.edu/undergraduates/student-organizations,https://engineering.ucdavis.edu/undergraduates/student-organizations,"Engineering and CS students are laptop-heavy, project-driven, and a strong cohort for testing deep-work friction.",7-Day Engineering Lock-In Challenge around project/exam week; free Pro plus direct founder onboarding.,Could I send you a 3-sentence blurb to share with members?,7,10,8,https://engineering.ucdavis.edu/undergraduates/student-organizations,2026-08-31,Not Contacted,Organization verified on UC Davis College of Engineering 2026 club directory; directory links to each club's official site or Instagram.
Initial User Gatekeeper,Biomedical Engineering Society (BMES),,University Engineering / CS Organization,UC Davis,"Davis, CA, US",,Official club site/Instagram linked from UC Davis directory,Official page / Instagram,https://engineering.ucdavis.edu/undergraduates/student-organizations,https://engineering.ucdavis.edu/undergraduates/student-organizations,"Engineering and CS students are laptop-heavy, project-driven, and a strong cohort for testing deep-work friction.",7-Day Engineering Lock-In Challenge around project/exam week; free Pro plus direct founder onboarding.,Could I send you a 3-sentence blurb to share with members?,7,10,8,https://engineering.ucdavis.edu/undergraduates/student-organizations,2026-08-31,Not Contacted,Organization verified on UC Davis College of Engineering 2026 club directory; directory links to each club's official site or Instagram.
Initial User Gatekeeper,Computer Science Tutoring Club,,University Engineering / CS Organization,UC Davis,"Davis, CA, US",,Official club site/Instagram linked from UC Davis directory,Official page / Instagram,https://engineering.ucdavis.edu/undergraduates/student-organizations,https://engineering.ucdavis.edu/undergraduates/student-organizations,"Engineering and CS students are laptop-heavy, project-driven, and a strong cohort for testing deep-work friction.",7-Day Engineering Lock-In Challenge around project/exam week; free Pro plus direct founder onboarding.,Could I send you a 3-sentence blurb to share with members?,7,10,8,https://engineering.ucdavis.edu/undergraduates/student-organizations,2026-08-31,Not Contacted,Organization verified on UC Davis College of Engineering 2026 club directory; directory links to each club's official site or Instagram.
Initial User Gatekeeper,Construction Management Club,,University Engineering / CS Organization,UC Davis,"Davis, CA, US",,Official club site/Instagram linked from UC Davis directory,Official page / Instagram,https://engineering.ucdavis.edu/undergraduates/student-organizations,https://engineering.ucdavis.edu/undergraduates/student-organizations,"Engineering and CS students are laptop-heavy, project-driven, and a strong cohort for testing deep-work friction.",7-Day Engineering Lock-In Challenge around project/exam week; free Pro plus direct founder onboarding.,Could I send you a 3-sentence blurb to share with members?,7,10,8,https://engineering.ucdavis.edu/undergraduates/student-organizations,2026-08-31,Not Contacted,Organization verified on UC Davis College of Engineering 2026 club directory; directory links to each club's official site or Instagram.
Initial User Gatekeeper,Cyber Security Club at UC Davis,,University Engineering / CS Organization,UC Davis,"Davis, CA, US",,Official club site/Instagram linked from UC Davis directory,Official page / Instagram,https://engineering.ucdavis.edu/undergraduates/student-organizations,https://engineering.ucdavis.edu/undergraduates/student-organizations,"Engineering and CS students are laptop-heavy, project-driven, and a strong cohort for testing deep-work friction.",7-Day Engineering Lock-In Challenge around project/exam week; free Pro plus direct founder onboarding.,Could I send you a 3-sentence blurb to share with members?,7,10,8,https://engineering.ucdavis.edu/undergraduates/student-organizations,2026-08-31,Not Contacted,Organization verified on UC Davis College of Engineering 2026 club directory; directory links to each club's official site or Instagram.
Initial User Gatekeeper,Davis Undergraduate Engineering Network,,University Engineering / CS Organization,UC Davis,"Davis, CA, US",,Official club site/Instagram linked from UC Davis directory,Official page / Instagram,https://engineering.ucdavis.edu/undergraduates/student-organizations,https://engineering.ucdavis.edu/undergraduates/student-organizations,"Engineering and CS students are laptop-heavy, project-driven, and a strong cohort for testing deep-work friction.",7-Day Engineering Lock-In Challenge around project/exam week; free Pro plus direct founder onboarding.,Could I send you a 3-sentence blurb to share with members?,7,10,8,https://engineering.ucdavis.edu/undergraduates/student-organizations,2026-08-31,Not Contacted,Organization verified on UC Davis College of Engineering 2026 club directory; directory links to each club's official site or Instagram.
Initial User Gatekeeper,Engineers Without Borders (EWB),,University Engineering / CS Organization,UC Davis,"Davis, CA, US",,Official club site/Instagram linked from UC Davis directory,Official page / Instagram,https://engineering.ucdavis.edu/undergraduates/student-organizations,https://engineering.ucdavis.edu/undergraduates/student-organizations,"Engineering and CS students are laptop-heavy, project-driven, and a strong cohort for testing deep-work friction.",7-Day Engineering Lock-In Challenge around project/exam week; free Pro plus direct founder onboarding.,Could I send you a 3-sentence blurb to share with members?,7,10,8,https://engineering.ucdavis.edu/undergraduates/student-organizations,2026-08-31,Not Contacted,Organization verified on UC Davis College of Engineering 2026 club directory; directory links to each club's official site or Instagram.
Initial User Gatekeeper,Institute of Electrical and Electronics Engineers (IEEE),,University Engineering / CS Organization,UC Davis,"Davis, CA, US",,Official club site/Instagram linked from UC Davis directory,Official page / Instagram,https://engineering.ucdavis.edu/undergraduates/student-organizations,https://engineering.ucdavis.edu/undergraduates/student-organizations,"Engineering and CS students are laptop-heavy, project-driven, and a strong cohort for testing deep-work friction.",7-Day Engineering Lock-In Challenge around project/exam week; free Pro plus direct founder onboarding.,Could I send you a 3-sentence blurb to share with members?,7,10,8,https://engineering.ucdavis.edu/undergraduates/student-organizations,2026-08-31,Not Contacted,Organization verified on UC Davis College of Engineering 2026 club directory; directory links to each club's official site or Instagram.
Initial User Gatekeeper,International Society for Pharmaceutical Engineering (ISPE),,University Engineering / CS Organization,UC Davis,"Davis, CA, US",,Official club site/Instagram linked from UC Davis directory,Official page / Instagram,https://engineering.ucdavis.edu/undergraduates/student-organizations,https://engineering.ucdavis.edu/undergraduates/student-organizations,"Engineering and CS students are laptop-heavy, project-driven, and a strong cohort for testing deep-work friction.",7-Day Engineering Lock-In Challenge around project/exam week; free Pro plus direct founder onboarding.,Could I send you a 3-sentence blurb to share with members?,7,10,8,https://engineering.ucdavis.edu/undergraduates/student-organizations,2026-08-31,Not Contacted,Organization verified on UC Davis College of Engineering 2026 club directory; directory links to each club's official site or Instagram.
Initial User Gatekeeper,Math Club,,University Engineering / CS Organization,UC Davis,"Davis, CA, US",,Official club site/Instagram linked from UC Davis directory,Official page / Instagram,https://engineering.ucdavis.edu/undergraduates/student-organizations,https://engineering.ucdavis.edu/undergraduates/student-organizations,"Engineering and CS students are laptop-heavy, project-driven, and a strong cohort for testing deep-work friction.",7-Day Engineering Lock-In Challenge around project/exam week; free Pro plus direct founder onboarding.,Could I send you a 3-sentence blurb to share with members?,7,10,8,https://engineering.ucdavis.edu/undergraduates/student-organizations,2026-08-31,Not Contacted,Organization verified on UC Davis College of Engineering 2026 club directory; directory links to each club's official site or Instagram.
Initial User Gatekeeper,Neurotech@Davis,,University Engineering / CS Organization,UC Davis,"Davis, CA, US",,Official club site/Instagram linked from UC Davis directory,Official page / Instagram,https://engineering.ucdavis.edu/undergraduates/student-organizations,https://engineering.ucdavis.edu/undergraduates/student-organizations,"Engineering and CS students are laptop-heavy, project-driven, and a strong cohort for testing deep-work friction.",7-Day Engineering Lock-In Challenge around project/exam week; free Pro plus direct founder onboarding.,Could I send you a 3-sentence blurb to share with members?,7,10,8,https://engineering.ucdavis.edu/undergraduates/student-organizations,2026-08-31,Not Contacted,Organization verified on UC Davis College of Engineering 2026 club directory; directory links to each club's official site or Instagram.
Initial User Gatekeeper,Quantum Computing at Davis (QCaD),,University Engineering / CS Organization,UC Davis,"Davis, CA, US",,Official club site/Instagram linked from UC Davis directory,Official page / Instagram,https://engineering.ucdavis.edu/undergraduates/student-organizations,https://engineering.ucdavis.edu/undergraduates/student-organizations,"Engineering and CS students are laptop-heavy, project-driven, and a strong cohort for testing deep-work friction.",7-Day Engineering Lock-In Challenge around project/exam week; free Pro plus direct founder onboarding.,Could I send you a 3-sentence blurb to share with members?,7,10,8,https://engineering.ucdavis.edu/undergraduates/student-organizations,2026-08-31,Not Contacted,Organization verified on UC Davis College of Engineering 2026 club directory; directory links to each club's official site or Instagram.
Initial User Gatekeeper,Society of Biological Engineers,,University Engineering / CS Organization,UC Davis,"Davis, CA, US",,Official club site/Instagram linked from UC Davis directory,Official page / Instagram,https://engineering.ucdavis.edu/undergraduates/student-organizations,https://engineering.ucdavis.edu/undergraduates/student-organizations,"Engineering and CS students are laptop-heavy, project-driven, and a strong cohort for testing deep-work friction.",7-Day Engineering Lock-In Challenge around project/exam week; free Pro plus direct founder onboarding.,Could I send you a 3-sentence blurb to share with members?,7,10,8,https://engineering.ucdavis.edu/undergraduates/student-organizations,2026-08-31,Not Contacted,Organization verified on UC Davis College of Engineering 2026 club directory; directory links to each club's official site or Instagram.
Initial User Gatekeeper,Society of Manufacturing Engineers,,University Engineering / CS Organization,UC Davis,"Davis, CA, US",,Official club site/Instagram linked from UC Davis directory,Official page / Instagram,https://engineering.ucdavis.edu/undergraduates/student-organizations,https://engineering.ucdavis.edu/undergraduates/student-organizations,"Engineering and CS students are laptop-heavy, project-driven, and a strong cohort for testing deep-work friction.",7-Day Engineering Lock-In Challenge around project/exam week; free Pro plus direct founder onboarding.,Could I send you a 3-sentence blurb to share with members?,7,10,8,https://engineering.ucdavis.edu/undergraduates/student-organizations,2026-08-31,Not Contacted,Organization verified on UC Davis College of Engineering 2026 club directory; directory links to each club's official site or Instagram.
Initial User Gatekeeper,Advanced Modeling Aeronautics Team,,University Engineering / CS Organization,UC Davis,"Davis, CA, US",,Official club site/Instagram linked from UC Davis directory,Official page / Instagram,https://engineering.ucdavis.edu/undergraduates/student-organizations,https://engineering.ucdavis.edu/undergraduates/student-organizations,"Engineering and CS students are laptop-heavy, project-driven, and a strong cohort for testing deep-work friction.",7-Day Engineering Lock-In Challenge around project/exam week; free Pro plus direct founder onboarding.,Could I send you a 3-sentence blurb to share with members?,7,10,8,https://engineering.ucdavis.edu/undergraduates/student-organizations,2026-08-31,Not Contacted,Organization verified on UC Davis College of Engineering 2026 club directory; directory links to each club's official site or Instagram.
Initial User Gatekeeper,Baja SAE,,University Engineering / CS Organization,UC Davis,"Davis, CA, US",,Official club site/Instagram linked from UC Davis directory,Official page / Instagram,https://engineering.ucdavis.edu/undergraduates/student-organizations,https://engineering.ucdavis.edu/undergraduates/student-organizations,"Engineering and CS students are laptop-heavy, project-driven, and a strong cohort for testing deep-work friction.",7-Day Engineering Lock-In Challenge around project/exam week; free Pro plus direct founder onboarding.,Could I send you a 3-sentence blurb to share with members?,7,10,8,https://engineering.ucdavis.edu/undergraduates/student-organizations,2026-08-31,Not Contacted,Organization verified on UC Davis College of Engineering 2026 club directory; directory links to each club's official site or Instagram.
Initial User Gatekeeper,Chem-E-Car,,University Engineering / CS Organization,UC Davis,"Davis, CA, US",,Official club site/Instagram linked from UC Davis directory,Official page / Instagram,https://engineering.ucdavis.edu/undergraduates/student-organizations,https://engineering.ucdavis.edu/undergraduates/student-organizations,"Engineering and CS students are laptop-heavy, project-driven, and a strong cohort for testing deep-work friction.",7-Day Engineering Lock-In Challenge around project/exam week; free Pro plus direct founder onboarding.,Could I send you a 3-sentence blurb to share with members?,7,10,8,https://engineering.ucdavis.edu/undergraduates/student-organizations,2026-08-31,Not Contacted,Organization verified on UC Davis College of Engineering 2026 club directory; directory links to each club's official site or Instagram.
Initial User Gatekeeper,Concrete Canoe,,University Engineering / CS Organization,UC Davis,"Davis, CA, US",,Official club site/Instagram linked from UC Davis directory,Official page / Instagram,https://engineering.ucdavis.edu/undergraduates/student-organizations,https://engineering.ucdavis.edu/undergraduates/student-organizations,"Engineering and CS students are laptop-heavy, project-driven, and a strong cohort for testing deep-work friction.",7-Day Engineering Lock-In Challenge around project/exam week; free Pro plus direct founder onboarding.,Could I send you a 3-sentence blurb to share with members?,7,10,8,https://engineering.ucdavis.edu/undergraduates/student-organizations,2026-08-31,Not Contacted,Organization verified on UC Davis College of Engineering 2026 club directory; directory links to each club's official site or Instagram.
Initial User Gatekeeper,Cyclone RoboSub,,University Engineering / CS Organization,UC Davis,"Davis, CA, US",,Official club site/Instagram linked from UC Davis directory,Official page / Instagram,https://engineering.ucdavis.edu/undergraduates/student-organizations,https://engineering.ucdavis.edu/undergraduates/student-organizations,"Engineering and CS students are laptop-heavy, project-driven, and a strong cohort for testing deep-work friction.",7-Day Engineering Lock-In Challenge around project/exam week; free Pro plus direct founder onboarding.,Could I send you a 3-sentence blurb to share with members?,7,10,8,https://engineering.ucdavis.edu/undergraduates/student-organizations,2026-08-31,Not Contacted,Organization verified on UC Davis College of Engineering 2026 club directory; directory links to each club's official site or Instagram.
Initial User Gatekeeper,Davis Competitive Programming Club (DCPC),,University Engineering / CS Organization,UC Davis,"Davis, CA, US",,Official club site/Instagram linked from UC Davis directory,Official page / Instagram,https://engineering.ucdavis.edu/undergraduates/student-organizations,https://engineering.ucdavis.edu/undergraduates/student-organizations,"Engineering and CS students are laptop-heavy, project-driven, and a strong cohort for testing deep-work friction.",7-Day Engineering Lock-In Challenge around project/exam week; free Pro plus direct founder onboarding.,Could I send you a 3-sentence blurb to share with members?,7,10,8,https://engineering.ucdavis.edu/undergraduates/student-organizations,2026-08-31,Not Contacted,Organization verified on UC Davis College of Engineering 2026 club directory; directory links to each club's official site or Instagram.
Initial User Gatekeeper,Formula Racing,,University Engineering / CS Organization,UC Davis,"Davis, CA, US",,Official club site/Instagram linked from UC Davis directory,Official page / Instagram,https://engineering.ucdavis.edu/undergraduates/student-organizations,https://engineering.ucdavis.edu/undergraduates/student-organizations,"Engineering and CS students are laptop-heavy, project-driven, and a strong cohort for testing deep-work friction.",7-Day Engineering Lock-In Challenge around project/exam week; free Pro plus direct founder onboarding.,Could I send you a 3-sentence blurb to share with members?,7,10,8,https://engineering.ucdavis.edu/undergraduates/student-organizations,2026-08-31,Not Contacted,Organization verified on UC Davis College of Engineering 2026 club directory; directory links to each club's official site or Instagram.
Initial User Gatekeeper,National Association of Rocketry at UC Davis,,University Engineering / CS Organization,UC Davis,"Davis, CA, US",,Official club site/Instagram linked from UC Davis directory,Official page / Instagram,https://engineering.ucdavis.edu/undergraduates/student-organizations,https://engineering.ucdavis.edu/undergraduates/student-organizations,"Engineering and CS students are laptop-heavy, project-driven, and a strong cohort for testing deep-work friction.",7-Day Engineering Lock-In Challenge around project/exam week; free Pro plus direct founder onboarding.,Could I send you a 3-sentence blurb to share with members?,7,10,8,https://engineering.ucdavis.edu/undergraduates/student-organizations,2026-08-31,Not Contacted,Organization verified on UC Davis College of Engineering 2026 club directory; directory links to each club's official site or Instagram.
Initial User Gatekeeper,Seismic Design,,University Engineering / CS Organization,UC Davis,"Davis, CA, US",,Official club site/Instagram linked from UC Davis directory,Official page / Instagram,https://engineering.ucdavis.edu/undergraduates/student-organizations,https://engineering.ucdavis.edu/undergraduates/student-organizations,"Engineering and CS students are laptop-heavy, project-driven, and a strong cohort for testing deep-work friction.",7-Day Engineering Lock-In Challenge around project/exam week; free Pro plus direct founder onboarding.,Could I send you a 3-sentence blurb to share with members?,7,10,8,https://engineering.ucdavis.edu/undergraduates/student-organizations,2026-08-31,Not Contacted,Organization verified on UC Davis College of Engineering 2026 club directory; directory links to each club's official site or Instagram.
Initial User Gatekeeper,Steel Bridge,,University Engineering / CS Organization,UC Davis,"Davis, CA, US",,Official club site/Instagram linked from UC Davis directory,Official page / Instagram,https://engineering.ucdavis.edu/undergraduates/student-organizations,https://engineering.ucdavis.edu/undergraduates/student-organizations,"Engineering and CS students are laptop-heavy, project-driven, and a strong cohort for testing deep-work friction.",7-Day Engineering Lock-In Challenge around project/exam week; free Pro plus direct founder onboarding.,Could I send you a 3-sentence blurb to share with members?,7,10,8,https://engineering.ucdavis.edu/undergraduates/student-organizations,2026-08-31,Not Contacted,Organization verified on UC Davis College of Engineering 2026 club directory; directory links to each club's official site or Instagram.
Initial User Gatekeeper,Chicanx and Latinx Engineers and Scientists Society (CALESS),,University Engineering / CS Organization,UC Davis,"Davis, CA, US",,Official club site/Instagram linked from UC Davis directory,Official page / Instagram,https://engineering.ucdavis.edu/undergraduates/student-organizations,https://engineering.ucdavis.edu/undergraduates/student-organizations,"Engineering and CS students are laptop-heavy, project-driven, and a strong cohort for testing deep-work friction.",7-Day Engineering Lock-In Challenge around project/exam week; free Pro plus direct founder onboarding.,Could I send you a 3-sentence blurb to share with members?,7,10,8,https://engineering.ucdavis.edu/undergraduates/student-organizations,2026-08-31,Not Contacted,Organization verified on UC Davis College of Engineering 2026 club directory; directory links to each club's official site or Instagram.
Initial User Gatekeeper,Club of Future Female/Femme Electrical Engineers (COFFEE),,University Engineering / CS Organization,UC Davis,"Davis, CA, US",,Official club site/Instagram linked from UC Davis directory,Official page / Instagram,https://engineering.ucdavis.edu/undergraduates/student-organizations,https://engineering.ucdavis.edu/undergraduates/student-organizations,"Engineering and CS students are laptop-heavy, project-driven, and a strong cohort for testing deep-work friction.",7-Day Engineering Lock-In Challenge around project/exam week; free Pro plus direct founder onboarding.,Could I send you a 3-sentence blurb to share with members?,7,10,8,https://engineering.ucdavis.edu/undergraduates/student-organizations,2026-08-31,Not Contacted,Organization verified on UC Davis College of Engineering 2026 club directory; directory links to each club's official site or Instagram.
Initial User Gatekeeper,ColorStack,,University Engineering / CS Organization,UC Davis,"Davis, CA, US",,Official club site/Instagram linked from UC Davis directory,Official page / Instagram,https://engineering.ucdavis.edu/undergraduates/student-organizations,https://engineering.ucdavis.edu/undergraduates/student-organizations,"Engineering and CS students are laptop-heavy, project-driven, and a strong cohort for testing deep-work friction.",7-Day Engineering Lock-In Challenge around project/exam week; free Pro plus direct founder onboarding.,Could I send you a 3-sentence blurb to share with members?,7,10,8,https://engineering.ucdavis.edu/undergraduates/student-organizations,2026-08-31,Not Contacted,Organization verified on UC Davis College of Engineering 2026 club directory; directory links to each club's official site or Instagram.
Initial User Gatekeeper,National Society of Black Engineers (NSBE) - UC Davis,,University Engineering / CS Organization,UC Davis,"Davis, CA, US",,Official club site/Instagram linked from UC Davis directory,Official page / Instagram,https://engineering.ucdavis.edu/undergraduates/student-organizations,https://engineering.ucdavis.edu/undergraduates/student-organizations,"Engineering and CS students are laptop-heavy, project-driven, and a strong cohort for testing deep-work friction.",7-Day Engineering Lock-In Challenge around project/exam week; free Pro plus direct founder onboarding.,Could I send you a 3-sentence blurb to share with members?,7,10,8,https://engineering.ucdavis.edu/undergraduates/student-organizations,2026-08-31,Not Contacted,Organization verified on UC Davis College of Engineering 2026 club directory; directory links to each club's official site or Instagram.
Initial User Gatekeeper,Out in STEM (oSTEM),,University Engineering / CS Organization,UC Davis,"Davis, CA, US",,Official club site/Instagram linked from UC Davis directory,Official page / Instagram,https://engineering.ucdavis.edu/undergraduates/student-organizations,https://engineering.ucdavis.edu/undergraduates/student-organizations,"Engineering and CS students are laptop-heavy, project-driven, and a strong cohort for testing deep-work friction.",7-Day Engineering Lock-In Challenge around project/exam week; free Pro plus direct founder onboarding.,Could I send you a 3-sentence blurb to share with members?,7,10,8,https://engineering.ucdavis.edu/undergraduates/student-organizations,2026-08-31,Not Contacted,Organization verified on UC Davis College of Engineering 2026 club directory; directory links to each club's official site or Instagram.
Initial User Gatekeeper,Society of Women Engineers (SWE) - UC Davis,,University Engineering / CS Organization,UC Davis,"Davis, CA, US",,Official club site/Instagram linked from UC Davis directory,Official page / Instagram,https://engineering.ucdavis.edu/undergraduates/student-organizations,https://engineering.ucdavis.edu/undergraduates/student-organizations,"Engineering and CS students are laptop-heavy, project-driven, and a strong cohort for testing deep-work friction.",7-Day Engineering Lock-In Challenge around project/exam week; free Pro plus direct founder onboarding.,Could I send you a 3-sentence blurb to share with members?,7,10,8,https://engineering.ucdavis.edu/undergraduates/student-organizations,2026-08-31,Not Contacted,Organization verified on UC Davis College of Engineering 2026 club directory; directory links to each club's official site or Instagram.
Initial User Gatekeeper,Women in Computer Science (WiCS) - UC Davis,,University Engineering / CS Organization,UC Davis,"Davis, CA, US",,Official club site/Instagram linked from UC Davis directory,Official page / Instagram,https://engineering.ucdavis.edu/undergraduates/student-organizations,https://engineering.ucdavis.edu/undergraduates/student-organizations,"Engineering and CS students are laptop-heavy, project-driven, and a strong cohort for testing deep-work friction.",7-Day Engineering Lock-In Challenge around project/exam week; free Pro plus direct founder onboarding.,Could I send you a 3-sentence blurb to share with members?,7,10,8,https://engineering.ucdavis.edu/undergraduates/student-organizations,2026-08-31,Not Contacted,Organization verified on UC Davis College of Engineering 2026 club directory; directory links to each club's official site or Instagram.
Initial User Gatekeeper,Aggie Propulsion and Rocketry Lab (APRL),,University Engineering / CS Organization,UC Davis,"Davis, CA, US",,Official club site/Instagram linked from UC Davis directory,Official page / Instagram,https://engineering.ucdavis.edu/undergraduates/student-organizations,https://engineering.ucdavis.edu/undergraduates/student-organizations,"Engineering and CS students are laptop-heavy, project-driven, and a strong cohort for testing deep-work friction.",7-Day Engineering Lock-In Challenge around project/exam week; free Pro plus direct founder onboarding.,Could I send you a 3-sentence blurb to share with members?,7,10,8,https://engineering.ucdavis.edu/undergraduates/student-organizations,2026-08-31,Not Contacted,Organization verified on UC Davis College of Engineering 2026 club directory; directory links to each club's official site or Instagram.
Initial User Gatekeeper,AggieWorks,,University Engineering / CS Organization,UC Davis,"Davis, CA, US",,Official club site/Instagram linked from UC Davis directory,Official page / Instagram,https://engineering.ucdavis.edu/undergraduates/student-organizations,https://engineering.ucdavis.edu/undergraduates/student-organizations,"Engineering and CS students are laptop-heavy, project-driven, and a strong cohort for testing deep-work friction.",7-Day Engineering Lock-In Challenge around project/exam week; free Pro plus direct founder onboarding.,Could I send you a 3-sentence blurb to share with members?,7,10,8,https://engineering.ucdavis.edu/undergraduates/student-organizations,2026-08-31,Not Contacted,Organization verified on UC Davis College of Engineering 2026 club directory; directory links to each club's official site or Instagram.
Initial User Gatekeeper,Davis Autonomy Club,,University Engineering / CS Organization,UC Davis,"Davis, CA, US",,Official club site/Instagram linked from UC Davis directory,Official page / Instagram,https://engineering.ucdavis.edu/undergraduates/student-organizations,https://engineering.ucdavis.edu/undergraduates/student-organizations,"Engineering and CS students are laptop-heavy, project-driven, and a strong cohort for testing deep-work friction.",7-Day Engineering Lock-In Challenge around project/exam week; free Pro plus direct founder onboarding.,Could I send you a 3-sentence blurb to share with members?,7,10,8,https://engineering.ucdavis.edu/undergraduates/student-organizations,2026-08-31,Not Contacted,Organization verified on UC Davis College of Engineering 2026 club directory; directory links to each club's official site or Instagram.
Initial User Gatekeeper,Davis Robotics Club,,University Engineering / CS Organization,UC Davis,"Davis, CA, US",,Official club site/Instagram linked from UC Davis directory,Official page / Instagram,https://engineering.ucdavis.edu/undergraduates/student-organizations,https://engineering.ucdavis.edu/undergraduates/student-organizations,"Engineering and CS students are laptop-heavy, project-driven, and a strong cohort for testing deep-work friction.",7-Day Engineering Lock-In Challenge around project/exam week; free Pro plus direct founder onboarding.,Could I send you a 3-sentence blurb to share with members?,7,10,8,https://engineering.ucdavis.edu/undergraduates/student-organizations,2026-08-31,Not Contacted,Organization verified on UC Davis College of Engineering 2026 club directory; directory links to each club's official site or Instagram.
Initial User Gatekeeper,HackDavis,,University Engineering / CS Organization,UC Davis,"Davis, CA, US",,Official club site/Instagram linked from UC Davis directory,Official page / Instagram,https://engineering.ucdavis.edu/undergraduates/student-organizations,https://engineering.ucdavis.edu/undergraduates/student-organizations,"Engineering and CS students are laptop-heavy, project-driven, and a strong cohort for testing deep-work friction.",7-Day Engineering Lock-In Challenge around project/exam week; free Pro plus direct founder onboarding.,Could I send you a 3-sentence blurb to share with members?,7,10,8,https://engineering.ucdavis.edu/undergraduates/student-organizations,2026-08-31,Not Contacted,Organization verified on UC Davis College of Engineering 2026 club directory; directory links to each club's official site or Instagram.
Initial User Gatekeeper,Space and Satellite Systems,,University Engineering / CS Organization,UC Davis,"Davis, CA, US",,Official club site/Instagram linked from UC Davis directory,Official page / Instagram,https://engineering.ucdavis.edu/undergraduates/student-organizations,https://engineering.ucdavis.edu/undergraduates/student-organizations,"Engineering and CS students are laptop-heavy, project-driven, and a strong cohort for testing deep-work friction.",7-Day Engineering Lock-In Challenge around project/exam week; free Pro plus direct founder onboarding.,Could I send you a 3-sentence blurb to share with members?,7,10,8,https://engineering.ucdavis.edu/undergraduates/student-organizations,2026-08-31,Not Contacted,Organization verified on UC Davis College of Engineering 2026 club directory; directory links to each club's official site or Instagram.
Initial User Gatekeeper,Chi Epsilon,,University Engineering / CS Organization,UC Davis,"Davis, CA, US",,Official club site/Instagram linked from UC Davis directory,Official page / Instagram,https://engineering.ucdavis.edu/undergraduates/student-organizations,https://engineering.ucdavis.edu/undergraduates/student-organizations,"Engineering and CS students are laptop-heavy, project-driven, and a strong cohort for testing deep-work friction.",7-Day Engineering Lock-In Challenge around project/exam week; free Pro plus direct founder onboarding.,Could I send you a 3-sentence blurb to share with members?,7,10,8,https://engineering.ucdavis.edu/undergraduates/student-organizations,2026-08-31,Not Contacted,Organization verified on UC Davis College of Engineering 2026 club directory; directory links to each club's official site or Instagram.
Initial User Gatekeeper,Tau Beta Pi,,University Engineering / CS Organization,UC Davis,"Davis, CA, US",,Official club site/Instagram linked from UC Davis directory,Official page / Instagram,https://engineering.ucdavis.edu/undergraduates/student-organizations,https://engineering.ucdavis.edu/undergraduates/student-organizations,"Engineering and CS students are laptop-heavy, project-driven, and a strong cohort for testing deep-work friction.",7-Day Engineering Lock-In Challenge around project/exam week; free Pro plus direct founder onboarding.,Could I send you a 3-sentence blurb to share with members?,7,10,8,https://engineering.ucdavis.edu/undergraduates/student-organizations,2026-08-31,Not Contacted,Organization verified on UC Davis College of Engineering 2026 club directory; directory links to each club's official site or Instagram.
Initial User Gatekeeper,Eta Kappa Nu,,University Engineering / CS Organization,UC Davis,"Davis, CA, US",,Official club site/Instagram linked from UC Davis directory,Official page / Instagram,https://engineering.ucdavis.edu/undergraduates/student-organizations,https://engineering.ucdavis.edu/undergraduates/student-organizations,"Engineering and CS students are laptop-heavy, project-driven, and a strong cohort for testing deep-work friction.",7-Day Engineering Lock-In Challenge around project/exam week; free Pro plus direct founder onboarding.,Could I send you a 3-sentence blurb to share with members?,7,10,8,https://engineering.ucdavis.edu/undergraduates/student-organizations,2026-08-31,Not Contacted,Organization verified on UC Davis College of Engineering 2026 club directory; directory links to each club's official site or Instagram.
Initial User Gatekeeper,Association for Computing Machinery Student Chapter (ACM),,University CS Organization,UT Austin,"Austin, TX, US",,studentorgs@cs.utexas.edu,Email,mailto:studentorgs@cs.utexas.edu,https://www.cs.utexas.edu/undergraduate/community-and-organizations,UT CS members are a dense audience of laptop-heavy builders and students.,Developer Focus Sprint: free Talysman Pro for 7 days and an optional group results recap.,Could you point me to the current officer or share this with a small pilot group?,8,10,9,https://www.cs.utexas.edu/undergraduate/community-and-organizations,2026-08-31,Not Contacted,
Initial User Gatekeeper,Association of Black Computer Scientists (ABCS),,University CS Organization,UT Austin,"Austin, TX, US",,studentorgs@cs.utexas.edu,Email,mailto:studentorgs@cs.utexas.edu,https://www.cs.utexas.edu/undergraduate/community-and-organizations,UT CS members are a dense audience of laptop-heavy builders and students.,Developer Focus Sprint: free Talysman Pro for 7 days and an optional group results recap.,Could you point me to the current officer or share this with a small pilot group?,8,10,9,https://www.cs.utexas.edu/undergraduate/community-and-organizations,2026-08-31,Not Contacted,
Initial User Gatekeeper,CS Roadshow,,University CS Organization,UT Austin,"Austin, TX, US",,studentorgs@cs.utexas.edu,Email,mailto:studentorgs@cs.utexas.edu,https://www.cs.utexas.edu/undergraduate/community-and-organizations,UT CS members are a dense audience of laptop-heavy builders and students.,Developer Focus Sprint: free Talysman Pro for 7 days and an optional group results recap.,Could you point me to the current officer or share this with a small pilot group?,8,10,9,https://www.cs.utexas.edu/undergraduate/community-and-organizations,2026-08-31,Not Contacted,
Initial User Gatekeeper,Texas CSBA Computer Science and Business Association,,University CS Organization,UT Austin,"Austin, TX, US",,studentorgs@cs.utexas.edu,Email,mailto:studentorgs@cs.utexas.edu,https://www.cs.utexas.edu/undergraduate/community-and-organizations,UT CS members are a dense audience of laptop-heavy builders and students.,Developer Focus Sprint: free Talysman Pro for 7 days and an optional group results recap.,Could you point me to the current officer or share this with a small pilot group?,8,10,9,https://www.cs.utexas.edu/undergraduate/community-and-organizations,2026-08-31,Not Contacted,
Initial User Gatekeeper,Computer Science Transfers’ Society (CSTS),,University CS Organization,UT Austin,"Austin, TX, US",,studentorgs@cs.utexas.edu,Email,mailto:studentorgs@cs.utexas.edu,https://www.cs.utexas.edu/undergraduate/community-and-organizations,UT CS members are a dense audience of laptop-heavy builders and students.,Developer Focus Sprint: free Talysman Pro for 7 days and an optional group results recap.,Could you point me to the current officer or share this with a small pilot group?,8,10,9,https://www.cs.utexas.edu/undergraduate/community-and-organizations,2026-08-31,Not Contacted,
Initial User Gatekeeper,Electronic Game Developers Society (EGaDS!),,University CS Organization,UT Austin,"Austin, TX, US",,studentorgs@cs.utexas.edu,Email,mailto:studentorgs@cs.utexas.edu,https://www.cs.utexas.edu/undergraduate/community-and-organizations,UT CS members are a dense audience of laptop-heavy builders and students.,Developer Focus Sprint: free Talysman Pro for 7 days and an optional group results recap.,Could you point me to the current officer or share this with a small pilot group?,8,10,9,https://www.cs.utexas.edu/undergraduate/community-and-organizations,2026-08-31,Not Contacted,
Initial User Gatekeeper,Engineering and Computational Learning of Artificial Intelligence in Robotics (ECLAIR),,University CS Organization,UT Austin,"Austin, TX, US",,studentorgs@cs.utexas.edu,Email,mailto:studentorgs@cs.utexas.edu,https://www.cs.utexas.edu/undergraduate/community-and-organizations,UT CS members are a dense audience of laptop-heavy builders and students.,Developer Focus Sprint: free Talysman Pro for 7 days and an optional group results recap.,Could you point me to the current officer or share this with a small pilot group?,8,10,9,https://www.cs.utexas.edu/undergraduate/community-and-organizations,2026-08-31,Not Contacted,
Initial User Gatekeeper,Texas Product Engineering Organization (TPEO),,University CS Organization,UT Austin,"Austin, TX, US",,studentorgs@cs.utexas.edu,Email,mailto:studentorgs@cs.utexas.edu,https://www.cs.utexas.edu/undergraduate/community-and-organizations,UT CS members are a dense audience of laptop-heavy builders and students.,Developer Focus Sprint: free Talysman Pro for 7 days and an optional group results recap.,Could you point me to the current officer or share this with a small pilot group?,8,10,9,https://www.cs.utexas.edu/undergraduate/community-and-organizations,2026-08-31,Not Contacted,
Initial User Gatekeeper,Turing Scholars Student Association (TSSA),,University CS Organization,UT Austin,"Austin, TX, US",,studentorgs@cs.utexas.edu,Email,mailto:studentorgs@cs.utexas.edu,https://www.cs.utexas.edu/undergraduate/community-and-organizations,UT CS members are a dense audience of laptop-heavy builders and students.,Developer Focus Sprint: free Talysman Pro for 7 days and an optional group results recap.,Could you point me to the current officer or share this with a small pilot group?,8,10,9,https://www.cs.utexas.edu/undergraduate/community-and-organizations,2026-08-31,Not Contacted,
Initial User Gatekeeper,UTCS Competitive Programming Club,,University CS Organization,UT Austin,"Austin, TX, US",,studentorgs@cs.utexas.edu,Email,mailto:studentorgs@cs.utexas.edu,https://www.cs.utexas.edu/undergraduate/community-and-organizations,UT CS members are a dense audience of laptop-heavy builders and students.,Developer Focus Sprint: free Talysman Pro for 7 days and an optional group results recap.,Could you point me to the current officer or share this with a small pilot group?,8,10,9,https://www.cs.utexas.edu/undergraduate/community-and-organizations,2026-08-31,Not Contacted,
Initial User Gatekeeper,Women in Computer Science (WiCS),,University CS Organization,UT Austin,"Austin, TX, US",,studentorgs@cs.utexas.edu,Email,mailto:studentorgs@cs.utexas.edu,https://www.cs.utexas.edu/undergraduate/community-and-organizations,UT CS members are a dense audience of laptop-heavy builders and students.,Developer Focus Sprint: free Talysman Pro for 7 days and an optional group results recap.,Could you point me to the current officer or share this with a small pilot group?,8,10,9,https://www.cs.utexas.edu/undergraduate/community-and-organizations,2026-08-31,Not Contacted,
Initial User Gatekeeper,Entrepreneurship & Innovation Agency,,Student Entrepreneurship Organization,UT Austin,"Austin, TX, US",,Official program/org page,Official page,https://undergraduates.utexas.edu/launchpad/ut-opportunities/student-orgs,https://undergraduates.utexas.edu/launchpad/ut-opportunities/student-orgs,Student founders and builders need protected maker-time and are an ideal high-intent test cohort.,Founder Lock-In Sprint: 7 days of protected deep-work sessions using a physical USB key.,Would you share this free pilot with 10–20 student founders/builders?,7,10,8,https://undergraduates.utexas.edu/launchpad/ut-opportunities/student-orgs,2026-08-31,Not Contacted,
Initial User Gatekeeper,Genesis Program,,Student Entrepreneurship Organization,UT Austin,"Austin, TX, US",,Official program/org page,Official page,https://undergraduates.utexas.edu/launchpad/ut-opportunities/student-orgs,https://undergraduates.utexas.edu/launchpad/ut-opportunities/student-orgs,Student founders and builders need protected maker-time and are an ideal high-intent test cohort.,Founder Lock-In Sprint: 7 days of protected deep-work sessions using a physical USB key.,Would you share this free pilot with 10–20 student founders/builders?,7,10,8,https://undergraduates.utexas.edu/launchpad/ut-opportunities/student-orgs,2026-08-31,Not Contacted,
Initial User Gatekeeper,Longhorn Entrepreneurship Agency (LEA),,Student Entrepreneurship Organization,UT Austin,"Austin, TX, US",,Official program/org page,Official page,https://undergraduates.utexas.edu/launchpad/ut-opportunities/student-orgs,https://undergraduates.utexas.edu/launchpad/ut-opportunities/student-orgs,Student founders and builders need protected maker-time and are an ideal high-intent test cohort.,Founder Lock-In Sprint: 7 days of protected deep-work sessions using a physical USB key.,Would you share this free pilot with 10–20 student founders/builders?,7,10,8,https://undergraduates.utexas.edu/launchpad/ut-opportunities/student-orgs,2026-08-31,Not Contacted,
Initial User Gatekeeper,Social Entrepreneurship Learning Lab (SELL),,Student Entrepreneurship Organization,UT Austin,"Austin, TX, US",,Official program/org page,Official page,https://undergraduates.utexas.edu/launchpad/ut-opportunities/student-orgs,https://undergraduates.utexas.edu/launchpad/ut-opportunities/student-orgs,Student founders and builders need protected maker-time and are an ideal high-intent test cohort.,Founder Lock-In Sprint: 7 days of protected deep-work sessions using a physical USB key.,Would you share this free pilot with 10–20 student founders/builders?,7,10,8,https://undergraduates.utexas.edu/launchpad/ut-opportunities/student-orgs,2026-08-31,Not Contacted,
Initial User Gatekeeper,TEDxUTAustin,,Student Entrepreneurship Organization,UT Austin,"Austin, TX, US",,Official program/org page,Official page,https://undergraduates.utexas.edu/launchpad/ut-opportunities/student-orgs,https://undergraduates.utexas.edu/launchpad/ut-opportunities/student-orgs,Student founders and builders need protected maker-time and are an ideal high-intent test cohort.,Founder Lock-In Sprint: 7 days of protected deep-work sessions using a physical USB key.,Would you share this free pilot with 10–20 student founders/builders?,7,10,8,https://undergraduates.utexas.edu/launchpad/ut-opportunities/student-orgs,2026-08-31,Not Contacted,
Initial User Gatekeeper,Texas Convergent,,Student Entrepreneurship Organization,UT Austin,"Austin, TX, US",,Official program/org page,Official page,https://undergraduates.utexas.edu/launchpad/ut-opportunities/student-orgs,https://undergraduates.utexas.edu/launchpad/ut-opportunities/student-orgs,Student founders and builders need protected maker-time and are an ideal high-intent test cohort.,Founder Lock-In Sprint: 7 days of protected deep-work sessions using a physical USB key.,Would you share this free pilot with 10–20 student founders/builders?,7,10,8,https://undergraduates.utexas.edu/launchpad/ut-opportunities/student-orgs,2026-08-31,Not Contacted,
Initial User Gatekeeper,Texas Enactus,,Student Entrepreneurship Organization,UT Austin,"Austin, TX, US",,Official program/org page,Official page,https://undergraduates.utexas.edu/launchpad/ut-opportunities/student-orgs,https://undergraduates.utexas.edu/launchpad/ut-opportunities/student-orgs,Student founders and builders need protected maker-time and are an ideal high-intent test cohort.,Founder Lock-In Sprint: 7 days of protected deep-work sessions using a physical USB key.,Would you share this free pilot with 10–20 student founders/builders?,7,10,8,https://undergraduates.utexas.edu/launchpad/ut-opportunities/student-orgs,2026-08-31,Not Contacted,
Initial User Gatekeeper,Texas Momentum,,Student Entrepreneurship Organization,UT Austin,"Austin, TX, US",,Official program/org page,Official page,https://undergraduates.utexas.edu/launchpad/ut-opportunities/student-orgs,https://undergraduates.utexas.edu/launchpad/ut-opportunities/student-orgs,Student founders and builders need protected maker-time and are an ideal high-intent test cohort.,Founder Lock-In Sprint: 7 days of protected deep-work sessions using a physical USB key.,Would you share this free pilot with 10–20 student founders/builders?,7,10,8,https://undergraduates.utexas.edu/launchpad/ut-opportunities/student-orgs,2026-08-31,Not Contacted,
Initial User Gatekeeper,Texas Product Engineering Organization (TPEO) - entrepreneurship,,Student Entrepreneurship Organization,UT Austin,"Austin, TX, US",,Official program/org page,Official page,https://undergraduates.utexas.edu/launchpad/ut-opportunities/student-orgs,https://undergraduates.utexas.edu/launchpad/ut-opportunities/student-orgs,Student founders and builders need protected maker-time and are an ideal high-intent test cohort.,Founder Lock-In Sprint: 7 days of protected deep-work sessions using a physical USB key.,Would you share this free pilot with 10–20 student founders/builders?,7,10,8,https://undergraduates.utexas.edu/launchpad/ut-opportunities/student-orgs,2026-08-31,Not Contacted,
Initial User Gatekeeper,Applied AI Club,,University CS / Engineering Organization,NC State University,"Raleigh, NC, US",,NC State GetInvolved / official org directory,Official directory,https://csc.ncsu.edu/academics/student-organizations/,https://csc.ncsu.edu/academics/student-organizations/,CS and engineering members have concentrated laptop work and project deadlines.,7-Day Developer Lock-In Challenge with free Pro and direct onboarding.,Can I send you a short blurb to share with members?,7,10,8,https://csc.ncsu.edu/academics/student-organizations/,2026-08-31,Not Contacted,
Initial User Gatekeeper,App Development Club,,University CS / Engineering Organization,NC State University,"Raleigh, NC, US",,NC State GetInvolved / official org directory,Official directory,https://csc.ncsu.edu/academics/student-organizations/,https://csc.ncsu.edu/academics/student-organizations/,CS and engineering members have concentrated laptop work and project deadlines.,7-Day Developer Lock-In Challenge with free Pro and direct onboarding.,Can I send you a short blurb to share with members?,7,10,8,https://csc.ncsu.edu/academics/student-organizations/,2026-08-31,Not Contacted,
Initial User Gatekeeper,AquaPack Robotics,,University CS / Engineering Organization,NC State University,"Raleigh, NC, US",,NC State GetInvolved / official org directory,Official directory,https://csc.ncsu.edu/academics/student-organizations/,https://csc.ncsu.edu/academics/student-organizations/,CS and engineering members have concentrated laptop work and project deadlines.,7-Day Developer Lock-In Challenge with free Pro and direct onboarding.,Can I send you a short blurb to share with members?,7,10,8,https://csc.ncsu.edu/academics/student-organizations/,2026-08-31,Not Contacted,
Initial User Gatekeeper,Artificial Intelligence Club,,University CS / Engineering Organization,NC State University,"Raleigh, NC, US",,NC State GetInvolved / official org directory,Official directory,https://csc.ncsu.edu/academics/student-organizations/,https://csc.ncsu.edu/academics/student-organizations/,CS and engineering members have concentrated laptop work and project deadlines.,7-Day Developer Lock-In Challenge with free Pro and direct onboarding.,Can I send you a short blurb to share with members?,7,10,8,https://csc.ncsu.edu/academics/student-organizations/,2026-08-31,Not Contacted,
Initial User Gatekeeper,ASCEND,,University CS / Engineering Organization,NC State University,"Raleigh, NC, US",,NC State GetInvolved / official org directory,Official directory,https://csc.ncsu.edu/academics/student-organizations/,https://csc.ncsu.edu/academics/student-organizations/,CS and engineering members have concentrated laptop work and project deadlines.,7-Day Developer Lock-In Challenge with free Pro and direct onboarding.,Can I send you a short blurb to share with members?,7,10,8,https://csc.ncsu.edu/academics/student-organizations/,2026-08-31,Not Contacted,
Initial User Gatekeeper,Association of Computing Machinery / AITP,,University CS / Engineering Organization,NC State University,"Raleigh, NC, US",,NC State GetInvolved / official org directory,Official directory,https://csc.ncsu.edu/academics/student-organizations/,https://csc.ncsu.edu/academics/student-organizations/,CS and engineering members have concentrated laptop work and project deadlines.,7-Day Developer Lock-In Challenge with free Pro and direct onboarding.,Can I send you a short blurb to share with members?,7,10,8,https://csc.ncsu.edu/academics/student-organizations/,2026-08-31,Not Contacted,
Initial User Gatekeeper,Code Black,,University CS / Engineering Organization,NC State University,"Raleigh, NC, US",,NC State GetInvolved / official org directory,Official directory,https://csc.ncsu.edu/academics/student-organizations/,https://csc.ncsu.edu/academics/student-organizations/,CS and engineering members have concentrated laptop work and project deadlines.,7-Day Developer Lock-In Challenge with free Pro and direct onboarding.,Can I send you a short blurb to share with members?,7,10,8,https://csc.ncsu.edu/academics/student-organizations/,2026-08-31,Not Contacted,
Initial User Gatekeeper,Computer Science Graduate Student Association,,University CS / Engineering Organization,NC State University,"Raleigh, NC, US",,NC State GetInvolved / official org directory,Official directory,https://csc.ncsu.edu/academics/student-organizations/,https://csc.ncsu.edu/academics/student-organizations/,CS and engineering members have concentrated laptop work and project deadlines.,7-Day Developer Lock-In Challenge with free Pro and direct onboarding.,Can I send you a short blurb to share with members?,7,10,8,https://csc.ncsu.edu/academics/student-organizations/,2026-08-31,Not Contacted,
Initial User Gatekeeper,Engineering Entrepreneurs Program,,University CS / Engineering Organization,NC State University,"Raleigh, NC, US",,NC State GetInvolved / official org directory,Official directory,https://csc.ncsu.edu/academics/student-organizations/,https://csc.ncsu.edu/academics/student-organizations/,CS and engineering members have concentrated laptop work and project deadlines.,7-Day Developer Lock-In Challenge with free Pro and direct onboarding.,Can I send you a short blurb to share with members?,7,10,8,https://csc.ncsu.edu/academics/student-organizations/,2026-08-31,Not Contacted,
Initial User Gatekeeper,IEEE,,University CS / Engineering Organization,NC State University,"Raleigh, NC, US",,NC State GetInvolved / official org directory,Official directory,https://csc.ncsu.edu/academics/student-organizations/,https://csc.ncsu.edu/academics/student-organizations/,CS and engineering members have concentrated laptop work and project deadlines.,7-Day Developer Lock-In Challenge with free Pro and direct onboarding.,Can I send you a short blurb to share with members?,7,10,8,https://csc.ncsu.edu/academics/student-organizations/,2026-08-31,Not Contacted,
Initial User Gatekeeper,HackPack,,University CS / Engineering Organization,NC State University,"Raleigh, NC, US",,NC State GetInvolved / official org directory,Official directory,https://csc.ncsu.edu/academics/student-organizations/,https://csc.ncsu.edu/academics/student-organizations/,CS and engineering members have concentrated laptop work and project deadlines.,7-Day Developer Lock-In Challenge with free Pro and direct onboarding.,Can I send you a short blurb to share with members?,7,10,8,https://csc.ncsu.edu/academics/student-organizations/,2026-08-31,Not Contacted,
Initial User Gatekeeper,Latino Association for Computer Science,,University CS / Engineering Organization,NC State University,"Raleigh, NC, US",,NC State GetInvolved / official org directory,Official directory,https://csc.ncsu.edu/academics/student-organizations/,https://csc.ncsu.edu/academics/student-organizations/,CS and engineering members have concentrated laptop work and project deadlines.,7-Day Developer Lock-In Challenge with free Pro and direct onboarding.,Can I send you a short blurb to share with members?,7,10,8,https://csc.ncsu.edu/academics/student-organizations/,2026-08-31,Not Contacted,
Initial User Gatekeeper,Linux Users Group,,University CS / Engineering Organization,NC State University,"Raleigh, NC, US",,NC State GetInvolved / official org directory,Official directory,https://csc.ncsu.edu/academics/student-organizations/,https://csc.ncsu.edu/academics/student-organizations/,CS and engineering members have concentrated laptop work and project deadlines.,7-Day Developer Lock-In Challenge with free Pro and direct onboarding.,Can I send you a short blurb to share with members?,7,10,8,https://csc.ncsu.edu/academics/student-organizations/,2026-08-31,Not Contacted,
Initial User Gatekeeper,National Society of Black Engineers,,University CS / Engineering Organization,NC State University,"Raleigh, NC, US",,NC State GetInvolved / official org directory,Official directory,https://csc.ncsu.edu/academics/student-organizations/,https://csc.ncsu.edu/academics/student-organizations/,CS and engineering members have concentrated laptop work and project deadlines.,7-Day Developer Lock-In Challenge with free Pro and direct onboarding.,Can I send you a short blurb to share with members?,7,10,8,https://csc.ncsu.edu/academics/student-organizations/,2026-08-31,Not Contacted,
Initial User Gatekeeper,Society of Hispanic Professional Engineers,,University CS / Engineering Organization,NC State University,"Raleigh, NC, US",,NC State GetInvolved / official org directory,Official directory,https://csc.ncsu.edu/academics/student-organizations/,https://csc.ncsu.edu/academics/student-organizations/,CS and engineering members have concentrated laptop work and project deadlines.,7-Day Developer Lock-In Challenge with free Pro and direct onboarding.,Can I send you a short blurb to share with members?,7,10,8,https://csc.ncsu.edu/academics/student-organizations/,2026-08-31,Not Contacted,
Initial User Gatekeeper,Society of Sales Engineers,,University CS / Engineering Organization,NC State University,"Raleigh, NC, US",,NC State GetInvolved / official org directory,Official directory,https://csc.ncsu.edu/academics/student-organizations/,https://csc.ncsu.edu/academics/student-organizations/,CS and engineering members have concentrated laptop work and project deadlines.,7-Day Developer Lock-In Challenge with free Pro and direct onboarding.,Can I send you a short blurb to share with members?,7,10,8,https://csc.ncsu.edu/academics/student-organizations/,2026-08-31,Not Contacted,
Initial User Gatekeeper,Society of Women Engineers,,University CS / Engineering Organization,NC State University,"Raleigh, NC, US",,NC State GetInvolved / official org directory,Official directory,https://csc.ncsu.edu/academics/student-organizations/,https://csc.ncsu.edu/academics/student-organizations/,CS and engineering members have concentrated laptop work and project deadlines.,7-Day Developer Lock-In Challenge with free Pro and direct onboarding.,Can I send you a short blurb to share with members?,7,10,8,https://csc.ncsu.edu/academics/student-organizations/,2026-08-31,Not Contacted,
Initial User Gatekeeper,STARS Student Leadership Corps,,University CS / Engineering Organization,NC State University,"Raleigh, NC, US",,NC State GetInvolved / official org directory,Official directory,https://csc.ncsu.edu/academics/student-organizations/,https://csc.ncsu.edu/academics/student-organizations/,CS and engineering members have concentrated laptop work and project deadlines.,7-Day Developer Lock-In Challenge with free Pro and direct onboarding.,Can I send you a short blurb to share with members?,7,10,8,https://csc.ncsu.edu/academics/student-organizations/,2026-08-31,Not Contacted,
Initial User Gatekeeper,Triangle Java User’s Group,,University CS / Engineering Organization,NC State University,"Raleigh, NC, US",,NC State GetInvolved / official org directory,Official directory,https://csc.ncsu.edu/academics/student-organizations/,https://csc.ncsu.edu/academics/student-organizations/,CS and engineering members have concentrated laptop work and project deadlines.,7-Day Developer Lock-In Challenge with free Pro and direct onboarding.,Can I send you a short blurb to share with members?,7,10,8,https://csc.ncsu.edu/academics/student-organizations/,2026-08-31,Not Contacted,
Initial User Gatekeeper,UI UX Tech Club,,University CS / Engineering Organization,NC State University,"Raleigh, NC, US",,NC State GetInvolved / official org directory,Official directory,https://csc.ncsu.edu/academics/student-organizations/,https://csc.ncsu.edu/academics/student-organizations/,CS and engineering members have concentrated laptop work and project deadlines.,7-Day Developer Lock-In Challenge with free Pro and direct onboarding.,Can I send you a short blurb to share with members?,7,10,8,https://csc.ncsu.edu/academics/student-organizations/,2026-08-31,Not Contacted,
Initial User Gatekeeper,Women in Computer Science,,University CS / Engineering Organization,NC State University,"Raleigh, NC, US",,NC State GetInvolved / official org directory,Official directory,https://csc.ncsu.edu/academics/student-organizations/,https://csc.ncsu.edu/academics/student-organizations/,CS and engineering members have concentrated laptop work and project deadlines.,7-Day Developer Lock-In Challenge with free Pro and direct onboarding.,Can I send you a short blurb to share with members?,7,10,8,https://csc.ncsu.edu/academics/student-organizations/,2026-08-31,Not Contacted,
Initial User Gatekeeper,Women In Science & Engineering,,University CS / Engineering Organization,NC State University,"Raleigh, NC, US",,NC State GetInvolved / official org directory,Official directory,https://csc.ncsu.edu/academics/student-organizations/,https://csc.ncsu.edu/academics/student-organizations/,CS and engineering members have concentrated laptop work and project deadlines.,7-Day Developer Lock-In Challenge with free Pro and direct onboarding.,Can I send you a short blurb to share with members?,7,10,8,https://csc.ncsu.edu/academics/student-organizations/,2026-08-31,Not Contacted,
Initial User Gatekeeper,Student Startup Center,,University entrepreneurship center,UC Davis,"Davis, CA, US",,Official center website / newsletter,Website,https://startup.ucdavis.edu/,https://startup.ucdavis.edu/,Center serves student entrepreneurs and founding teams who need focused build time.,Founder Lock-In Sprint for student founders.,Would you feature a free 7-day founder focus experiment to your community?,8,10,9,https://startup.ucdavis.edu/,2026-08-31,Not Contacted,
Initial User Gatekeeper,Engineering Center for Student Organizations (ECSO),,University org umbrella,University of Michigan,"Ann Arbor, MI, US",180+ orgs,College of Engineering student-org office,Email / office,https://studentorgs.engin.umich.edu/,https://studentorgs.engin.umich.edu/,"ECSO supports 180+ engineering student organizations, making it a high-leverage distribution gatekeeper.",Offer a free Engineering Focus Challenge any affiliated org can opt into.,Could you circulate a free pilot to interested engineering org leaders?,8,10,9,https://studentorgs.engin.umich.edu/,2026-08-31,Not Contacted,
Initial User Gatekeeper,Paul G. Allen School Student Organizations,,University CS org umbrella,University of Washington,"Seattle, WA, US",,Allen School student-life / org contacts,Official page,https://www.cs.washington.edu/academics/undergraduate/student-life/student-organizations/,https://www.cs.washington.edu/academics/undergraduate/student-life/student-organizations/,"Umbrella page reaches multiple CS, startup, career, and builder communities in one department.",Free 7-day CSE Lock-In Challenge for interested student organizations.,Who is the best person to share a free focus pilot with Allen School student orgs?,7,10,8,https://www.cs.washington.edu/academics/undergraduate/student-life/student-organizations/,2026-08-31,Not Contacted,
