Prospect Type,Name / Channel,Category,Best Contact,Contact Type,Contact URL,Relevant Content / Fit Link,Affiliate Fit Score (1-10),Audience Size,Why Talysman Fits,Suggested Outreach Angle,Source URL,Verification Date,Outreach Status,Notes,Gatekeeper / Organization,Decision Maker / Role,Institution / Community,Geography,Approx. Reachable Group Size,Official / Community Page,Why Members Fit Talysman,Recommended Pilot Pitch,Suggested First CTA,Accessibility Score (1-10),Audience Fit Score (1-10),Pilot Value Score (1-10)
Affiliate,How to ADHD,ADHD / Executive Function,YouTube business inquiry / creator business contact,YouTube / business inquiry,https://www.youtube.com/results?search_query=How+to+ADHD,https://www.youtube.com/results?search_query=How+to+ADHD+focus+productivity+study,10,,"Audience often discusses distractibility, executive function and external structure.","Position the USB key as external structure / environmental friction, not more willpower; avoid medical claims.",https://videos.feedspot.com/adhd_youtube_channels/,2026-08-31,Not Contacted,Publicly listed creator/channel from 2026 niche directory. Verify current business email/DM from creator channel About/profile before sending.,,,,,,,,,,,,
Affiliate,ADHD Love,ADHD / Executive Function,YouTube business inquiry / creator business contact,YouTube / business inquiry,https://www.youtube.com/results?search_query=ADHD+Love,https://www.youtube.com/results?search_query=ADHD+Love+focus+productivity+study,10,,"Audience often discusses distractibility, executive function and external structure.","Position the USB key as external structure / environmental friction, not more willpower; avoid medical claims.",https://videos.feedspot.com/adhd_youtube_channels/,2026-08-31,Not Contacted,Publicly listed creator/channel from 2026 niche directory. Verify current business email/DM from creator channel About/profile before sending.,,,,,,,,,,,,
Affiliate,ADHDVision,ADHD / Executive Function,YouTube business inquiry / creator business contact,YouTube / business inquiry,https://www.youtube.com/results?search_query=ADHDVision,https://www.youtube.com/results?search_query=ADHDVision+focus+productivity+study,10,,"Audience often discusses distractibility, executive function and external structure.","Position the USB key as external structure / environmental friction, not more willpower; avoid medical claims.",https://videos.feedspot.com/adhd_youtube_channels/,2026-08-31,Not Contacted,Publicly listed creator/channel from 2026 niche directory. Verify current business email/DM from creator channel About/profile before sending.,,,,,,,,,,,,
Affiliate,Hayley Honeyman,ADHD / Executive Function,YouTube business inquiry / creator business contact,YouTube / business inquiry,https://www.youtube.com/results?search_query=Hayley+Honeyman,https://www.youtube.com/results?search_query=Hayley+Honeyman+focus+productivity+study,9,,"Audience often discusses distractibility, executive function and external structure.","Position the USB key as external structure / environmental friction, not more willpower; avoid medical claims.",https://videos.feedspot.com/adhd_youtube_channels/,2026-08-31,Not Contacted,Publicly listed creator/channel from 2026 niche directory. Verify current business email/DM from creator channel About/profile before sending.,,,,,,,,,,,,
Affiliate,Toren Wolf,ADHD / Executive Function,YouTube business inquiry / creator business contact,YouTube / business inquiry,https://www.youtube.com/results?search_query=Toren+Wolf,https://www.youtube.com/results?search_query=Toren+Wolf+focus+productivity+study,9,,"Audience often discusses distractibility, executive function and external structure.","Position the USB key as external structure / environmental friction, not more willpower; avoid medical claims.",https://videos.feedspot.com/adhd_youtube_channels/,2026-08-31,Not Contacted,Publicly listed creator/channel from 2026 niche directory. Verify current business email/DM from creator channel About/profile before sending.,,,,,,,,,,,,
Affiliate,ADHD Chatter Podcast,ADHD / Executive Function,YouTube business inquiry / creator business contact,YouTube / business inquiry,https://www.youtube.com/results?search_query=ADHD+Chatter+Podcast,https://www.youtube.com/results?search_query=ADHD+Chatter+Podcast+focus+productivity+study,10,,"Audience often discusses distractibility, executive function and external structure.","Position the USB key as external structure / environmental friction, not more willpower; avoid medical claims.",https://videos.feedspot.com/adhd_youtube_channels/,2026-08-31,Not Contacted,Publicly listed creator/channel from 2026 niche directory. Verify current business email/DM from creator channel About/profile before sending.,,,,,,,,,,,,
Affiliate,Ally Hardesty,ADHD / Executive Function,YouTube business inquiry / creator business contact,YouTube / business inquiry,https://www.youtube.com/results?search_query=Ally+Hardesty,https://www.youtube.com/results?search_query=Ally+Hardesty+focus+productivity+study,9,,"Audience often discusses distractibility, executive function and external structure.","Position the USB key as external structure / environmental friction, not more willpower; avoid medical claims.",https://videos.feedspot.com/adhd_youtube_channels/,2026-08-31,Not Contacted,Publicly listed creator/channel from 2026 niche directory. Verify current business email/DM from creator channel About/profile before sending.,,,,,,,,,,,,
Affiliate,Dr. LeGrand,ADHD / Executive Function,YouTube business inquiry / creator business contact,YouTube / business inquiry,https://www.youtube.com/results?search_query=Dr.+LeGrand,https://www.youtube.com/results?search_query=Dr.+LeGrand+focus+productivity+study,9,,"Audience often discusses distractibility, executive function and external structure.","Position the USB key as external structure / environmental friction, not more willpower; avoid medical claims.",https://videos.feedspot.com/adhd_youtube_channels/,2026-08-31,Not Contacted,Publicly listed creator/channel from 2026 niche directory. Verify current business email/DM from creator channel About/profile before sending.,,,,,,,,,,,,
Affiliate,"Russell Barkley, PhD - Dedicated to ADHD Science+",ADHD / Executive Function,YouTube business inquiry / creator business contact,YouTube / business inquiry,https://www.youtube.com/results?search_query=Russell+Barkley%2C+PhD+-+Dedicated+to+ADHD+Science%2B,https://www.youtube.com/results?search_query=Russell+Barkley%2C+PhD+-+Dedicated+to+ADHD+Science%2B+focus+productivity+study,10,,"Audience often discusses distractibility, executive function and external structure.","Position the USB key as external structure / environmental friction, not more willpower; avoid medical claims.",https://videos.feedspot.com/adhd_youtube_channels/,2026-08-31,Not Contacted,Publicly listed creator/channel from 2026 niche directory. Verify current business email/DM from creator channel About/profile before sending.,,,,,,,,,,,,
Affiliate,Caren Magill | ADHD + Multipotentialites,ADHD / Executive Function,YouTube business inquiry / creator business contact,YouTube / business inquiry,https://www.youtube.com/results?search_query=Caren+Magill+%7C+ADHD+%2B+Multipotentialites,https://www.youtube.com/results?search_query=Caren+Magill+%7C+ADHD+%2B+Multipotentialites+focus+productivity+study,10,,"Audience often discusses distractibility, executive function and external structure.","Position the USB key as external structure / environmental friction, not more willpower; avoid medical claims.",https://videos.feedspot.com/adhd_youtube_channels/,2026-08-31,Not Contacted,Publicly listed creator/channel from 2026 niche directory. Verify current business email/DM from creator channel About/profile before sending.,,,,,,,,,,,,
Affiliate,Sasha Hamdani MD,ADHD / Executive Function,YouTube business inquiry / creator business contact,YouTube / business inquiry,https://www.youtube.com/results?search_query=Sasha+Hamdani+MD,https://www.youtube.com/results?search_query=Sasha+Hamdani+MD+focus+productivity+study,9,,"Audience often discusses distractibility, executive function and external structure.","Position the USB key as external structure / environmental friction, not more willpower; avoid medical claims.",https://videos.feedspot.com/adhd_youtube_channels/,2026-08-31,Not Contacted,Publicly listed creator/channel from 2026 niche directory. Verify current business email/DM from creator channel About/profile before sending.,,,,,,,,,,,,
Affiliate,ADHD Dude,ADHD / Executive Function,YouTube business inquiry / creator business contact,YouTube / business inquiry,https://www.youtube.com/results?search_query=ADHD+Dude,https://www.youtube.com/results?search_query=ADHD+Dude+focus+productivity+study,10,,"Audience often discusses distractibility, executive function and external structure.","Position the USB key as external structure / environmental friction, not more willpower; avoid medical claims.",https://videos.feedspot.com/adhd_youtube_channels/,2026-08-31,Not Contacted,Publicly listed creator/channel from 2026 niche directory. Verify current business email/DM from creator channel About/profile before sending.,,,,,,,,,,,,
Affiliate,AttentionTalkVideo,ADHD / Executive Function,YouTube business inquiry / creator business contact,YouTube / business inquiry,https://www.youtube.com/results?search_query=AttentionTalkVideo,https://www.youtube.com/results?search_query=AttentionTalkVideo+focus+productivity+study,9,,"Audience often discusses distractibility, executive function and external structure.","Position the USB key as external structure / environmental friction, not more willpower; avoid medical claims.",https://videos.feedspot.com/adhd_youtube_channels/,2026-08-31,Not Contacted,Publicly listed creator/channel from 2026 niche directory. Verify current business email/DM from creator channel About/profile before sending.,,,,,,,,,,,,
Affiliate,"Dr. Trish Leigh, Brain Rewire",ADHD / Executive Function,YouTube business inquiry / creator business contact,YouTube / business inquiry,https://www.youtube.com/results?search_query=Dr.+Trish+Leigh%2C+Brain+Rewire,https://www.youtube.com/results?search_query=Dr.+Trish+Leigh%2C+Brain+Rewire+focus+productivity+study,9,,"Audience often discusses distractibility, executive function and external structure.","Position the USB key as external structure / environmental friction, not more willpower; avoid medical claims.",https://videos.feedspot.com/adhd_youtube_channels/,2026-08-31,Not Contacted,Publicly listed creator/channel from 2026 niche directory. Verify current business email/DM from creator channel About/profile before sending.,,,,,,,,,,,,
Affiliate,"Gloria Joy Sherrod, LCPC - Adulting with ADHD",ADHD / Executive Function,YouTube business inquiry / creator business contact,YouTube / business inquiry,https://www.youtube.com/results?search_query=Gloria+Joy+Sherrod%2C+LCPC+-+Adulting+with+ADHD,https://www.youtube.com/results?search_query=Gloria+Joy+Sherrod%2C+LCPC+-+Adulting+with+ADHD+focus+productivity+study,10,,"Audience often discusses distractibility, executive function and external structure.","Position the USB key as external structure / environmental friction, not more willpower; avoid medical claims.",https://videos.feedspot.com/adhd_youtube_channels/,2026-08-31,Not Contacted,Publicly listed creator/channel from 2026 niche directory. Verify current business email/DM from creator channel About/profile before sending.,,,,,,,,,,,,
Affiliate,ADHD's World,ADHD / Executive Function,YouTube business inquiry / creator business contact,YouTube / business inquiry,https://www.youtube.com/results?search_query=ADHD%27s+World,https://www.youtube.com/results?search_query=ADHD%27s+World+focus+productivity+study,10,,"Audience often discusses distractibility, executive function and external structure.","Position the USB key as external structure / environmental friction, not more willpower; avoid medical claims.",https://videos.feedspot.com/adhd_youtube_channels/,2026-08-31,Not Contacted,Publicly listed creator/channel from 2026 niche directory. Verify current business email/DM from creator channel About/profile before sending.,,,,,,,,,,,,
Affiliate,ADHD Jesse,ADHD / Executive Function,YouTube business inquiry / creator business contact,YouTube / business inquiry,https://www.youtube.com/results?search_query=ADHD+Jesse,https://www.youtube.com/results?search_query=ADHD+Jesse+focus+productivity+study,10,,"Audience often discusses distractibility, executive function and external structure.","Position the USB key as external structure / environmental friction, not more willpower; avoid medical claims.",https://videos.feedspot.com/adhd_youtube_channels/,2026-08-31,Not Contacted,Publicly listed creator/channel from 2026 niche directory. Verify current business email/DM from creator channel About/profile before sending.,,,,,,,,,,,,
Affiliate,The Mini ADHD Coach,ADHD / Executive Function,YouTube business inquiry / creator business contact,YouTube / business inquiry,https://www.youtube.com/results?search_query=The+Mini+ADHD+Coach,https://www.youtube.com/results?search_query=The+Mini+ADHD+Coach+focus+productivity+study,10,,"Audience often discusses distractibility, executive function and external structure.","Position the USB key as external structure / environmental friction, not more willpower; avoid medical claims.",https://videos.feedspot.com/adhd_youtube_channels/,2026-08-31,Not Contacted,Publicly listed creator/channel from 2026 niche directory. Verify current business email/DM from creator channel About/profile before sending.,,,,,,,,,,,,
Affiliate,Authentically ADHD,ADHD / Executive Function,YouTube business inquiry / creator business contact,YouTube / business inquiry,https://www.youtube.com/results?search_query=Authentically+ADHD,https://www.youtube.com/results?search_query=Authentically+ADHD+focus+productivity+study,10,,"Audience often discusses distractibility, executive function and external structure.","Position the USB key as external structure / environmental friction, not more willpower; avoid medical claims.",https://videos.feedspot.com/adhd_youtube_channels/,2026-08-31,Not Contacted,Publicly listed creator/channel from 2026 niche directory. Verify current business email/DM from creator channel About/profile before sending.,,,,,,,,,,,,
Affiliate,ADDitude Magazine,ADHD / Executive Function,YouTube business inquiry / creator business contact,YouTube / business inquiry,https://www.youtube.com/results?search_query=ADDitude+Magazine,https://www.youtube.com/results?search_query=ADDitude+Magazine+focus+productivity+study,9,,"Audience often discusses distractibility, executive function and external structure.","Position the USB key as external structure / environmental friction, not more willpower; avoid medical claims.",https://videos.feedspot.com/adhd_youtube_channels/,2026-08-31,Not Contacted,Publicly listed creator/channel from 2026 niche directory. Verify current business email/DM from creator channel About/profile before sending.,,,,,,,,,,,,
Affiliate,Jen Kirkman 'YOU ARE A LOT' (an adhd podcast),ADHD / Executive Function,YouTube business inquiry / creator business contact,YouTube / business inquiry,https://www.youtube.com/results?search_query=Jen+Kirkman+%27YOU+ARE+A+LOT%27+%28an+adhd+podcast%29,https://www.youtube.com/results?search_query=Jen+Kirkman+%27YOU+ARE+A+LOT%27+%28an+adhd+podcast%29+focus+productivity+study,10,,"Audience often discusses distractibility, executive function and external structure.","Position the USB key as external structure / environmental friction, not more willpower; avoid medical claims.",https://videos.feedspot.com/adhd_youtube_channels/,2026-08-31,Not Contacted,Publicly listed creator/channel from 2026 niche directory. Verify current business email/DM from creator channel About/profile before sending.,,,,,,,,,,,,
Affiliate,Doctor Jacque | Child Anxiety & ADHD,ADHD / Executive Function,YouTube business inquiry / creator business contact,YouTube / business inquiry,https://www.youtube.com/results?search_query=Doctor+Jacque+%7C+Child+Anxiety+%26+ADHD,https://www.youtube.com/results?search_query=Doctor+Jacque+%7C+Child+Anxiety+%26+ADHD+focus+productivity+study,10,,"Audience often discusses distractibility, executive function and external structure.","Position the USB key as external structure / environmental friction, not more willpower; avoid medical claims.",https://videos.feedspot.com/adhd_youtube_channels/,2026-08-31,Not Contacted,Publicly listed creator/channel from 2026 niche directory. Verify current business email/DM from creator channel About/profile before sending.,,,,,,,,,,,,
Affiliate,ADHD na Obcasach,ADHD / Executive Function,YouTube business inquiry / creator business contact,YouTube / business inquiry,https://www.youtube.com/results?search_query=ADHD+na+Obcasach,https://www.youtube.com/results?search_query=ADHD+na+Obcasach+focus+productivity+study,10,,"Audience often discusses distractibility, executive function and external structure.","Position the USB key as external structure / environmental friction, not more willpower; avoid medical claims.",https://videos.feedspot.com/adhd_youtube_channels/,2026-08-31,Not Contacted,Publicly listed creator/channel from 2026 niche directory. Verify current business email/DM from creator channel About/profile before sending.,,,,,,,,,,,,
Affiliate,"Executive Function, ADHD, 2e. Seth Perler",ADHD / Executive Function,YouTube business inquiry / creator business contact,YouTube / business inquiry,https://www.youtube.com/results?search_query=Executive+Function%2C+ADHD%2C+2e.+Seth+Perler,https://www.youtube.com/results?search_query=Executive+Function%2C+ADHD%2C+2e.+Seth+Perler+focus+productivity+study,10,,"Audience often discusses distractibility, executive function and external structure.","Position the USB key as external structure / environmental friction, not more willpower; avoid medical claims.",https://videos.feedspot.com/adhd_youtube_channels/,2026-08-31,Not Contacted,Publicly listed creator/channel from 2026 niche directory. Verify current business email/DM from creator channel About/profile before sending.,,,,,,,,,,,,
Affiliate,Dr. Dan Sullivan,ADHD / Executive Function,YouTube business inquiry / creator business contact,YouTube / business inquiry,https://www.youtube.com/results?search_query=Dr.+Dan+Sullivan,https://www.youtube.com/results?search_query=Dr.+Dan+Sullivan+focus+productivity+study,9,,"Audience often discusses distractibility, executive function and external structure.","Position the USB key as external structure / environmental friction, not more willpower; avoid medical claims.",https://videos.feedspot.com/adhd_youtube_channels/,2026-08-31,Not Contacted,Publicly listed creator/channel from 2026 niche directory. Verify current business email/DM from creator channel About/profile before sending.,,,,,,,,,,,,
Affiliate,Cherry ADHD,ADHD / Executive Function,YouTube business inquiry / creator business contact,YouTube / business inquiry,https://www.youtube.com/results?search_query=Cherry+ADHD,https://www.youtube.com/results?search_query=Cherry+ADHD+focus+productivity+study,10,,"Audience often discusses distractibility, executive function and external structure.","Position the USB key as external structure / environmental friction, not more willpower; avoid medical claims.",https://videos.feedspot.com/adhd_youtube_channels/,2026-08-31,Not Contacted,Publicly listed creator/channel from 2026 niche directory. Verify current business email/DM from creator channel About/profile before sending.,,,,,,,,,,,,
Affiliate,Help for ADHD,ADHD / Executive Function,YouTube business inquiry / creator business contact,YouTube / business inquiry,https://www.youtube.com/results?search_query=Help+for+ADHD,https://www.youtube.com/results?search_query=Help+for+ADHD+focus+productivity+study,10,,"Audience often discusses distractibility, executive function and external structure.","Position the USB key as external structure / environmental friction, not more willpower; avoid medical claims.",https://videos.feedspot.com/adhd_youtube_channels/,2026-08-31,Not Contacted,Publicly listed creator/channel from 2026 niche directory. Verify current business email/DM from creator channel About/profile before sending.,,,,,,,,,,,,
Affiliate,Dr. John Kruse,ADHD / Executive Function,YouTube business inquiry / creator business contact,YouTube / business inquiry,https://www.youtube.com/results?search_query=Dr.+John+Kruse,https://www.youtube.com/results?search_query=Dr.+John+Kruse+focus+productivity+study,9,,"Audience often discusses distractibility, executive function and external structure.","Position the USB key as external structure / environmental friction, not more willpower; avoid medical claims.",https://videos.feedspot.com/adhd_youtube_channels/,2026-08-31,Not Contacted,Publicly listed creator/channel from 2026 niche directory. Verify current business email/DM from creator channel About/profile before sending.,,,,,,,,,,,,
Affiliate,ADHD Coach Ryan Mayer,ADHD / Executive Function,YouTube business inquiry / creator business contact,YouTube / business inquiry,https://www.youtube.com/results?search_query=ADHD+Coach+Ryan+Mayer,https://www.youtube.com/results?search_query=ADHD+Coach+Ryan+Mayer+focus+productivity+study,10,,"Audience often discusses distractibility, executive function and external structure.","Position the USB key as external structure / environmental friction, not more willpower; avoid medical claims.",https://videos.feedspot.com/adhd_youtube_channels/,2026-08-31,Not Contacted,Publicly listed creator/channel from 2026 niche directory. Verify current business email/DM from creator channel About/profile before sending.,,,,,,,,,,,,
Affiliate,Jenna Redfield Notion for ADHD Entrepreneurs,ADHD / Executive Function,YouTube business inquiry / creator business contact,YouTube / business inquiry,https://www.youtube.com/results?search_query=Jenna+Redfield+Notion+for+ADHD+Entrepreneurs,https://www.youtube.com/results?search_query=Jenna+Redfield+Notion+for+ADHD+Entrepreneurs+focus+productivity+study,10,,"Audience often discusses distractibility, executive function and external structure.","Position the USB key as external structure / environmental friction, not more willpower; avoid medical claims.",https://videos.feedspot.com/adhd_youtube_channels/,2026-08-31,Not Contacted,Publicly listed creator/channel from 2026 niche directory. Verify current business email/DM from creator channel About/profile before sending.,,,,,,,,,,,,
Affiliate,I Have ADHD Podcast & Coaching,ADHD / Executive Function,YouTube business inquiry / creator business contact,YouTube / business inquiry,https://www.youtube.com/results?search_query=I+Have+ADHD+Podcast+%26+Coaching,https://www.youtube.com/results?search_query=I+Have+ADHD+Podcast+%26+Coaching+focus+productivity+study,10,,"Audience often discusses distractibility, executive function and external structure.","Position the USB key as external structure / environmental friction, not more willpower; avoid medical claims.",https://videos.feedspot.com/adhd_youtube_channels/,2026-08-31,Not Contacted,Publicly listed creator/channel from 2026 niche directory. Verify current business email/DM from creator channel About/profile before sending.,,,,,,,,,,,,
Affiliate,Dana Kay - ADHD Thrive Institute,ADHD / Executive Function,YouTube business inquiry / creator business contact,YouTube / business inquiry,https://www.youtube.com/results?search_query=Dana+Kay+-+ADHD+Thrive+Institute,https://www.youtube.com/results?search_query=Dana+Kay+-+ADHD+Thrive+Institute+focus+productivity+study,10,,"Audience often discusses distractibility, executive function and external structure.","Position the USB key as external structure / environmental friction, not more willpower; avoid medical claims.",https://videos.feedspot.com/adhd_youtube_channels/,2026-08-31,Not Contacted,Publicly listed creator/channel from 2026 niche directory. Verify current business email/DM from creator channel About/profile before sending.,,,,,,,,,,,,
Affiliate,Mollys ADHD Mayhem,ADHD / Executive Function,YouTube business inquiry / creator business contact,YouTube / business inquiry,https://www.youtube.com/results?search_query=Mollys+ADHD+Mayhem,https://www.youtube.com/results?search_query=Mollys+ADHD+Mayhem+focus+productivity+study,10,,"Audience often discusses distractibility, executive function and external structure.","Position the USB key as external structure / environmental friction, not more willpower; avoid medical claims.",https://videos.feedspot.com/adhd_youtube_channels/,2026-08-31,Not Contacted,Publicly listed creator/channel from 2026 niche directory. Verify current business email/DM from creator channel About/profile before sending.,,,,,,,,,,,,
Affiliate,Nishantha,ADHD / Executive Function,YouTube business inquiry / creator business contact,YouTube / business inquiry,https://www.youtube.com/results?search_query=Nishantha,https://www.youtube.com/results?search_query=Nishantha+focus+productivity+study,9,,"Audience often discusses distractibility, executive function and external structure.","Position the USB key as external structure / environmental friction, not more willpower; avoid medical claims.",https://videos.feedspot.com/adhd_youtube_channels/,2026-08-31,Not Contacted,Publicly listed creator/channel from 2026 niche directory. Verify current business email/DM from creator channel About/profile before sending.,,,,,,,,,,,,
Affiliate,ND OUTLOUD,ADHD / Executive Function,YouTube business inquiry / creator business contact,YouTube / business inquiry,https://www.youtube.com/results?search_query=ND+OUTLOUD,https://www.youtube.com/results?search_query=ND+OUTLOUD+focus+productivity+study,9,,"Audience often discusses distractibility, executive function and external structure.","Position the USB key as external structure / environmental friction, not more willpower; avoid medical claims.",https://videos.feedspot.com/adhd_youtube_channels/,2026-08-31,Not Contacted,Publicly listed creator/channel from 2026 niche directory. Verify current business email/DM from creator channel About/profile before sending.,,,,,,,,,,,,
Affiliate,ADHD ASMR for Insomnia,ADHD / Executive Function,YouTube business inquiry / creator business contact,YouTube / business inquiry,https://www.youtube.com/results?search_query=ADHD+ASMR+for+Insomnia,https://www.youtube.com/results?search_query=ADHD+ASMR+for+Insomnia+focus+productivity+study,10,,"Audience often discusses distractibility, executive function and external structure.","Position the USB key as external structure / environmental friction, not more willpower; avoid medical claims.",https://videos.feedspot.com/adhd_youtube_channels/,2026-08-31,Not Contacted,Publicly listed creator/channel from 2026 niche directory. Verify current business email/DM from creator channel About/profile before sending.,,,,,,,,,,,,
Affiliate,ADHD centrum Nederland,ADHD / Executive Function,YouTube business inquiry / creator business contact,YouTube / business inquiry,https://www.youtube.com/results?search_query=ADHD+centrum+Nederland,https://www.youtube.com/results?search_query=ADHD+centrum+Nederland+focus+productivity+study,10,,"Audience often discusses distractibility, executive function and external structure.","Position the USB key as external structure / environmental friction, not more willpower; avoid medical claims.",https://videos.feedspot.com/adhd_youtube_channels/,2026-08-31,Not Contacted,Publicly listed creator/channel from 2026 niche directory. Verify current business email/DM from creator channel About/profile before sending.,,,,,,,,,,,,
Affiliate,ADHD Support Talk,ADHD / Executive Function,YouTube business inquiry / creator business contact,YouTube / business inquiry,https://www.youtube.com/results?search_query=ADHD+Support+Talk,https://www.youtube.com/results?search_query=ADHD+Support+Talk+focus+productivity+study,10,,"Audience often discusses distractibility, executive function and external structure.","Position the USB key as external structure / environmental friction, not more willpower; avoid medical claims.",https://videos.feedspot.com/adhd_youtube_channels/,2026-08-31,Not Contacted,Publicly listed creator/channel from 2026 niche directory. Verify current business email/DM from creator channel About/profile before sending.,,,,,,,,,,,,
Affiliate,ADHD reWired,ADHD / Executive Function,YouTube business inquiry / creator business contact,YouTube / business inquiry,https://www.youtube.com/results?search_query=ADHD+reWired,https://www.youtube.com/results?search_query=ADHD+reWired+focus+productivity+study,10,,"Audience often discusses distractibility, executive function and external structure.","Position the USB key as external structure / environmental friction, not more willpower; avoid medical claims.",https://videos.feedspot.com/adhd_youtube_channels/,2026-08-31,Not Contacted,Publicly listed creator/channel from 2026 niche directory. Verify current business email/DM from creator channel About/profile before sending.,,,,,,,,,,,,
Affiliate,Broadcasting ADHD Europe,ADHD / Executive Function,YouTube business inquiry / creator business contact,YouTube / business inquiry,https://www.youtube.com/results?search_query=Broadcasting+ADHD+Europe,https://www.youtube.com/results?search_query=Broadcasting+ADHD+Europe+focus+productivity+study,10,,"Audience often discusses distractibility, executive function and external structure.","Position the USB key as external structure / environmental friction, not more willpower; avoid medical claims.",https://videos.feedspot.com/adhd_youtube_channels/,2026-08-31,Not Contacted,Publicly listed creator/channel from 2026 niche directory. Verify current business email/DM from creator channel About/profile before sending.,,,,,,,,,,,,
Affiliate,ADHD Life Now,ADHD / Executive Function,YouTube business inquiry / creator business contact,YouTube / business inquiry,https://www.youtube.com/results?search_query=ADHD+Life+Now,https://www.youtube.com/results?search_query=ADHD+Life+Now+focus+productivity+study,10,,"Audience often discusses distractibility, executive function and external structure.","Position the USB key as external structure / environmental friction, not more willpower; avoid medical claims.",https://videos.feedspot.com/adhd_youtube_channels/,2026-08-31,Not Contacted,Publicly listed creator/channel from 2026 niche directory. Verify current business email/DM from creator channel About/profile before sending.,,,,,,,,,,,,
Affiliate,ADHD Coach Mande John - Learn to Thrive with ADHD,ADHD / Executive Function,YouTube business inquiry / creator business contact,YouTube / business inquiry,https://www.youtube.com/results?search_query=ADHD+Coach+Mande+John+-+Learn+to+Thrive+with+ADHD,https://www.youtube.com/results?search_query=ADHD+Coach+Mande+John+-+Learn+to+Thrive+with+ADHD+focus+productivity+study,10,,"Audience often discusses distractibility, executive function and external structure.","Position the USB key as external structure / environmental friction, not more willpower; avoid medical claims.",https://videos.feedspot.com/adhd_youtube_channels/,2026-08-31,Not Contacted,Publicly listed creator/channel from 2026 niche directory. Verify current business email/DM from creator channel About/profile before sending.,,,,,,,,,,,,
Affiliate,ADHD Wellness,ADHD / Executive Function,YouTube business inquiry / creator business contact,YouTube / business inquiry,https://www.youtube.com/results?search_query=ADHD+Wellness,https://www.youtube.com/results?search_query=ADHD+Wellness+focus+productivity+study,10,,"Audience often discusses distractibility, executive function and external structure.","Position the USB key as external structure / environmental friction, not more willpower; avoid medical claims.",https://videos.feedspot.com/adhd_youtube_channels/,2026-08-31,Not Contacted,Publicly listed creator/channel from 2026 niche directory. Verify current business email/DM from creator channel About/profile before sending.,,,,,,,,,,,,
Affiliate,ADHD Norge,ADHD / Executive Function,YouTube business inquiry / creator business contact,YouTube / business inquiry,https://www.youtube.com/results?search_query=ADHD+Norge,https://www.youtube.com/results?search_query=ADHD+Norge+focus+productivity+study,10,,"Audience often discusses distractibility, executive function and external structure.","Position the USB key as external structure / environmental friction, not more willpower; avoid medical claims.",https://videos.feedspot.com/adhd_youtube_channels/,2026-08-31,Not Contacted,Publicly listed creator/channel from 2026 niche directory. Verify current business email/DM from creator channel About/profile before sending.,,,,,,,,,,,,
Affiliate,Drake Institute,ADHD / Executive Function,YouTube business inquiry / creator business contact,YouTube / business inquiry,https://www.youtube.com/results?search_query=Drake+Institute,https://www.youtube.com/results?search_query=Drake+Institute+focus+productivity+study,9,,"Audience often discusses distractibility, executive function and external structure.","Position the USB key as external structure / environmental friction, not more willpower; avoid medical claims.",https://videos.feedspot.com/adhd_youtube_channels/,2026-08-31,Not Contacted,Publicly listed creator/channel from 2026 niche directory. Verify current business email/DM from creator channel About/profile before sending.,,,,,,,,,,,,
Affiliate,Braelyn | Systems For ADHD,ADHD / Executive Function,YouTube business inquiry / creator business contact,YouTube / business inquiry,https://www.youtube.com/results?search_query=Braelyn+%7C+Systems+For+ADHD,https://www.youtube.com/results?search_query=Braelyn+%7C+Systems+For+ADHD+focus+productivity+study,10,,"Audience often discusses distractibility, executive function and external structure.","Position the USB key as external structure / environmental friction, not more willpower; avoid medical claims.",https://videos.feedspot.com/adhd_youtube_channels/,2026-08-31,Not Contacted,Publicly listed creator/channel from 2026 niche directory. Verify current business email/DM from creator channel About/profile before sending.,,,,,,,,,,,,
Affiliate,Vanshita - ADHD,ADHD / Executive Function,YouTube business inquiry / creator business contact,YouTube / business inquiry,https://www.youtube.com/results?search_query=Vanshita+-+ADHD,https://www.youtube.com/results?search_query=Vanshita+-+ADHD+focus+productivity+study,10,,"Audience often discusses distractibility, executive function and external structure.","Position the USB key as external structure / environmental friction, not more willpower; avoid medical claims.",https://videos.feedspot.com/adhd_youtube_channels/,2026-08-31,Not Contacted,Publicly listed creator/channel from 2026 niche directory. Verify current business email/DM from creator channel About/profile before sending.,,,,,,,,,,,,
Affiliate,GrowNOW ADHD,ADHD / Executive Function,YouTube business inquiry / creator business contact,YouTube / business inquiry,https://www.youtube.com/results?search_query=GrowNOW+ADHD,https://www.youtube.com/results?search_query=GrowNOW+ADHD+focus+productivity+study,10,,"Audience often discusses distractibility, executive function and external structure.","Position the USB key as external structure / environmental friction, not more willpower; avoid medical claims.",https://videos.feedspot.com/adhd_youtube_channels/,2026-08-31,Not Contacted,Publicly listed creator/channel from 2026 niche directory. Verify current business email/DM from creator channel About/profile before sending.,,,,,,,,,,,,
Affiliate,Qbtech,ADHD / Executive Function,YouTube business inquiry / creator business contact,YouTube / business inquiry,https://www.youtube.com/results?search_query=Qbtech,https://www.youtube.com/results?search_query=Qbtech+focus+productivity+study,9,,"Audience often discusses distractibility, executive function and external structure.","Position the USB key as external structure / environmental friction, not more willpower; avoid medical claims.",https://videos.feedspot.com/adhd_youtube_channels/,2026-08-31,Not Contacted,Publicly listed creator/channel from 2026 niche directory. Verify current business email/DM from creator channel About/profile before sending.,,,,,,,,,,,,
Affiliate,Mr ADHD,ADHD / Executive Function,YouTube business inquiry / creator business contact,YouTube / business inquiry,https://www.youtube.com/results?search_query=Mr+ADHD,https://www.youtube.com/results?search_query=Mr+ADHD+focus+productivity+study,10,,"Audience often discusses distractibility, executive function and external structure.","Position the USB key as external structure / environmental friction, not more willpower; avoid medical claims.",https://videos.feedspot.com/adhd_youtube_channels/,2026-08-31,Not Contacted,Publicly listed creator/channel from 2026 niche directory. Verify current business email/DM from creator channel About/profile before sending.,,,,,,,,,,,,
Affiliate,Dr. Sharon Saline,ADHD / Executive Function,YouTube business inquiry / creator business contact,YouTube / business inquiry,https://www.youtube.com/results?search_query=Dr.+Sharon+Saline,https://www.youtube.com/results?search_query=Dr.+Sharon+Saline+focus+productivity+study,9,,"Audience often discusses distractibility, executive function and external structure.","Position the USB key as external structure / environmental friction, not more willpower; avoid medical claims.",https://videos.feedspot.com/adhd_youtube_channels/,2026-08-31,Not Contacted,Publicly listed creator/channel from 2026 niche directory. Verify current business email/DM from creator channel About/profile before sending.,,,,,,,,,,,,
Affiliate,"Rena-Fi, Inc.",ADHD / Executive Function,YouTube business inquiry / creator business contact,YouTube / business inquiry,https://www.youtube.com/results?search_query=Rena-Fi%2C+Inc.,https://www.youtube.com/results?search_query=Rena-Fi%2C+Inc.+focus+productivity+study,9,,"Audience often discusses distractibility, executive function and external structure.","Position the USB key as external structure / environmental friction, not more willpower; avoid medical claims.",https://videos.feedspot.com/adhd_youtube_channels/,2026-08-31,Not Contacted,Publicly listed creator/channel from 2026 niche directory. Verify current business email/DM from creator channel About/profile before sending.,,,,,,,,,,,,
Affiliate,Unlocking ADHD,ADHD / Executive Function,YouTube business inquiry / creator business contact,YouTube / business inquiry,https://www.youtube.com/results?search_query=Unlocking+ADHD,https://www.youtube.com/results?search_query=Unlocking+ADHD+focus+productivity+study,10,,"Audience often discusses distractibility, executive function and external structure.","Position the USB key as external structure / environmental friction, not more willpower; avoid medical claims.",https://videos.feedspot.com/adhd_youtube_channels/,2026-08-31,Not Contacted,Publicly listed creator/channel from 2026 niche directory. Verify current business email/DM from creator channel About/profile before sending.,,,,,,,,,,,,
Affiliate,Nikki Kinzer | Take Control ADHD,ADHD / Executive Function,YouTube business inquiry / creator business contact,YouTube / business inquiry,https://www.youtube.com/results?search_query=Nikki+Kinzer+%7C+Take+Control+ADHD,https://www.youtube.com/results?search_query=Nikki+Kinzer+%7C+Take+Control+ADHD+focus+productivity+study,10,,"Audience often discusses distractibility, executive function and external structure.","Position the USB key as external structure / environmental friction, not more willpower; avoid medical claims.",https://videos.feedspot.com/adhd_youtube_channels/,2026-08-31,Not Contacted,Publicly listed creator/channel from 2026 niche directory. Verify current business email/DM from creator channel About/profile before sending.,,,,,,,,,,,,
Affiliate,The Adulting With ADHD Podcast,ADHD / Executive Function,YouTube business inquiry / creator business contact,YouTube / business inquiry,https://www.youtube.com/results?search_query=The+Adulting+With+ADHD+Podcast,https://www.youtube.com/results?search_query=The+Adulting+With+ADHD+Podcast+focus+productivity+study,10,,"Audience often discusses distractibility, executive function and external structure.","Position the USB key as external structure / environmental friction, not more willpower; avoid medical claims.",https://videos.feedspot.com/adhd_youtube_channels/,2026-08-31,Not Contacted,Publicly listed creator/channel from 2026 niche directory. Verify current business email/DM from creator channel About/profile before sending.,,,,,,,,,,,,
Affiliate,Adult ADD ADHD Tips and Support,ADHD / Executive Function,YouTube business inquiry / creator business contact,YouTube / business inquiry,https://www.youtube.com/results?search_query=Adult+ADD+ADHD+Tips+and+Support,https://www.youtube.com/results?search_query=Adult+ADD+ADHD+Tips+and+Support+focus+productivity+study,10,,"Audience often discusses distractibility, executive function and external structure.","Position the USB key as external structure / environmental friction, not more willpower; avoid medical claims.",https://videos.feedspot.com/adhd_youtube_channels/,2026-08-31,Not Contacted,Publicly listed creator/channel from 2026 niche directory. Verify current business email/DM from creator channel About/profile before sending.,,,,,,,,,,,,
Affiliate,That ADHD Girl Reviews,ADHD / Executive Function,YouTube business inquiry / creator business contact,YouTube / business inquiry,https://www.youtube.com/results?search_query=That+ADHD+Girl+Reviews,https://www.youtube.com/results?search_query=That+ADHD+Girl+Reviews+focus+productivity+study,10,,"Audience often discusses distractibility, executive function and external structure.","Position the USB key as external structure / environmental friction, not more willpower; avoid medical claims.",https://videos.feedspot.com/adhd_youtube_channels/,2026-08-31,Not Contacted,Publicly listed creator/channel from 2026 niche directory. Verify current business email/DM from creator channel About/profile before sending.,,,,,,,,,,,,
Affiliate,ADHD Coach Sheila,ADHD / Executive Function,YouTube business inquiry / creator business contact,YouTube / business inquiry,https://www.youtube.com/results?search_query=ADHD+Coach+Sheila,https://www.youtube.com/results?search_query=ADHD+Coach+Sheila+focus+productivity+study,10,,"Audience often discusses distractibility, executive function and external structure.","Position the USB key as external structure / environmental friction, not more willpower; avoid medical claims.",https://videos.feedspot.com/adhd_youtube_channels/,2026-08-31,Not Contacted,Publicly listed creator/channel from 2026 niche directory. Verify current business email/DM from creator channel About/profile before sending.,,,,,,,,,,,,
Affiliate,ADHD Money Talk,ADHD / Executive Function,YouTube business inquiry / creator business contact,YouTube / business inquiry,https://www.youtube.com/results?search_query=ADHD+Money+Talk,https://www.youtube.com/results?search_query=ADHD+Money+Talk+focus+productivity+study,10,,"Audience often discusses distractibility, executive function and external structure.","Position the USB key as external structure / environmental friction, not more willpower; avoid medical claims.",https://videos.feedspot.com/adhd_youtube_channels/,2026-08-31,Not Contacted,Publicly listed creator/channel from 2026 niche directory. Verify current business email/DM from creator channel About/profile before sending.,,,,,,,,,,,,
Affiliate,Overcoming Distractions,ADHD / Executive Function,YouTube business inquiry / creator business contact,YouTube / business inquiry,https://www.youtube.com/results?search_query=Overcoming+Distractions,https://www.youtube.com/results?search_query=Overcoming+Distractions+focus+productivity+study,9,,"Audience often discusses distractibility, executive function and external structure.","Position the USB key as external structure / environmental friction, not more willpower; avoid medical claims.",https://videos.feedspot.com/adhd_youtube_channels/,2026-08-31,Not Contacted,Publicly listed creator/channel from 2026 niche directory. Verify current business email/DM from creator channel About/profile before sending.,,,,,,,,,,,,
Affiliate,"Where's David-Paul, my ADHD life?",ADHD / Executive Function,YouTube business inquiry / creator business contact,YouTube / business inquiry,https://www.youtube.com/results?search_query=Where%27s+David-Paul%2C+my+ADHD+life%3F,https://www.youtube.com/results?search_query=Where%27s+David-Paul%2C+my+ADHD+life%3F+focus+productivity+study,10,,"Audience often discusses distractibility, executive function and external structure.","Position the USB key as external structure / environmental friction, not more willpower; avoid medical claims.",https://videos.feedspot.com/adhd_youtube_channels/,2026-08-31,Not Contacted,Publicly listed creator/channel from 2026 niche directory. Verify current business email/DM from creator channel About/profile before sending.,,,,,,,,,,,,
Affiliate,ADHD WOMEN'S WELLBEING,ADHD / Executive Function,YouTube business inquiry / creator business contact,YouTube / business inquiry,https://www.youtube.com/results?search_query=ADHD+WOMEN%27S+WELLBEING,https://www.youtube.com/results?search_query=ADHD+WOMEN%27S+WELLBEING+focus+productivity+study,10,,"Audience often discusses distractibility, executive function and external structure.","Position the USB key as external structure / environmental friction, not more willpower; avoid medical claims.",https://videos.feedspot.com/adhd_youtube_channels/,2026-08-31,Not Contacted,Publicly listed creator/channel from 2026 niche directory. Verify current business email/DM from creator channel About/profile before sending.,,,,,,,,,,,,
Affiliate,ADHD Specialist,ADHD / Executive Function,YouTube business inquiry / creator business contact,YouTube / business inquiry,https://www.youtube.com/results?search_query=ADHD+Specialist,https://www.youtube.com/results?search_query=ADHD+Specialist+focus+productivity+study,10,,"Audience often discusses distractibility, executive function and external structure.","Position the USB key as external structure / environmental friction, not more willpower; avoid medical claims.",https://videos.feedspot.com/adhd_youtube_channels/,2026-08-31,Not Contacted,Publicly listed creator/channel from 2026 niche directory. Verify current business email/DM from creator channel About/profile before sending.,,,,,,,,,,,,
Affiliate,ADHD Coach Nic,ADHD / Executive Function,YouTube business inquiry / creator business contact,YouTube / business inquiry,https://www.youtube.com/results?search_query=ADHD+Coach+Nic,https://www.youtube.com/results?search_query=ADHD+Coach+Nic+focus+productivity+study,10,,"Audience often discusses distractibility, executive function and external structure.","Position the USB key as external structure / environmental friction, not more willpower; avoid medical claims.",https://videos.feedspot.com/adhd_youtube_channels/,2026-08-31,Not Contacted,Publicly listed creator/channel from 2026 niche directory. Verify current business email/DM from creator channel About/profile before sending.,,,,,,,,,,,,
Affiliate,Dyslexia ADHD and autism,ADHD / Executive Function,YouTube business inquiry / creator business contact,YouTube / business inquiry,https://www.youtube.com/results?search_query=Dyslexia+ADHD+and+autism,https://www.youtube.com/results?search_query=Dyslexia+ADHD+and+autism+focus+productivity+study,10,,"Audience often discusses distractibility, executive function and external structure.","Position the USB key as external structure / environmental friction, not more willpower; avoid medical claims.",https://videos.feedspot.com/adhd_youtube_channels/,2026-08-31,Not Contacted,Publicly listed creator/channel from 2026 niche directory. Verify current business email/DM from creator channel About/profile before sending.,,,,,,,,,,,,
Affiliate,Authentically ADHD with Carmen Irace,ADHD / Executive Function,YouTube business inquiry / creator business contact,YouTube / business inquiry,https://www.youtube.com/results?search_query=Authentically+ADHD+with+Carmen+Irace,https://www.youtube.com/results?search_query=Authentically+ADHD+with+Carmen+Irace+focus+productivity+study,10,,"Audience often discusses distractibility, executive function and external structure.","Position the USB key as external structure / environmental friction, not more willpower; avoid medical claims.",https://videos.feedspot.com/adhd_youtube_channels/,2026-08-31,Not Contacted,Publicly listed creator/channel from 2026 niche directory. Verify current business email/DM from creator channel About/profile before sending.,,,,,,,,,,,,
Affiliate,ADHD Life Coach Janine VanStee,ADHD / Executive Function,YouTube business inquiry / creator business contact,YouTube / business inquiry,https://www.youtube.com/results?search_query=ADHD+Life+Coach+Janine+VanStee,https://www.youtube.com/results?search_query=ADHD+Life+Coach+Janine+VanStee+focus+productivity+study,10,,"Audience often discusses distractibility, executive function and external structure.","Position the USB key as external structure / environmental friction, not more willpower; avoid medical claims.",https://videos.feedspot.com/adhd_youtube_channels/,2026-08-31,Not Contacted,Publicly listed creator/channel from 2026 niche directory. Verify current business email/DM from creator channel About/profile before sending.,,,,,,,,,,,,
Affiliate,ADHD Doc,ADHD / Executive Function,YouTube business inquiry / creator business contact,YouTube / business inquiry,https://www.youtube.com/results?search_query=ADHD+Doc,https://www.youtube.com/results?search_query=ADHD+Doc+focus+productivity+study,10,,"Audience often discusses distractibility, executive function and external structure.","Position the USB key as external structure / environmental friction, not more willpower; avoid medical claims.",https://videos.feedspot.com/adhd_youtube_channels/,2026-08-31,Not Contacted,Publicly listed creator/channel from 2026 niche directory. Verify current business email/DM from creator channel About/profile before sending.,,,,,,,,,,,,
Affiliate,The ADHD Village,ADHD / Executive Function,YouTube business inquiry / creator business contact,YouTube / business inquiry,https://www.youtube.com/results?search_query=The+ADHD+Village,https://www.youtube.com/results?search_query=The+ADHD+Village+focus+productivity+study,10,,"Audience often discusses distractibility, executive function and external structure.","Position the USB key as external structure / environmental friction, not more willpower; avoid medical claims.",https://videos.feedspot.com/adhd_youtube_channels/,2026-08-31,Not Contacted,Publicly listed creator/channel from 2026 niche directory. Verify current business email/DM from creator channel About/profile before sending.,,,,,,,,,,,,
Affiliate,The Shiny Object Strategist - ADHD Business Tips,ADHD / Executive Function,YouTube business inquiry / creator business contact,YouTube / business inquiry,https://www.youtube.com/results?search_query=The+Shiny+Object+Strategist+-+ADHD+Business+Tips,https://www.youtube.com/results?search_query=The+Shiny+Object+Strategist+-+ADHD+Business+Tips+focus+productivity+study,10,,"Audience often discusses distractibility, executive function and external structure.","Position the USB key as external structure / environmental friction, not more willpower; avoid medical claims.",https://videos.feedspot.com/adhd_youtube_channels/,2026-08-31,Not Contacted,Publicly listed creator/channel from 2026 niche directory. Verify current business email/DM from creator channel About/profile before sending.,,,,,,,,,,,,
Affiliate,ADHD Assist,ADHD / Executive Function,YouTube business inquiry / creator business contact,YouTube / business inquiry,https://www.youtube.com/results?search_query=ADHD+Assist,https://www.youtube.com/results?search_query=ADHD+Assist+focus+productivity+study,10,,"Audience often discusses distractibility, executive function and external structure.","Position the USB key as external structure / environmental friction, not more willpower; avoid medical claims.",https://videos.feedspot.com/adhd_youtube_channels/,2026-08-31,Not Contacted,Publicly listed creator/channel from 2026 niche directory. Verify current business email/DM from creator channel About/profile before sending.,,,,,,,,,,,,
Affiliate,Men's ADHD Support Group,ADHD / Executive Function,YouTube business inquiry / creator business contact,YouTube / business inquiry,https://www.youtube.com/results?search_query=Men%27s+ADHD+Support+Group,https://www.youtube.com/results?search_query=Men%27s+ADHD+Support+Group+focus+productivity+study,10,,"Audience often discusses distractibility, executive function and external structure.","Position the USB key as external structure / environmental friction, not more willpower; avoid medical claims.",https://videos.feedspot.com/adhd_youtube_channels/,2026-08-31,Not Contacted,Publicly listed creator/channel from 2026 niche directory. Verify current business email/DM from creator channel About/profile before sending.,,,,,,,,,,,,
Affiliate,ADHD Big Brother,ADHD / Executive Function,YouTube business inquiry / creator business contact,YouTube / business inquiry,https://www.youtube.com/results?search_query=ADHD+Big+Brother,https://www.youtube.com/results?search_query=ADHD+Big+Brother+focus+productivity+study,10,,"Audience often discusses distractibility, executive function and external structure.","Position the USB key as external structure / environmental friction, not more willpower; avoid medical claims.",https://videos.feedspot.com/adhd_youtube_channels/,2026-08-31,Not Contacted,Publicly listed creator/channel from 2026 niche directory. Verify current business email/DM from creator channel About/profile before sending.,,,,,,,,,,,,
Affiliate,Jen Conley l ADHD Coach,ADHD / Executive Function,YouTube business inquiry / creator business contact,YouTube / business inquiry,https://www.youtube.com/results?search_query=Jen+Conley+l+ADHD+Coach,https://www.youtube.com/results?search_query=Jen+Conley+l+ADHD+Coach+focus+productivity+study,10,,"Audience often discusses distractibility, executive function and external structure.","Position the USB key as external structure / environmental friction, not more willpower; avoid medical claims.",https://videos.feedspot.com/adhd_youtube_channels/,2026-08-31,Not Contacted,Publicly listed creator/channel from 2026 niche directory. Verify current business email/DM from creator channel About/profile before sending.,,,,,,,,,,,,
Affiliate,ADHD Care Ltd,ADHD / Executive Function,YouTube business inquiry / creator business contact,YouTube / business inquiry,https://www.youtube.com/results?search_query=ADHD+Care+Ltd,https://www.youtube.com/results?search_query=ADHD+Care+Ltd+focus+productivity+study,10,,"Audience often discusses distractibility, executive function and external structure.","Position the USB key as external structure / environmental friction, not more willpower; avoid medical claims.",https://videos.feedspot.com/adhd_youtube_channels/,2026-08-31,Not Contacted,Publicly listed creator/channel from 2026 niche directory. Verify current business email/DM from creator channel About/profile before sending.,,,,,,,,,,,,
Affiliate,Teal Swan,Self Improvement,YouTube business inquiry / creator business contact,YouTube / business inquiry,https://www.youtube.com/results?search_query=Teal+Swan,https://www.youtube.com/results?search_query=Teal+Swan+focus+productivity+study,6,,"Audience is motivated by behavior change, discipline and practical self-management.","Pitch a behavioral commitment device that turns intention into an environment, with lifetime Pro to test.",https://videos.feedspot.com/self_improvement_youtube_channels/,2026-08-31,Not Contacted,Publicly listed creator/channel from 2026 niche directory. Verify current business email/DM from creator channel About/profile before sending.,,,,,,,,,,,,
Affiliate,Mind Movies | Personal Development YouTube Channel,Self Improvement,YouTube business inquiry / creator business contact,YouTube / business inquiry,https://www.youtube.com/results?search_query=Mind+Movies+%7C+Personal+Development+YouTube+Channel,https://www.youtube.com/results?search_query=Mind+Movies+%7C+Personal+Development+YouTube+Channel+focus+productivity+study,6,,"Audience is motivated by behavior change, discipline and practical self-management.","Pitch a behavioral commitment device that turns intention into an environment, with lifetime Pro to test.",https://videos.feedspot.com/self_improvement_youtube_channels/,2026-08-31,Not Contacted,Publicly listed creator/channel from 2026 niche directory. Verify current business email/DM from creator channel About/profile before sending.,,,,,,,,,,,,
Affiliate,Improvement Pill,Self Improvement,YouTube business inquiry / creator business contact,YouTube / business inquiry,https://www.youtube.com/results?search_query=Improvement+Pill,https://www.youtube.com/results?search_query=Improvement+Pill+focus+productivity+study,6,,"Audience is motivated by behavior change, discipline and practical self-management.","Pitch a behavioral commitment device that turns intention into an environment, with lifetime Pro to test.",https://videos.feedspot.com/self_improvement_youtube_channels/,2026-08-31,Not Contacted,Publicly listed creator/channel from 2026 niche directory. Verify current business email/DM from creator channel About/profile before sending.,,,,,,,,,,,,
Affiliate,Hamza Ahmed,Self Improvement,YouTube business inquiry / creator business contact,YouTube / business inquiry,https://www.youtube.com/results?search_query=Hamza+Ahmed,https://www.youtube.com/results?search_query=Hamza+Ahmed+focus+productivity+study,6,,"Audience is motivated by behavior change, discipline and practical self-management.","Pitch a behavioral commitment device that turns intention into an environment, with lifetime Pro to test.",https://videos.feedspot.com/self_improvement_youtube_channels/,2026-08-31,Not Contacted,Publicly listed creator/channel from 2026 niche directory. Verify current business email/DM from creator channel About/profile before sending.,,,,,,,,,,,,
Affiliate,Better Ideas,Self Improvement,YouTube business inquiry / creator business contact,YouTube / business inquiry,https://www.youtube.com/results?search_query=Better+Ideas,https://www.youtube.com/results?search_query=Better+Ideas+focus+productivity+study,6,,"Audience is motivated by behavior change, discipline and practical self-management.","Pitch a behavioral commitment device that turns intention into an environment, with lifetime Pro to test.",https://videos.feedspot.com/self_improvement_youtube_channels/,2026-08-31,Not Contacted,Publicly listed creator/channel from 2026 niche directory. Verify current business email/DM from creator channel About/profile before sending.,,,,,,,,,,,,
Affiliate,Brendon.com | Personal Development Videos,Self Improvement,YouTube business inquiry / creator business contact,YouTube / business inquiry,https://www.youtube.com/results?search_query=Brendon.com+%7C+Personal+Development+Videos,https://www.youtube.com/results?search_query=Brendon.com+%7C+Personal+Development+Videos+focus+productivity+study,6,,"Audience is motivated by behavior change, discipline and practical self-management.","Pitch a behavioral commitment device that turns intention into an environment, with lifetime Pro to test.",https://videos.feedspot.com/self_improvement_youtube_channels/,2026-08-31,Not Contacted,Publicly listed creator/channel from 2026 niche directory. Verify current business email/DM from creator channel About/profile before sending.,,,,,,,,,,,,
Affiliate,The Art of Improvement,Self Improvement,YouTube business inquiry / creator business contact,YouTube / business inquiry,https://www.youtube.com/results?search_query=The+Art+of+Improvement,https://www.youtube.com/results?search_query=The+Art+of+Improvement+focus+productivity+study,6,,"Audience is motivated by behavior change, discipline and practical self-management.","Pitch a behavioral commitment device that turns intention into an environment, with lifetime Pro to test.",https://videos.feedspot.com/self_improvement_youtube_channels/,2026-08-31,Not Contacted,Publicly listed creator/channel from 2026 niche directory. Verify current business email/DM from creator channel About/profile before sending.,,,,,,,,,,,,
Affiliate,The Personal Development School,Self Improvement,YouTube business inquiry / creator business contact,YouTube / business inquiry,https://www.youtube.com/results?search_query=The+Personal+Development+School,https://www.youtube.com/results?search_query=The+Personal+Development+School+focus+productivity+study,6,,"Audience is motivated by behavior change, discipline and practical self-management.","Pitch a behavioral commitment device that turns intention into an environment, with lifetime Pro to test.",https://videos.feedspot.com/self_improvement_youtube_channels/,2026-08-31,Not Contacted,Publicly listed creator/channel from 2026 niche directory. Verify current business email/DM from creator channel About/profile before sending.,,,,,,,,,,,,
Affiliate,Brain Education TV,Self Improvement,YouTube business inquiry / creator business contact,YouTube / business inquiry,https://www.youtube.com/results?search_query=Brain+Education+TV,https://www.youtube.com/results?search_query=Brain+Education+TV+focus+productivity+study,6,,"Audience is motivated by behavior change, discipline and practical self-management.","Pitch a behavioral commitment device that turns intention into an environment, with lifetime Pro to test.",https://videos.feedspot.com/self_improvement_youtube_channels/,2026-08-31,Not Contacted,Publicly listed creator/channel from 2026 niche directory. Verify current business email/DM from creator channel About/profile before sending.,,,,,,,,,,,,
Affiliate,Jade Joddle - Speak Well,Self Improvement,YouTube business inquiry / creator business contact,YouTube / business inquiry,https://www.youtube.com/results?search_query=Jade+Joddle+-+Speak+Well,https://www.youtube.com/results?search_query=Jade+Joddle+-+Speak+Well+focus+productivity+study,6,,"Audience is motivated by behavior change, discipline and practical self-management.","Pitch a behavioral commitment device that turns intention into an environment, with lifetime Pro to test.",https://videos.feedspot.com/self_improvement_youtube_channels/,2026-08-31,Not Contacted,Publicly listed creator/channel from 2026 niche directory. Verify current business email/DM from creator channel About/profile before sending.,,,,,,,,,,,,
Affiliate,Zoey Arielle,Self Improvement,YouTube business inquiry / creator business contact,YouTube / business inquiry,https://www.youtube.com/results?search_query=Zoey+Arielle,https://www.youtube.com/results?search_query=Zoey+Arielle+focus+productivity+study,6,,"Audience is motivated by behavior change, discipline and practical self-management.","Pitch a behavioral commitment device that turns intention into an environment, with lifetime Pro to test.",https://videos.feedspot.com/self_improvement_youtube_channels/,2026-08-31,Not Contacted,Publicly listed creator/channel from 2026 niche directory. Verify current business email/DM from creator channel About/profile before sending.,,,,,,,,,,,,
Affiliate,Rafael Eliassen,Self Improvement,YouTube business inquiry / creator business contact,YouTube / business inquiry,https://www.youtube.com/results?search_query=Rafael+Eliassen,https://www.youtube.com/results?search_query=Rafael+Eliassen+focus+productivity+study,6,,"Audience is motivated by behavior change, discipline and practical self-management.","Pitch a behavioral commitment device that turns intention into an environment, with lifetime Pro to test.",https://videos.feedspot.com/self_improvement_youtube_channels/,2026-08-31,Not Contacted,Publicly listed creator/channel from 2026 niche directory. Verify current business email/DM from creator channel About/profile before sending.,,,,,,,,,,,,
Affiliate,Linda Hall,Self Improvement,YouTube business inquiry / creator business contact,YouTube / business inquiry,https://www.youtube.com/results?search_query=Linda+Hall,https://www.youtube.com/results?search_query=Linda+Hall+focus+productivity+study,6,,"Audience is motivated by behavior change, discipline and practical self-management.","Pitch a behavioral commitment device that turns intention into an environment, with lifetime Pro to test.",https://videos.feedspot.com/self_improvement_youtube_channels/,2026-08-31,Not Contacted,Publicly listed creator/channel from 2026 niche directory. Verify current business email/DM from creator channel About/profile before sending.,,,,,,,,,,,,
Affiliate,Debra Berndt-Maldonado,Self Improvement,YouTube business inquiry / creator business contact,YouTube / business inquiry,https://www.youtube.com/results?search_query=Debra+Berndt-Maldonado,https://www.youtube.com/results?search_query=Debra+Berndt-Maldonado+focus+productivity+study,6,,"Audience is motivated by behavior change, discipline and practical self-management.","Pitch a behavioral commitment device that turns intention into an environment, with lifetime Pro to test.",https://videos.feedspot.com/self_improvement_youtube_channels/,2026-08-31,Not Contacted,Publicly listed creator/channel from 2026 niche directory. Verify current business email/DM from creator channel About/profile before sending.,,,,,,,,,,,,
Affiliate,Personality Hacker,Self Improvement,YouTube business inquiry / creator business contact,YouTube / business inquiry,https://www.youtube.com/results?search_query=Personality+Hacker,https://www.youtube.com/results?search_query=Personality+Hacker+focus+productivity+study,6,,"Audience is motivated by behavior change, discipline and practical self-management.","Pitch a behavioral commitment device that turns intention into an environment, with lifetime Pro to test.",https://videos.feedspot.com/self_improvement_youtube_channels/,2026-08-31,Not Contacted,Publicly listed creator/channel from 2026 niche directory. Verify current business email/DM from creator channel About/profile before sending.,,,,,,,,,,,,
Affiliate,Delilah Helton,Self Improvement,YouTube business inquiry / creator business contact,YouTube / business inquiry,https://www.youtube.com/results?search_query=Delilah+Helton,https://www.youtube.com/results?search_query=Delilah+Helton+focus+productivity+study,6,,"Audience is motivated by behavior change, discipline and practical self-management.","Pitch a behavioral commitment device that turns intention into an environment, with lifetime Pro to test.",https://videos.feedspot.com/self_improvement_youtube_channels/,2026-08-31,Not Contacted,Publicly listed creator/channel from 2026 niche directory. Verify current business email/DM from creator channel About/profile before sending.,,,,,,,,,,,,
Affiliate,Nena Lavonne,Self Improvement,YouTube business inquiry / creator business contact,YouTube / business inquiry,https://www.youtube.com/results?search_query=Nena+Lavonne,https://www.youtube.com/results?search_query=Nena+Lavonne+focus+productivity+study,6,,"Audience is motivated by behavior change, discipline and practical self-management.","Pitch a behavioral commitment device that turns intention into an environment, with lifetime Pro to test.",https://videos.feedspot.com/self_improvement_youtube_channels/,2026-08-31,Not Contacted,Publicly listed creator/channel from 2026 niche directory. Verify current business email/DM from creator channel About/profile before sending.,,,,,,,,,,,,
Affiliate,Will's Personal-Development Show,Self Improvement,YouTube business inquiry / creator business contact,YouTube / business inquiry,https://www.youtube.com/results?search_query=Will%27s+Personal-Development+Show,https://www.youtube.com/results?search_query=Will%27s+Personal-Development+Show+focus+productivity+study,6,,"Audience is motivated by behavior change, discipline and practical self-management.","Pitch a behavioral commitment device that turns intention into an environment, with lifetime Pro to test.",https://videos.feedspot.com/self_improvement_youtube_channels/,2026-08-31,Not Contacted,Publicly listed creator/channel from 2026 niche directory. Verify current business email/DM from creator channel About/profile before sending.,,,,,,,,,,,,
Affiliate,Sundaresan Subramanian,Self Improvement,YouTube business inquiry / creator business contact,YouTube / business inquiry,https://www.youtube.com/results?search_query=Sundaresan+Subramanian,https://www.youtube.com/results?search_query=Sundaresan+Subramanian+focus+productivity+study,6,,"Audience is motivated by behavior change, discipline and practical self-management.","Pitch a behavioral commitment device that turns intention into an environment, with lifetime Pro to test.",https://videos.feedspot.com/self_improvement_youtube_channels/,2026-08-31,Not Contacted,Publicly listed creator/channel from 2026 niche directory. Verify current business email/DM from creator channel About/profile before sending.,,,,,,,,,,,,
Affiliate,Satori Prime,Self Improvement,YouTube business inquiry / creator business contact,YouTube / business inquiry,https://www.youtube.com/results?search_query=Satori+Prime,https://www.youtube.com/results?search_query=Satori+Prime+focus+productivity+study,6,,"Audience is motivated by behavior change, discipline and practical self-management.","Pitch a behavioral commitment device that turns intention into an environment, with lifetime Pro to test.",https://videos.feedspot.com/self_improvement_youtube_channels/,2026-08-31,Not Contacted,Publicly listed creator/channel from 2026 niche directory. Verify current business email/DM from creator channel About/profile before sending.,,,,,,,,,,,,
Affiliate,Live Without Limits Official,Self Improvement,YouTube business inquiry / creator business contact,YouTube / business inquiry,https://www.youtube.com/results?search_query=Live+Without+Limits+Official,https://www.youtube.com/results?search_query=Live+Without+Limits+Official+focus+productivity+study,6,,"Audience is motivated by behavior change, discipline and practical self-management.","Pitch a behavioral commitment device that turns intention into an environment, with lifetime Pro to test.",https://videos.feedspot.com/self_improvement_youtube_channels/,2026-08-31,Not Contacted,Publicly listed creator/channel from 2026 niche directory. Verify current business email/DM from creator channel About/profile before sending.,,,,,,,,,,,,
Affiliate,Best Personal Development Journey,Self Improvement,YouTube business inquiry / creator business contact,YouTube / business inquiry,https://www.youtube.com/results?search_query=Best+Personal+Development+Journey,https://www.youtube.com/results?search_query=Best+Personal+Development+Journey+focus+productivity+study,6,,"Audience is motivated by behavior change, discipline and practical self-management.","Pitch a behavioral commitment device that turns intention into an environment, with lifetime Pro to test.",https://videos.feedspot.com/self_improvement_youtube_channels/,2026-08-31,Not Contacted,Publicly listed creator/channel from 2026 niche directory. Verify current business email/DM from creator channel About/profile before sending.,,,,,,,,,,,,
Affiliate,Self-Help Yourself | Self Help YouTuber,Self Improvement,YouTube business inquiry / creator business contact,YouTube / business inquiry,https://www.youtube.com/results?search_query=Self-Help+Yourself+%7C+Self+Help+YouTuber,https://www.youtube.com/results?search_query=Self-Help+Yourself+%7C+Self+Help+YouTuber+focus+productivity+study,6,,"Audience is motivated by behavior change, discipline and practical self-management.","Pitch a behavioral commitment device that turns intention into an environment, with lifetime Pro to test.",https://videos.feedspot.com/self_improvement_youtube_channels/,2026-08-31,Not Contacted,Publicly listed creator/channel from 2026 niche directory. Verify current business email/DM from creator channel About/profile before sending.,,,,,,,,,,,,
Affiliate,Unitive - Positive Self Improvement,Self Improvement,YouTube business inquiry / creator business contact,YouTube / business inquiry,https://www.youtube.com/results?search_query=Unitive+-+Positive+Self+Improvement,https://www.youtube.com/results?search_query=Unitive+-+Positive+Self+Improvement+focus+productivity+study,6,,"Audience is motivated by behavior change, discipline and practical self-management.","Pitch a behavioral commitment device that turns intention into an environment, with lifetime Pro to test.",https://videos.feedspot.com/self_improvement_youtube_channels/,2026-08-31,Not Contacted,Publicly listed creator/channel from 2026 niche directory. Verify current business email/DM from creator channel About/profile before sending.,,,,,,,,,,,,
Affiliate,Self Improvement,Self Improvement,YouTube business inquiry / creator business contact,YouTube / business inquiry,https://www.youtube.com/results?search_query=Self+Improvement,https://www.youtube.com/results?search_query=Self+Improvement+focus+productivity+study,6,,"Audience is motivated by behavior change, discipline and practical self-management.","Pitch a behavioral commitment device that turns intention into an environment, with lifetime Pro to test.",https://videos.feedspot.com/self_improvement_youtube_channels/,2026-08-31,Not Contacted,Publicly listed creator/channel from 2026 niche directory. Verify current business email/DM from creator channel About/profile before sending.,,,,,,,,,,,,
Affiliate,Gregg Clunis | Self Help Videos,Self Improvement,YouTube business inquiry / creator business contact,YouTube / business inquiry,https://www.youtube.com/results?search_query=Gregg+Clunis+%7C+Self+Help+Videos,https://www.youtube.com/results?search_query=Gregg+Clunis+%7C+Self+Help+Videos+focus+productivity+study,6,,"Audience is motivated by behavior change, discipline and practical self-management.","Pitch a behavioral commitment device that turns intention into an environment, with lifetime Pro to test.",https://videos.feedspot.com/self_improvement_youtube_channels/,2026-08-31,Not Contacted,Publicly listed creator/channel from 2026 niche directory. Verify current business email/DM from creator channel About/profile before sending.,,,,,,,,,,,,
Affiliate,Doing Life Today,Self Improvement,YouTube business inquiry / creator business contact,YouTube / business inquiry,https://www.youtube.com/results?search_query=Doing+Life+Today,https://www.youtube.com/results?search_query=Doing+Life+Today+focus+productivity+study,6,,"Audience is motivated by behavior change, discipline and practical self-management.","Pitch a behavioral commitment device that turns intention into an environment, with lifetime Pro to test.",https://videos.feedspot.com/self_improvement_youtube_channels/,2026-08-31,Not Contacted,Publicly listed creator/channel from 2026 niche directory. Verify current business email/DM from creator channel About/profile before sending.,,,,,,,,,,,,
Affiliate,David McCrae: Personal Development Trainer,Self Improvement,YouTube business inquiry / creator business contact,YouTube / business inquiry,https://www.youtube.com/results?search_query=David+McCrae%3A+Personal+Development+Trainer,https://www.youtube.com/results?search_query=David+McCrae%3A+Personal+Development+Trainer+focus+productivity+study,6,,"Audience is motivated by behavior change, discipline and practical self-management.","Pitch a behavioral commitment device that turns intention into an environment, with lifetime Pro to test.",https://videos.feedspot.com/self_improvement_youtube_channels/,2026-08-31,Not Contacted,Publicly listed creator/channel from 2026 niche directory. Verify current business email/DM from creator channel About/profile before sending.,,,,,,,,,,,,
Affiliate,Davids Self Improvement,Self Improvement,YouTube business inquiry / creator business contact,YouTube / business inquiry,https://www.youtube.com/results?search_query=Davids+Self+Improvement,https://www.youtube.com/results?search_query=Davids+Self+Improvement+focus+productivity+study,6,,"Audience is motivated by behavior change, discipline and practical self-management.","Pitch a behavioral commitment device that turns intention into an environment, with lifetime Pro to test.",https://videos.feedspot.com/self_improvement_youtube_channels/,2026-08-31,Not Contacted,Publicly listed creator/channel from 2026 niche directory. Verify current business email/DM from creator channel About/profile before sending.,,,,,,,,,,,,
Affiliate,Lmentalist,Self Improvement,YouTube business inquiry / creator business contact,YouTube / business inquiry,https://www.youtube.com/results?search_query=Lmentalist,https://www.youtube.com/results?search_query=Lmentalist+focus+productivity+study,6,,"Audience is motivated by behavior change, discipline and practical self-management.","Pitch a behavioral commitment device that turns intention into an environment, with lifetime Pro to test.",https://videos.feedspot.com/self_improvement_youtube_channels/,2026-08-31,Not Contacted,Publicly listed creator/channel from 2026 niche directory. Verify current business email/DM from creator channel About/profile before sending.,,,,,,,,,,,,
Affiliate,90 Second Nugget,Self Improvement,YouTube business inquiry / creator business contact,YouTube / business inquiry,https://www.youtube.com/results?search_query=90+Second+Nugget,https://www.youtube.com/results?search_query=90+Second+Nugget+focus+productivity+study,6,,"Audience is motivated by behavior change, discipline and practical self-management.","Pitch a behavioral commitment device that turns intention into an environment, with lifetime Pro to test.",https://videos.feedspot.com/self_improvement_youtube_channels/,2026-08-31,Not Contacted,Publicly listed creator/channel from 2026 niche directory. Verify current business email/DM from creator channel About/profile before sending.,,,,,,,,,,,,
Affiliate,Eric S Burdon,Self Improvement,YouTube business inquiry / creator business contact,YouTube / business inquiry,https://www.youtube.com/results?search_query=Eric+S+Burdon,https://www.youtube.com/results?search_query=Eric+S+Burdon+focus+productivity+study,6,,"Audience is motivated by behavior change, discipline and practical self-management.","Pitch a behavioral commitment device that turns intention into an environment, with lifetime Pro to test.",https://videos.feedspot.com/self_improvement_youtube_channels/,2026-08-31,Not Contacted,Publicly listed creator/channel from 2026 niche directory. Verify current business email/DM from creator channel About/profile before sending.,,,,,,,,,,,,
Affiliate,Eric Ha Self-Improvement,Self Improvement,YouTube business inquiry / creator business contact,YouTube / business inquiry,https://www.youtube.com/results?search_query=Eric+Ha+Self-Improvement,https://www.youtube.com/results?search_query=Eric+Ha+Self-Improvement+focus+productivity+study,6,,"Audience is motivated by behavior change, discipline and practical self-management.","Pitch a behavioral commitment device that turns intention into an environment, with lifetime Pro to test.",https://videos.feedspot.com/self_improvement_youtube_channels/,2026-08-31,Not Contacted,Publicly listed creator/channel from 2026 niche directory. Verify current business email/DM from creator channel About/profile before sending.,,,,,,,,,,,,
Affiliate,The Self-Improvement Blueprint,Self Improvement,YouTube business inquiry / creator business contact,YouTube / business inquiry,https://www.youtube.com/results?search_query=The+Self-Improvement+Blueprint,https://www.youtube.com/results?search_query=The+Self-Improvement+Blueprint+focus+productivity+study,6,,"Audience is motivated by behavior change, discipline and practical self-management.","Pitch a behavioral commitment device that turns intention into an environment, with lifetime Pro to test.",https://videos.feedspot.com/self_improvement_youtube_channels/,2026-08-31,Not Contacted,Publicly listed creator/channel from 2026 niche directory. Verify current business email/DM from creator channel About/profile before sending.,,,,,,,,,,,,
Affiliate,Skillopedia - Skills for the real world,Self Improvement,YouTube business inquiry / creator business contact,YouTube / business inquiry,https://www.youtube.com/results?search_query=Skillopedia+-+Skills+for+the+real+world,https://www.youtube.com/results?search_query=Skillopedia+-+Skills+for+the+real+world+focus+productivity+study,6,,"Audience is motivated by behavior change, discipline and practical self-management.","Pitch a behavioral commitment device that turns intention into an environment, with lifetime Pro to test.",https://videos.feedspot.com/self_improvement_youtube_channels/,2026-08-31,Not Contacted,Publicly listed creator/channel from 2026 niche directory. Verify current business email/DM from creator channel About/profile before sending.,,,,,,,,,,,,
Affiliate,Antony Stagg,Self Improvement,YouTube business inquiry / creator business contact,YouTube / business inquiry,https://www.youtube.com/results?search_query=Antony+Stagg,https://www.youtube.com/results?search_query=Antony+Stagg+focus+productivity+study,6,,"Audience is motivated by behavior change, discipline and practical self-management.","Pitch a behavioral commitment device that turns intention into an environment, with lifetime Pro to test.",https://videos.feedspot.com/self_improvement_youtube_channels/,2026-08-31,Not Contacted,Publicly listed creator/channel from 2026 niche directory. Verify current business email/DM from creator channel About/profile before sending.,,,,,,,,,,,,
Affiliate,Knowledge for Men,Self Improvement,YouTube business inquiry / creator business contact,YouTube / business inquiry,https://www.youtube.com/results?search_query=Knowledge+for+Men,https://www.youtube.com/results?search_query=Knowledge+for+Men+focus+productivity+study,6,,"Audience is motivated by behavior change, discipline and practical self-management.","Pitch a behavioral commitment device that turns intention into an environment, with lifetime Pro to test.",https://videos.feedspot.com/self_improvement_youtube_channels/,2026-08-31,Not Contacted,Publicly listed creator/channel from 2026 niche directory. Verify current business email/DM from creator channel About/profile before sending.,,,,,,,,,,,,
Affiliate,Personal Power,Self Improvement,YouTube business inquiry / creator business contact,YouTube / business inquiry,https://www.youtube.com/results?search_query=Personal+Power,https://www.youtube.com/results?search_query=Personal+Power+focus+productivity+study,6,,"Audience is motivated by behavior change, discipline and practical self-management.","Pitch a behavioral commitment device that turns intention into an environment, with lifetime Pro to test.",https://videos.feedspot.com/self_improvement_youtube_channels/,2026-08-31,Not Contacted,Publicly listed creator/channel from 2026 niche directory. Verify current business email/DM from creator channel About/profile before sending.,,,,,,,,,,,,
Affiliate,Mary Morrissey,Self Improvement,YouTube business inquiry / creator business contact,YouTube / business inquiry,https://www.youtube.com/results?search_query=Mary+Morrissey,https://www.youtube.com/results?search_query=Mary+Morrissey+focus+productivity+study,6,,"Audience is motivated by behavior change, discipline and practical self-management.","Pitch a behavioral commitment device that turns intention into an environment, with lifetime Pro to test.",https://videos.feedspot.com/self_improvement_youtube_channels/,2026-08-31,Not Contacted,Publicly listed creator/channel from 2026 niche directory. Verify current business email/DM from creator channel About/profile before sending.,,,,,,,,,,,,
Affiliate,Nameless - The Dark Side Of Self-Development,Self Improvement,YouTube business inquiry / creator business contact,YouTube / business inquiry,https://www.youtube.com/results?search_query=Nameless+-+The+Dark+Side+Of+Self-Development,https://www.youtube.com/results?search_query=Nameless+-+The+Dark+Side+Of+Self-Development+focus+productivity+study,6,,"Audience is motivated by behavior change, discipline and practical self-management.","Pitch a behavioral commitment device that turns intention into an environment, with lifetime Pro to test.",https://videos.feedspot.com/self_improvement_youtube_channels/,2026-08-31,Not Contacted,Publicly listed creator/channel from 2026 niche directory. Verify current business email/DM from creator channel About/profile before sending.,,,,,,,,,,,,
Affiliate,Freedom Kingdom,Self Improvement,YouTube business inquiry / creator business contact,YouTube / business inquiry,https://www.youtube.com/results?search_query=Freedom+Kingdom,https://www.youtube.com/results?search_query=Freedom+Kingdom+focus+productivity+study,6,,"Audience is motivated by behavior change, discipline and practical self-management.","Pitch a behavioral commitment device that turns intention into an environment, with lifetime Pro to test.",https://videos.feedspot.com/self_improvement_youtube_channels/,2026-08-31,Not Contacted,Publicly listed creator/channel from 2026 niche directory. Verify current business email/DM from creator channel About/profile before sending.,,,,,,,,,,,,
Affiliate,Minion No More,Self Improvement,YouTube business inquiry / creator business contact,YouTube / business inquiry,https://www.youtube.com/results?search_query=Minion+No+More,https://www.youtube.com/results?search_query=Minion+No+More+focus+productivity+study,6,,"Audience is motivated by behavior change, discipline and practical self-management.","Pitch a behavioral commitment device that turns intention into an environment, with lifetime Pro to test.",https://videos.feedspot.com/self_improvement_youtube_channels/,2026-08-31,Not Contacted,Publicly listed creator/channel from 2026 niche directory. Verify current business email/DM from creator channel About/profile before sending.,,,,,,,,,,,,
Affiliate,Practical Inspiration - Personal Growth & Success,Self Improvement,YouTube business inquiry / creator business contact,YouTube / business inquiry,https://www.youtube.com/results?search_query=Practical+Inspiration+-+Personal+Growth+%26+Success,https://www.youtube.com/results?search_query=Practical+Inspiration+-+Personal+Growth+%26+Success+focus+productivity+study,6,,"Audience is motivated by behavior change, discipline and practical self-management.","Pitch a behavioral commitment device that turns intention into an environment, with lifetime Pro to test.",https://videos.feedspot.com/self_improvement_youtube_channels/,2026-08-31,Not Contacted,Publicly listed creator/channel from 2026 niche directory. Verify current business email/DM from creator channel About/profile before sending.,,,,,,,,,,,,
Affiliate,Jake Nawrocki,Self Improvement,YouTube business inquiry / creator business contact,YouTube / business inquiry,https://www.youtube.com/results?search_query=Jake+Nawrocki,https://www.youtube.com/results?search_query=Jake+Nawrocki+focus+productivity+study,6,,"Audience is motivated by behavior change, discipline and practical self-management.","Pitch a behavioral commitment device that turns intention into an environment, with lifetime Pro to test.",https://videos.feedspot.com/self_improvement_youtube_channels/,2026-08-31,Not Contacted,Publicly listed creator/channel from 2026 niche directory. Verify current business email/DM from creator channel About/profile before sending.,,,,,,,,,,,,
Affiliate,Personal Development,Self Improvement,YouTube business inquiry / creator business contact,YouTube / business inquiry,https://www.youtube.com/results?search_query=Personal+Development,https://www.youtube.com/results?search_query=Personal+Development+focus+productivity+study,6,,"Audience is motivated by behavior change, discipline and practical self-management.","Pitch a behavioral commitment device that turns intention into an environment, with lifetime Pro to test.",https://videos.feedspot.com/self_improvement_youtube_channels/,2026-08-31,Not Contacted,Publicly listed creator/channel from 2026 niche directory. Verify current business email/DM from creator channel About/profile before sending.,,,,,,,,,,,,
Affiliate,Zen Rose Garden,Self Improvement,YouTube business inquiry / creator business contact,YouTube / business inquiry,https://www.youtube.com/results?search_query=Zen+Rose+Garden,https://www.youtube.com/results?search_query=Zen+Rose+Garden+focus+productivity+study,6,,"Audience is motivated by behavior change, discipline and practical self-management.","Pitch a behavioral commitment device that turns intention into an environment, with lifetime Pro to test.",https://videos.feedspot.com/self_improvement_youtube_channels/,2026-08-31,Not Contacted,Publicly listed creator/channel from 2026 niche directory. Verify current business email/DM from creator channel About/profile before sending.,,,,,,,,,,,,
Affiliate,Pinnacle Of Man TM,Self Improvement,YouTube business inquiry / creator business contact,YouTube / business inquiry,https://www.youtube.com/results?search_query=Pinnacle+Of+Man+TM,https://www.youtube.com/results?search_query=Pinnacle+Of+Man+TM+focus+productivity+study,6,,"Audience is motivated by behavior change, discipline and practical self-management.","Pitch a behavioral commitment device that turns intention into an environment, with lifetime Pro to test.",https://videos.feedspot.com/self_improvement_youtube_channels/,2026-08-31,Not Contacted,Publicly listed creator/channel from 2026 niche directory. Verify current business email/DM from creator channel About/profile before sending.,,,,,,,,,,,,
Affiliate,Kyosophy,Self Improvement,YouTube business inquiry / creator business contact,YouTube / business inquiry,https://www.youtube.com/results?search_query=Kyosophy,https://www.youtube.com/results?search_query=Kyosophy+focus+productivity+study,6,,"Audience is motivated by behavior change, discipline and practical self-management.","Pitch a behavioral commitment device that turns intention into an environment, with lifetime Pro to test.",https://videos.feedspot.com/self_improvement_youtube_channels/,2026-08-31,Not Contacted,Publicly listed creator/channel from 2026 niche directory. Verify current business email/DM from creator channel About/profile before sending.,,,,,,,,,,,,
Affiliate,Mariana Kaiser,Self Improvement,YouTube business inquiry / creator business contact,YouTube / business inquiry,https://www.youtube.com/results?search_query=Mariana+Kaiser,https://www.youtube.com/results?search_query=Mariana+Kaiser+focus+productivity+study,6,,"Audience is motivated by behavior change, discipline and practical self-management.","Pitch a behavioral commitment device that turns intention into an environment, with lifetime Pro to test.",https://videos.feedspot.com/self_improvement_youtube_channels/,2026-08-31,Not Contacted,Publicly listed creator/channel from 2026 niche directory. Verify current business email/DM from creator channel About/profile before sending.,,,,,,,,,,,,
Affiliate,Naya Clinics,Self Improvement,YouTube business inquiry / creator business contact,YouTube / business inquiry,https://www.youtube.com/results?search_query=Naya+Clinics,https://www.youtube.com/results?search_query=Naya+Clinics+focus+productivity+study,6,,"Audience is motivated by behavior change, discipline and practical self-management.","Pitch a behavioral commitment device that turns intention into an environment, with lifetime Pro to test.",https://videos.feedspot.com/self_improvement_youtube_channels/,2026-08-31,Not Contacted,Publicly listed creator/channel from 2026 niche directory. Verify current business email/DM from creator channel About/profile before sending.,,,,,,,,,,,,
Affiliate,Jecht Spencer,Self Improvement,YouTube business inquiry / creator business contact,YouTube / business inquiry,https://www.youtube.com/results?search_query=Jecht+Spencer,https://www.youtube.com/results?search_query=Jecht+Spencer+focus+productivity+study,6,,"Audience is motivated by behavior change, discipline and practical self-management.","Pitch a behavioral commitment device that turns intention into an environment, with lifetime Pro to test.",https://videos.feedspot.com/self_improvement_youtube_channels/,2026-08-31,Not Contacted,Publicly listed creator/channel from 2026 niche directory. Verify current business email/DM from creator channel About/profile before sending.,,,,,,,,,,,,
Affiliate,Christopher Babson | Self Help YouTube Channel,Self Improvement,YouTube business inquiry / creator business contact,YouTube / business inquiry,https://www.youtube.com/results?search_query=Christopher+Babson+%7C+Self+Help+YouTube+Channel,https://www.youtube.com/results?search_query=Christopher+Babson+%7C+Self+Help+YouTube+Channel+focus+productivity+study,6,,"Audience is motivated by behavior change, discipline and practical self-management.","Pitch a behavioral commitment device that turns intention into an environment, with lifetime Pro to test.",https://videos.feedspot.com/self_improvement_youtube_channels/,2026-08-31,Not Contacted,Publicly listed creator/channel from 2026 niche directory. Verify current business email/DM from creator channel About/profile before sending.,,,,,,,,,,,,
Affiliate,Jonny - Self Improvement,Self Improvement,YouTube business inquiry / creator business contact,YouTube / business inquiry,https://www.youtube.com/results?search_query=Jonny+-+Self+Improvement,https://www.youtube.com/results?search_query=Jonny+-+Self+Improvement+focus+productivity+study,6,,"Audience is motivated by behavior change, discipline and practical self-management.","Pitch a behavioral commitment device that turns intention into an environment, with lifetime Pro to test.",https://videos.feedspot.com/self_improvement_youtube_channels/,2026-08-31,Not Contacted,Publicly listed creator/channel from 2026 niche directory. Verify current business email/DM from creator channel About/profile before sending.,,,,,,,,,,,,
Affiliate,Evette Rose,Self Improvement,YouTube business inquiry / creator business contact,YouTube / business inquiry,https://www.youtube.com/results?search_query=Evette+Rose,https://www.youtube.com/results?search_query=Evette+Rose+focus+productivity+study,6,,"Audience is motivated by behavior change, discipline and practical self-management.","Pitch a behavioral commitment device that turns intention into an environment, with lifetime Pro to test.",https://videos.feedspot.com/self_improvement_youtube_channels/,2026-08-31,Not Contacted,Publicly listed creator/channel from 2026 niche directory. Verify current business email/DM from creator channel About/profile before sending.,,,,,,,,,,,,
Affiliate,Your Unlocked Potential - Self Development Tips,Self Improvement,YouTube business inquiry / creator business contact,YouTube / business inquiry,https://www.youtube.com/results?search_query=Your+Unlocked+Potential+-+Self+Development+Tips,https://www.youtube.com/results?search_query=Your+Unlocked+Potential+-+Self+Development+Tips+focus+productivity+study,6,,"Audience is motivated by behavior change, discipline and practical self-management.","Pitch a behavioral commitment device that turns intention into an environment, with lifetime Pro to test.",https://videos.feedspot.com/self_improvement_youtube_channels/,2026-08-31,Not Contacted,Publicly listed creator/channel from 2026 niche directory. Verify current business email/DM from creator channel About/profile before sending.,,,,,,,,,,,,
Affiliate,Bartek Self-Improves,Self Improvement,YouTube business inquiry / creator business contact,YouTube / business inquiry,https://www.youtube.com/results?search_query=Bartek+Self-Improves,https://www.youtube.com/results?search_query=Bartek+Self-Improves+focus+productivity+study,6,,"Audience is motivated by behavior change, discipline and practical self-management.","Pitch a behavioral commitment device that turns intention into an environment, with lifetime Pro to test.",https://videos.feedspot.com/self_improvement_youtube_channels/,2026-08-31,Not Contacted,Publicly listed creator/channel from 2026 niche directory. Verify current business email/DM from creator channel About/profile before sending.,,,,,,,,,,,,
Affiliate,Cameron Gibson,Self Improvement,YouTube business inquiry / creator business contact,YouTube / business inquiry,https://www.youtube.com/results?search_query=Cameron+Gibson,https://www.youtube.com/results?search_query=Cameron+Gibson+focus+productivity+study,6,,"Audience is motivated by behavior change, discipline and practical self-management.","Pitch a behavioral commitment device that turns intention into an environment, with lifetime Pro to test.",https://videos.feedspot.com/self_improvement_youtube_channels/,2026-08-31,Not Contacted,Publicly listed creator/channel from 2026 niche directory. Verify current business email/DM from creator channel About/profile before sending.,,,,,,,,,,,,
Affiliate,Contrarian Learning Studio,Self Improvement,YouTube business inquiry / creator business contact,YouTube / business inquiry,https://www.youtube.com/results?search_query=Contrarian+Learning+Studio,https://www.youtube.com/results?search_query=Contrarian+Learning+Studio+focus+productivity+study,6,,"Audience is motivated by behavior change, discipline and practical self-management.","Pitch a behavioral commitment device that turns intention into an environment, with lifetime Pro to test.",https://videos.feedspot.com/self_improvement_youtube_channels/,2026-08-31,Not Contacted,Publicly listed creator/channel from 2026 niche directory. Verify current business email/DM from creator channel About/profile before sending.,,,,,,,,,,,,
Affiliate,Failure School,Self Improvement,YouTube business inquiry / creator business contact,YouTube / business inquiry,https://www.youtube.com/results?search_query=Failure+School,https://www.youtube.com/results?search_query=Failure+School+focus+productivity+study,6,,"Audience is motivated by behavior change, discipline and practical self-management.","Pitch a behavioral commitment device that turns intention into an environment, with lifetime Pro to test.",https://videos.feedspot.com/self_improvement_youtube_channels/,2026-08-31,Not Contacted,Publicly listed creator/channel from 2026 niche directory. Verify current business email/DM from creator channel About/profile before sending.,,,,,,,,,,,,
Affiliate,The Mind Power Channel,Self Improvement,YouTube business inquiry / creator business contact,YouTube / business inquiry,https://www.youtube.com/results?search_query=The+Mind+Power+Channel,https://www.youtube.com/results?search_query=The+Mind+Power+Channel+focus+productivity+study,6,,"Audience is motivated by behavior change, discipline and practical self-management.","Pitch a behavioral commitment device that turns intention into an environment, with lifetime Pro to test.",https://videos.feedspot.com/self_improvement_youtube_channels/,2026-08-31,Not Contacted,Publicly listed creator/channel from 2026 niche directory. Verify current business email/DM from creator channel About/profile before sending.,,,,,,,,,,,,
Affiliate,Orange Box Personal Development,Self Improvement,YouTube business inquiry / creator business contact,YouTube / business inquiry,https://www.youtube.com/results?search_query=Orange+Box+Personal+Development,https://www.youtube.com/results?search_query=Orange+Box+Personal+Development+focus+productivity+study,6,,"Audience is motivated by behavior change, discipline and practical self-management.","Pitch a behavioral commitment device that turns intention into an environment, with lifetime Pro to test.",https://videos.feedspot.com/self_improvement_youtube_channels/,2026-08-31,Not Contacted,Publicly listed creator/channel from 2026 niche directory. Verify current business email/DM from creator channel About/profile before sending.,,,,,,,,,,,,
Affiliate,Redlyrics Books,Self Improvement,YouTube business inquiry / creator business contact,YouTube / business inquiry,https://www.youtube.com/results?search_query=Redlyrics+Books,https://www.youtube.com/results?search_query=Redlyrics+Books+focus+productivity+study,6,,"Audience is motivated by behavior change, discipline and practical self-management.","Pitch a behavioral commitment device that turns intention into an environment, with lifetime Pro to test.",https://videos.feedspot.com/self_improvement_youtube_channels/,2026-08-31,Not Contacted,Publicly listed creator/channel from 2026 niche directory. Verify current business email/DM from creator channel About/profile before sending.,,,,,,,,,,,,
Affiliate,Loud Voice Digital,Self Improvement,YouTube business inquiry / creator business contact,YouTube / business inquiry,https://www.youtube.com/results?search_query=Loud+Voice+Digital,https://www.youtube.com/results?search_query=Loud+Voice+Digital+focus+productivity+study,6,,"Audience is motivated by behavior change, discipline and practical self-management.","Pitch a behavioral commitment device that turns intention into an environment, with lifetime Pro to test.",https://videos.feedspot.com/self_improvement_youtube_channels/,2026-08-31,Not Contacted,Publicly listed creator/channel from 2026 niche directory. Verify current business email/DM from creator channel About/profile before sending.,,,,,,,,,,,,
Affiliate,Nicky Sujadi,Self Improvement,YouTube business inquiry / creator business contact,YouTube / business inquiry,https://www.youtube.com/results?search_query=Nicky+Sujadi,https://www.youtube.com/results?search_query=Nicky+Sujadi+focus+productivity+study,6,,"Audience is motivated by behavior change, discipline and practical self-management.","Pitch a behavioral commitment device that turns intention into an environment, with lifetime Pro to test.",https://videos.feedspot.com/self_improvement_youtube_channels/,2026-08-31,Not Contacted,Publicly listed creator/channel from 2026 niche directory. Verify current business email/DM from creator channel About/profile before sending.,,,,,,,,,,,,
Affiliate,Sean's Magical Odyssey,Self Improvement,YouTube business inquiry / creator business contact,YouTube / business inquiry,https://www.youtube.com/results?search_query=Sean%27s+Magical+Odyssey,https://www.youtube.com/results?search_query=Sean%27s+Magical+Odyssey+focus+productivity+study,6,,"Audience is motivated by behavior change, discipline and practical self-management.","Pitch a behavioral commitment device that turns intention into an environment, with lifetime Pro to test.",https://videos.feedspot.com/self_improvement_youtube_channels/,2026-08-31,Not Contacted,Publicly listed creator/channel from 2026 niche directory. Verify current business email/DM from creator channel About/profile before sending.,,,,,,,,,,,,
Affiliate,Breakthrough Mindsets,Self Improvement,YouTube business inquiry / creator business contact,YouTube / business inquiry,https://www.youtube.com/results?search_query=Breakthrough+Mindsets,https://www.youtube.com/results?search_query=Breakthrough+Mindsets+focus+productivity+study,6,,"Audience is motivated by behavior change, discipline and practical self-management.","Pitch a behavioral commitment device that turns intention into an environment, with lifetime Pro to test.",https://videos.feedspot.com/self_improvement_youtube_channels/,2026-08-31,Not Contacted,Publicly listed creator/channel from 2026 niche directory. Verify current business email/DM from creator channel About/profile before sending.,,,,,,,,,,,,
Affiliate,Golden Hour,Self Improvement,YouTube business inquiry / creator business contact,YouTube / business inquiry,https://www.youtube.com/results?search_query=Golden+Hour,https://www.youtube.com/results?search_query=Golden+Hour+focus+productivity+study,6,,"Audience is motivated by behavior change, discipline and practical self-management.","Pitch a behavioral commitment device that turns intention into an environment, with lifetime Pro to test.",https://videos.feedspot.com/self_improvement_youtube_channels/,2026-08-31,Not Contacted,Publicly listed creator/channel from 2026 niche directory. Verify current business email/DM from creator channel About/profile before sending.,,,,,,,,,,,,
Affiliate,Living to Improve!,Self Improvement,YouTube business inquiry / creator business contact,YouTube / business inquiry,https://www.youtube.com/results?search_query=Living+to+Improve%21,https://www.youtube.com/results?search_query=Living+to+Improve%21+focus+productivity+study,6,,"Audience is motivated by behavior change, discipline and practical self-management.","Pitch a behavioral commitment device that turns intention into an environment, with lifetime Pro to test.",https://videos.feedspot.com/self_improvement_youtube_channels/,2026-08-31,Not Contacted,Publicly listed creator/channel from 2026 niche directory. Verify current business email/DM from creator channel About/profile before sending.,,,,,,,,,,,,
Affiliate,52 Weeks,Self Improvement,YouTube business inquiry / creator business contact,YouTube / business inquiry,https://www.youtube.com/results?search_query=52+Weeks,https://www.youtube.com/results?search_query=52+Weeks+focus+productivity+study,6,,"Audience is motivated by behavior change, discipline and practical self-management.","Pitch a behavioral commitment device that turns intention into an environment, with lifetime Pro to test.",https://videos.feedspot.com/self_improvement_youtube_channels/,2026-08-31,Not Contacted,Publicly listed creator/channel from 2026 niche directory. Verify current business email/DM from creator channel About/profile before sending.,,,,,,,,,,,,
Affiliate,Motivation and Self Improvement,Self Improvement,YouTube business inquiry / creator business contact,YouTube / business inquiry,https://www.youtube.com/results?search_query=Motivation+and+Self+Improvement,https://www.youtube.com/results?search_query=Motivation+and+Self+Improvement+focus+productivity+study,6,,"Audience is motivated by behavior change, discipline and practical self-management.","Pitch a behavioral commitment device that turns intention into an environment, with lifetime Pro to test.",https://videos.feedspot.com/self_improvement_youtube_channels/,2026-08-31,Not Contacted,Publicly listed creator/channel from 2026 niche directory. Verify current business email/DM from creator channel About/profile before sending.,,,,,,,,,,,,
Affiliate,Self-Improvement Warrior,Self Improvement,YouTube business inquiry / creator business contact,YouTube / business inquiry,https://www.youtube.com/results?search_query=Self-Improvement+Warrior,https://www.youtube.com/results?search_query=Self-Improvement+Warrior+focus+productivity+study,6,,"Audience is motivated by behavior change, discipline and practical self-management.","Pitch a behavioral commitment device that turns intention into an environment, with lifetime Pro to test.",https://videos.feedspot.com/self_improvement_youtube_channels/,2026-08-31,Not Contacted,Publicly listed creator/channel from 2026 niche directory. Verify current business email/DM from creator channel About/profile before sending.,,,,,,,,,,,,
Affiliate,FJG Personal Development The Manual To Life Project,Self Improvement,YouTube business inquiry / creator business contact,YouTube / business inquiry,https://www.youtube.com/results?search_query=FJG+Personal+Development+The+Manual+To+Life+Project,https://www.youtube.com/results?search_query=FJG+Personal+Development+The+Manual+To+Life+Project+focus+productivity+study,6,,"Audience is motivated by behavior change, discipline and practical self-management.","Pitch a behavioral commitment device that turns intention into an environment, with lifetime Pro to test.",https://videos.feedspot.com/self_improvement_youtube_channels/,2026-08-31,Not Contacted,Publicly listed creator/channel from 2026 niche directory. Verify current business email/DM from creator channel About/profile before sending.,,,,,,,,,,,,
Affiliate,The Improvement Initiative,Self Improvement,YouTube business inquiry / creator business contact,YouTube / business inquiry,https://www.youtube.com/results?search_query=The+Improvement+Initiative,https://www.youtube.com/results?search_query=The+Improvement+Initiative+focus+productivity+study,6,,"Audience is motivated by behavior change, discipline and practical self-management.","Pitch a behavioral commitment device that turns intention into an environment, with lifetime Pro to test.",https://videos.feedspot.com/self_improvement_youtube_channels/,2026-08-31,Not Contacted,Publicly listed creator/channel from 2026 niche directory. Verify current business email/DM from creator channel About/profile before sending.,,,,,,,,,,,,
Affiliate,1thousandonewords,Self Improvement,YouTube business inquiry / creator business contact,YouTube / business inquiry,https://www.youtube.com/results?search_query=1thousandonewords,https://www.youtube.com/results?search_query=1thousandonewords+focus+productivity+study,6,,"Audience is motivated by behavior change, discipline and practical self-management.","Pitch a behavioral commitment device that turns intention into an environment, with lifetime Pro to test.",https://videos.feedspot.com/self_improvement_youtube_channels/,2026-08-31,Not Contacted,Publicly listed creator/channel from 2026 niche directory. Verify current business email/DM from creator channel About/profile before sending.,,,,,,,,,,,,
Affiliate,Cheuky - Self Improvement,Self Improvement,YouTube business inquiry / creator business contact,YouTube / business inquiry,https://www.youtube.com/results?search_query=Cheuky+-+Self+Improvement,https://www.youtube.com/results?search_query=Cheuky+-+Self+Improvement+focus+productivity+study,6,,"Audience is motivated by behavior change, discipline and practical self-management.","Pitch a behavioral commitment device that turns intention into an environment, with lifetime Pro to test.",https://videos.feedspot.com/self_improvement_youtube_channels/,2026-08-31,Not Contacted,Publicly listed creator/channel from 2026 niche directory. Verify current business email/DM from creator channel About/profile before sending.,,,,,,,,,,,,
Affiliate,Ashlynne Eaton,Minimalism / Intentional Living,YouTube business inquiry / creator business contact,YouTube / business inquiry,https://www.youtube.com/results?search_query=Ashlynne+Eaton,https://www.youtube.com/results?search_query=Ashlynne+Eaton+focus+productivity+study,7,,Audience values intentional tech use and reducing digital noise.,"Pitch a calmer relationship with technology: fewer digital loopholes, more intentional computer use.",https://videos.feedspot.com/minimalist_youtube_channels/,2026-08-31,Not Contacted,Publicly listed creator/channel from 2026 niche directory. Verify current business email/DM from creator channel About/profile before sending.,,,,,,,,,,,,
Affiliate,Use Less,Minimalism / Intentional Living,YouTube business inquiry / creator business contact,YouTube / business inquiry,https://www.youtube.com/results?search_query=Use+Less,https://www.youtube.com/results?search_query=Use+Less+focus+productivity+study,7,,Audience values intentional tech use and reducing digital noise.,"Pitch a calmer relationship with technology: fewer digital loopholes, more intentional computer use.",https://videos.feedspot.com/minimalist_youtube_channels/,2026-08-31,Not Contacted,Publicly listed creator/channel from 2026 niche directory. Verify current business email/DM from creator channel About/profile before sending.,,,,,,,,,,,,
Affiliate,Minimalist Baker,Minimalism / Intentional Living,YouTube business inquiry / creator business contact,YouTube / business inquiry,https://www.youtube.com/results?search_query=Minimalist+Baker,https://www.youtube.com/results?search_query=Minimalist+Baker+focus+productivity+study,7,,Audience values intentional tech use and reducing digital noise.,"Pitch a calmer relationship with technology: fewer digital loopholes, more intentional computer use.",https://videos.feedspot.com/minimalist_youtube_channels/,2026-08-31,Not Contacted,Publicly listed creator/channel from 2026 niche directory. Verify current business email/DM from creator channel About/profile before sending.,,,,,,,,,,,,
Affiliate,FREE TO FRUGAL,Minimalism / Intentional Living,YouTube business inquiry / creator business contact,YouTube / business inquiry,https://www.youtube.com/results?search_query=FREE+TO+FRUGAL,https://www.youtube.com/results?search_query=FREE+TO+FRUGAL+focus+productivity+study,7,,Audience values intentional tech use and reducing digital noise.,"Pitch a calmer relationship with technology: fewer digital loopholes, more intentional computer use.",https://videos.feedspot.com/minimalist_youtube_channels/,2026-08-31,Not Contacted,Publicly listed creator/channel from 2026 niche directory. Verify current business email/DM from creator channel About/profile before sending.,,,,,,,,,,,,
Affiliate,Kyra Ann,Minimalism / Intentional Living,YouTube business inquiry / creator business contact,YouTube / business inquiry,https://www.youtube.com/results?search_query=Kyra+Ann,https://www.youtube.com/results?search_query=Kyra+Ann+focus+productivity+study,7,,Audience values intentional tech use and reducing digital noise.,"Pitch a calmer relationship with technology: fewer digital loopholes, more intentional computer use.",https://videos.feedspot.com/minimalist_youtube_channels/,2026-08-31,Not Contacted,Publicly listed creator/channel from 2026 niche directory. Verify current business email/DM from creator channel About/profile before sending.,,,,,,,,,,,,
Affiliate,Abundantly Minimal,Minimalism / Intentional Living,YouTube business inquiry / creator business contact,YouTube / business inquiry,https://www.youtube.com/results?search_query=Abundantly+Minimal,https://www.youtube.com/results?search_query=Abundantly+Minimal+focus+productivity+study,7,,Audience values intentional tech use and reducing digital noise.,"Pitch a calmer relationship with technology: fewer digital loopholes, more intentional computer use.",https://videos.feedspot.com/minimalist_youtube_channels/,2026-08-31,Not Contacted,Publicly listed creator/channel from 2026 niche directory. Verify current business email/DM from creator channel About/profile before sending.,,,,,,,,,,,,
Affiliate,Brittany Taylor,Minimalism / Intentional Living,YouTube business inquiry / creator business contact,YouTube / business inquiry,https://www.youtube.com/results?search_query=Brittany+Taylor,https://www.youtube.com/results?search_query=Brittany+Taylor+focus+productivity+study,7,,Audience values intentional tech use and reducing digital noise.,"Pitch a calmer relationship with technology: fewer digital loopholes, more intentional computer use.",https://videos.feedspot.com/minimalist_youtube_channels/,2026-08-31,Not Contacted,Publicly listed creator/channel from 2026 niche directory. Verify current business email/DM from creator channel About/profile before sending.,,,,,,,,,,,,
Affiliate,Anthony Ongaro,Minimalism / Intentional Living,YouTube business inquiry / creator business contact,YouTube / business inquiry,https://www.youtube.com/results?search_query=Anthony+Ongaro,https://www.youtube.com/results?search_query=Anthony+Ongaro+focus+productivity+study,7,,Audience values intentional tech use and reducing digital noise.,"Pitch a calmer relationship with technology: fewer digital loopholes, more intentional computer use.",https://videos.feedspot.com/minimalist_youtube_channels/,2026-08-31,Not Contacted,Publicly listed creator/channel from 2026 niche directory. Verify current business email/DM from creator channel About/profile before sending.,,,,,,,,,,,,
Affiliate,Amanda Round the Globe,Minimalism / Intentional Living,YouTube business inquiry / creator business contact,YouTube / business inquiry,https://www.youtube.com/results?search_query=Amanda+Round+the+Globe,https://www.youtube.com/results?search_query=Amanda+Round+the+Globe+focus+productivity+study,7,,Audience values intentional tech use and reducing digital noise.,"Pitch a calmer relationship with technology: fewer digital loopholes, more intentional computer use.",https://videos.feedspot.com/minimalist_youtube_channels/,2026-08-31,Not Contacted,Publicly listed creator/channel from 2026 niche directory. Verify current business email/DM from creator channel About/profile before sending.,,,,,,,,,,,,
Affiliate,Pick Up Limes,Minimalism / Intentional Living,YouTube business inquiry / creator business contact,YouTube / business inquiry,https://www.youtube.com/results?search_query=Pick+Up+Limes,https://www.youtube.com/results?search_query=Pick+Up+Limes+focus+productivity+study,7,,Audience values intentional tech use and reducing digital noise.,"Pitch a calmer relationship with technology: fewer digital loopholes, more intentional computer use.",https://videos.feedspot.com/minimalist_youtube_channels/,2026-08-31,Not Contacted,Publicly listed creator/channel from 2026 niche directory. Verify current business email/DM from creator channel About/profile before sending.,,,,,,,,,,,,
Affiliate,Matt D'Avella,Minimalism / Intentional Living,YouTube business inquiry / creator business contact,YouTube / business inquiry,https://www.youtube.com/results?search_query=Matt+D%27Avella,https://www.youtube.com/results?search_query=Matt+D%27Avella+focus+productivity+study,7,,Audience values intentional tech use and reducing digital noise.,"Pitch a calmer relationship with technology: fewer digital loopholes, more intentional computer use.",https://videos.feedspot.com/minimalist_youtube_channels/,2026-08-31,Not Contacted,Publicly listed creator/channel from 2026 niche directory. Verify current business email/DM from creator channel About/profile before sending.,,,,,,,,,,,,
Affiliate,Exploring Alternatives,Minimalism / Intentional Living,YouTube business inquiry / creator business contact,YouTube / business inquiry,https://www.youtube.com/results?search_query=Exploring+Alternatives,https://www.youtube.com/results?search_query=Exploring+Alternatives+focus+productivity+study,7,,Audience values intentional tech use and reducing digital noise.,"Pitch a calmer relationship with technology: fewer digital loopholes, more intentional computer use.",https://videos.feedspot.com/minimalist_youtube_channels/,2026-08-31,Not Contacted,Publicly listed creator/channel from 2026 niche directory. Verify current business email/DM from creator channel About/profile before sending.,,,,,,,,,,,,
Affiliate,Lavendaire,Minimalism / Intentional Living,YouTube business inquiry / creator business contact,YouTube / business inquiry,https://www.youtube.com/results?search_query=Lavendaire,https://www.youtube.com/results?search_query=Lavendaire+focus+productivity+study,7,,Audience values intentional tech use and reducing digital noise.,"Pitch a calmer relationship with technology: fewer digital loopholes, more intentional computer use.",https://videos.feedspot.com/minimalist_youtube_channels/,2026-08-31,Not Contacted,Publicly listed creator/channel from 2026 niche directory. Verify current business email/DM from creator channel About/profile before sending.,,,,,,,,,,,,
Affiliate,Raw Alignment,Minimalism / Intentional Living,YouTube business inquiry / creator business contact,YouTube / business inquiry,https://www.youtube.com/results?search_query=Raw+Alignment,https://www.youtube.com/results?search_query=Raw+Alignment+focus+productivity+study,7,,Audience values intentional tech use and reducing digital noise.,"Pitch a calmer relationship with technology: fewer digital loopholes, more intentional computer use.",https://videos.feedspot.com/minimalist_youtube_channels/,2026-08-31,Not Contacted,Publicly listed creator/channel from 2026 niche directory. Verify current business email/DM from creator channel About/profile before sending.,,,,,,,,,,,,
Affiliate,The Minimalists,Minimalism / Intentional Living,YouTube business inquiry / creator business contact,YouTube / business inquiry,https://www.youtube.com/results?search_query=The+Minimalists,https://www.youtube.com/results?search_query=The+Minimalists+focus+productivity+study,7,,Audience values intentional tech use and reducing digital noise.,"Pitch a calmer relationship with technology: fewer digital loopholes, more intentional computer use.",https://videos.feedspot.com/minimalist_youtube_channels/,2026-08-31,Not Contacted,Publicly listed creator/channel from 2026 niche directory. Verify current business email/DM from creator channel About/profile before sending.,,,,,,,,,,,,
Affiliate,Madeleine Olivia,Minimalism / Intentional Living,YouTube business inquiry / creator business contact,YouTube / business inquiry,https://www.youtube.com/results?search_query=Madeleine+Olivia,https://www.youtube.com/results?search_query=Madeleine+Olivia+focus+productivity+study,7,,Audience values intentional tech use and reducing digital noise.,"Pitch a calmer relationship with technology: fewer digital loopholes, more intentional computer use.",https://videos.feedspot.com/minimalist_youtube_channels/,2026-08-31,Not Contacted,Publicly listed creator/channel from 2026 niche directory. Verify current business email/DM from creator channel About/profile before sending.,,,,,,,,,,,,
Affiliate,Jenny Mustard,Minimalism / Intentional Living,YouTube business inquiry / creator business contact,YouTube / business inquiry,https://www.youtube.com/results?search_query=Jenny+Mustard,https://www.youtube.com/results?search_query=Jenny+Mustard+focus+productivity+study,7,,Audience values intentional tech use and reducing digital noise.,"Pitch a calmer relationship with technology: fewer digital loopholes, more intentional computer use.",https://videos.feedspot.com/minimalist_youtube_channels/,2026-08-31,Not Contacted,Publicly listed creator/channel from 2026 niche directory. Verify current business email/DM from creator channel About/profile before sending.,,,,,,,,,,,,
Affiliate,Muchelleb,Minimalism / Intentional Living,YouTube business inquiry / creator business contact,YouTube / business inquiry,https://www.youtube.com/results?search_query=Muchelleb,https://www.youtube.com/results?search_query=Muchelleb+focus+productivity+study,7,,Audience values intentional tech use and reducing digital noise.,"Pitch a calmer relationship with technology: fewer digital loopholes, more intentional computer use.",https://videos.feedspot.com/minimalist_youtube_channels/,2026-08-31,Not Contacted,Publicly listed creator/channel from 2026 niche directory. Verify current business email/DM from creator channel About/profile before sending.,,,,,,,,,,,,
Affiliate,Going Zero Waste,Minimalism / Intentional Living,YouTube business inquiry / creator business contact,YouTube / business inquiry,https://www.youtube.com/results?search_query=Going+Zero+Waste,https://www.youtube.com/results?search_query=Going+Zero+Waste+focus+productivity+study,7,,Audience values intentional tech use and reducing digital noise.,"Pitch a calmer relationship with technology: fewer digital loopholes, more intentional computer use.",https://videos.feedspot.com/minimalist_youtube_channels/,2026-08-31,Not Contacted,Publicly listed creator/channel from 2026 niche directory. Verify current business email/DM from creator channel About/profile before sending.,,,,,,,,,,,,
Affiliate,Lumiere d'Helen,Minimalism / Intentional Living,YouTube business inquiry / creator business contact,YouTube / business inquiry,https://www.youtube.com/results?search_query=Lumiere+d%27Helen,https://www.youtube.com/results?search_query=Lumiere+d%27Helen+focus+productivity+study,7,,Audience values intentional tech use and reducing digital noise.,"Pitch a calmer relationship with technology: fewer digital loopholes, more intentional computer use.",https://videos.feedspot.com/minimalist_youtube_channels/,2026-08-31,Not Contacted,Publicly listed creator/channel from 2026 niche directory. Verify current business email/DM from creator channel About/profile before sending.,,,,,,,,,,,,
Affiliate,Minimal Millennials,Minimalism / Intentional Living,YouTube business inquiry / creator business contact,YouTube / business inquiry,https://www.youtube.com/results?search_query=Minimal+Millennials,https://www.youtube.com/results?search_query=Minimal+Millennials+focus+productivity+study,7,,Audience values intentional tech use and reducing digital noise.,"Pitch a calmer relationship with technology: fewer digital loopholes, more intentional computer use.",https://videos.feedspot.com/minimalist_youtube_channels/,2026-08-31,Not Contacted,Publicly listed creator/channel from 2026 niche directory. Verify current business email/DM from creator channel About/profile before sending.,,,,,,,,,,,,
Affiliate,Living the life you love,Minimalism / Intentional Living,YouTube business inquiry / creator business contact,YouTube / business inquiry,https://www.youtube.com/results?search_query=Living+the+life+you+love,https://www.youtube.com/results?search_query=Living+the+life+you+love+focus+productivity+study,7,,Audience values intentional tech use and reducing digital noise.,"Pitch a calmer relationship with technology: fewer digital loopholes, more intentional computer use.",https://videos.feedspot.com/minimalist_youtube_channels/,2026-08-31,Not Contacted,Publicly listed creator/channel from 2026 niche directory. Verify current business email/DM from creator channel About/profile before sending.,,,,,,,,,,,,
Affiliate,My Green Closet,Minimalism / Intentional Living,YouTube business inquiry / creator business contact,YouTube / business inquiry,https://www.youtube.com/results?search_query=My+Green+Closet,https://www.youtube.com/results?search_query=My+Green+Closet+focus+productivity+study,7,,Audience values intentional tech use and reducing digital noise.,"Pitch a calmer relationship with technology: fewer digital loopholes, more intentional computer use.",https://videos.feedspot.com/minimalist_youtube_channels/,2026-08-31,Not Contacted,Publicly listed creator/channel from 2026 niche directory. Verify current business email/DM from creator channel About/profile before sending.,,,,,,,,,,,,
Affiliate,A Small Wardrobe,Minimalism / Intentional Living,YouTube business inquiry / creator business contact,YouTube / business inquiry,https://www.youtube.com/results?search_query=A+Small+Wardrobe,https://www.youtube.com/results?search_query=A+Small+Wardrobe+focus+productivity+study,7,,Audience values intentional tech use and reducing digital noise.,"Pitch a calmer relationship with technology: fewer digital loopholes, more intentional computer use.",https://videos.feedspot.com/minimalist_youtube_channels/,2026-08-31,Not Contacted,Publicly listed creator/channel from 2026 niche directory. Verify current business email/DM from creator channel About/profile before sending.,,,,,,,,,,,,
Affiliate,The Simplicity Diaries,Minimalism / Intentional Living,YouTube business inquiry / creator business contact,YouTube / business inquiry,https://www.youtube.com/results?search_query=The+Simplicity+Diaries,https://www.youtube.com/results?search_query=The+Simplicity+Diaries+focus+productivity+study,7,,Audience values intentional tech use and reducing digital noise.,"Pitch a calmer relationship with technology: fewer digital loopholes, more intentional computer use.",https://videos.feedspot.com/minimalist_youtube_channels/,2026-08-31,Not Contacted,Publicly listed creator/channel from 2026 niche directory. Verify current business email/DM from creator channel About/profile before sending.,,,,,,,,,,,,
Affiliate,HouseOfAesthetics,Minimalism / Intentional Living,YouTube business inquiry / creator business contact,YouTube / business inquiry,https://www.youtube.com/results?search_query=HouseOfAesthetics,https://www.youtube.com/results?search_query=HouseOfAesthetics+focus+productivity+study,7,,Audience values intentional tech use and reducing digital noise.,"Pitch a calmer relationship with technology: fewer digital loopholes, more intentional computer use.",https://videos.feedspot.com/minimalist_youtube_channels/,2026-08-31,Not Contacted,Publicly listed creator/channel from 2026 niche directory. Verify current business email/DM from creator channel About/profile before sending.,,,,,,,,,,,,
Affiliate,Minimalist Vegan Lifestyle,Minimalism / Intentional Living,YouTube business inquiry / creator business contact,YouTube / business inquiry,https://www.youtube.com/results?search_query=Minimalist+Vegan+Lifestyle,https://www.youtube.com/results?search_query=Minimalist+Vegan+Lifestyle+focus+productivity+study,7,,Audience values intentional tech use and reducing digital noise.,"Pitch a calmer relationship with technology: fewer digital loopholes, more intentional computer use.",https://videos.feedspot.com/minimalist_youtube_channels/,2026-08-31,Not Contacted,Publicly listed creator/channel from 2026 niche directory. Verify current business email/DM from creator channel About/profile before sending.,,,,,,,,,,,,
Affiliate,Rachel Aust,Minimalism / Intentional Living,YouTube business inquiry / creator business contact,YouTube / business inquiry,https://www.youtube.com/results?search_query=Rachel+Aust,https://www.youtube.com/results?search_query=Rachel+Aust+focus+productivity+study,7,,Audience values intentional tech use and reducing digital noise.,"Pitch a calmer relationship with technology: fewer digital loopholes, more intentional computer use.",https://videos.feedspot.com/minimalist_youtube_channels/,2026-08-31,Not Contacted,Publicly listed creator/channel from 2026 niche directory. Verify current business email/DM from creator channel About/profile before sending.,,,,,,,,,,,,
Affiliate,Ronald L. Banks,Minimalism / Intentional Living,YouTube business inquiry / creator business contact,YouTube / business inquiry,https://www.youtube.com/results?search_query=Ronald+L.+Banks,https://www.youtube.com/results?search_query=Ronald+L.+Banks+focus+productivity+study,7,,Audience values intentional tech use and reducing digital noise.,"Pitch a calmer relationship with technology: fewer digital loopholes, more intentional computer use.",https://videos.feedspot.com/minimalist_youtube_channels/,2026-08-31,Not Contacted,Publicly listed creator/channel from 2026 niche directory. Verify current business email/DM from creator channel About/profile before sending.,,,,,,,,,,,,
Affiliate,MJ Gordon,Minimalism / Intentional Living,YouTube business inquiry / creator business contact,YouTube / business inquiry,https://www.youtube.com/results?search_query=MJ+Gordon,https://www.youtube.com/results?search_query=MJ+Gordon+focus+productivity+study,7,,Audience values intentional tech use and reducing digital noise.,"Pitch a calmer relationship with technology: fewer digital loopholes, more intentional computer use.",https://videos.feedspot.com/minimalist_youtube_channels/,2026-08-31,Not Contacted,Publicly listed creator/channel from 2026 niche directory. Verify current business email/DM from creator channel About/profile before sending.,,,,,,,,,,,,
Affiliate,More Melody,Minimalism / Intentional Living,YouTube business inquiry / creator business contact,YouTube / business inquiry,https://www.youtube.com/results?search_query=More+Melody,https://www.youtube.com/results?search_query=More+Melody+focus+productivity+study,7,,Audience values intentional tech use and reducing digital noise.,"Pitch a calmer relationship with technology: fewer digital loopholes, more intentional computer use.",https://videos.feedspot.com/minimalist_youtube_channels/,2026-08-31,Not Contacted,Publicly listed creator/channel from 2026 niche directory. Verify current business email/DM from creator channel About/profile before sending.,,,,,,,,,,,,
Affiliate,Messy Minimalist,Minimalism / Intentional Living,YouTube business inquiry / creator business contact,YouTube / business inquiry,https://www.youtube.com/results?search_query=Messy+Minimalist,https://www.youtube.com/results?search_query=Messy+Minimalist+focus+productivity+study,7,,Audience values intentional tech use and reducing digital noise.,"Pitch a calmer relationship with technology: fewer digital loopholes, more intentional computer use.",https://videos.feedspot.com/minimalist_youtube_channels/,2026-08-31,Not Contacted,Publicly listed creator/channel from 2026 niche directory. Verify current business email/DM from creator channel About/profile before sending.,,,,,,,,,,,,
Affiliate,Vegan Nomad Chick,Minimalism / Intentional Living,YouTube business inquiry / creator business contact,YouTube / business inquiry,https://www.youtube.com/results?search_query=Vegan+Nomad+Chick,https://www.youtube.com/results?search_query=Vegan+Nomad+Chick+focus+productivity+study,7,,Audience values intentional tech use and reducing digital noise.,"Pitch a calmer relationship with technology: fewer digital loopholes, more intentional computer use.",https://videos.feedspot.com/minimalist_youtube_channels/,2026-08-31,Not Contacted,Publicly listed creator/channel from 2026 niche directory. Verify current business email/DM from creator channel About/profile before sending.,,,,,,,,,,,,
Affiliate,The Girl Gone Green,Minimalism / Intentional Living,YouTube business inquiry / creator business contact,YouTube / business inquiry,https://www.youtube.com/results?search_query=The+Girl+Gone+Green,https://www.youtube.com/results?search_query=The+Girl+Gone+Green+focus+productivity+study,7,,Audience values intentional tech use and reducing digital noise.,"Pitch a calmer relationship with technology: fewer digital loopholes, more intentional computer use.",https://videos.feedspot.com/minimalist_youtube_channels/,2026-08-31,Not Contacted,Publicly listed creator/channel from 2026 niche directory. Verify current business email/DM from creator channel About/profile before sending.,,,,,,,,,,,,
Affiliate,Conor McMillen Artist,Minimalism / Intentional Living,YouTube business inquiry / creator business contact,YouTube / business inquiry,https://www.youtube.com/results?search_query=Conor+McMillen+Artist,https://www.youtube.com/results?search_query=Conor+McMillen+Artist+focus+productivity+study,7,,Audience values intentional tech use and reducing digital noise.,"Pitch a calmer relationship with technology: fewer digital loopholes, more intentional computer use.",https://videos.feedspot.com/minimalist_youtube_channels/,2026-08-31,Not Contacted,Publicly listed creator/channel from 2026 niche directory. Verify current business email/DM from creator channel About/profile before sending.,,,,,,,,,,,,
Affiliate,Minimalist Keto,Minimalism / Intentional Living,YouTube business inquiry / creator business contact,YouTube / business inquiry,https://www.youtube.com/results?search_query=Minimalist+Keto,https://www.youtube.com/results?search_query=Minimalist+Keto+focus+productivity+study,7,,Audience values intentional tech use and reducing digital noise.,"Pitch a calmer relationship with technology: fewer digital loopholes, more intentional computer use.",https://videos.feedspot.com/minimalist_youtube_channels/,2026-08-31,Not Contacted,Publicly listed creator/channel from 2026 niche directory. Verify current business email/DM from creator channel About/profile before sending.,,,,,,,,,,,,
Affiliate,TaraWhiteTalks,Minimalism / Intentional Living,YouTube business inquiry / creator business contact,YouTube / business inquiry,https://www.youtube.com/results?search_query=TaraWhiteTalks,https://www.youtube.com/results?search_query=TaraWhiteTalks+focus+productivity+study,7,,Audience values intentional tech use and reducing digital noise.,"Pitch a calmer relationship with technology: fewer digital loopholes, more intentional computer use.",https://videos.feedspot.com/minimalist_youtube_channels/,2026-08-31,Not Contacted,Publicly listed creator/channel from 2026 niche directory. Verify current business email/DM from creator channel About/profile before sending.,,,,,,,,,,,,
Affiliate,The Minimalist Maker,Minimalism / Intentional Living,YouTube business inquiry / creator business contact,YouTube / business inquiry,https://www.youtube.com/results?search_query=The+Minimalist+Maker,https://www.youtube.com/results?search_query=The+Minimalist+Maker+focus+productivity+study,7,,Audience values intentional tech use and reducing digital noise.,"Pitch a calmer relationship with technology: fewer digital loopholes, more intentional computer use.",https://videos.feedspot.com/minimalist_youtube_channels/,2026-08-31,Not Contacted,Publicly listed creator/channel from 2026 niche directory. Verify current business email/DM from creator channel About/profile before sending.,,,,,,,,,,,,
Affiliate,The Minimalist Ninja,Minimalism / Intentional Living,YouTube business inquiry / creator business contact,YouTube / business inquiry,https://www.youtube.com/results?search_query=The+Minimalist+Ninja,https://www.youtube.com/results?search_query=The+Minimalist+Ninja+focus+productivity+study,7,,Audience values intentional tech use and reducing digital noise.,"Pitch a calmer relationship with technology: fewer digital loopholes, more intentional computer use.",https://videos.feedspot.com/minimalist_youtube_channels/,2026-08-31,Not Contacted,Publicly listed creator/channel from 2026 niche directory. Verify current business email/DM from creator channel About/profile before sending.,,,,,,,,,,,,
Affiliate,Lia's Loft,Minimalism / Intentional Living,YouTube business inquiry / creator business contact,YouTube / business inquiry,https://www.youtube.com/results?search_query=Lia%27s+Loft,https://www.youtube.com/results?search_query=Lia%27s+Loft+focus+productivity+study,7,,Audience values intentional tech use and reducing digital noise.,"Pitch a calmer relationship with technology: fewer digital loopholes, more intentional computer use.",https://videos.feedspot.com/minimalist_youtube_channels/,2026-08-31,Not Contacted,Publicly listed creator/channel from 2026 niche directory. Verify current business email/DM from creator channel About/profile before sending.,,,,,,,,,,,,
Affiliate,Vested Interests,Minimalism / Intentional Living,YouTube business inquiry / creator business contact,YouTube / business inquiry,https://www.youtube.com/results?search_query=Vested+Interests,https://www.youtube.com/results?search_query=Vested+Interests+focus+productivity+study,7,,Audience values intentional tech use and reducing digital noise.,"Pitch a calmer relationship with technology: fewer digital loopholes, more intentional computer use.",https://videos.feedspot.com/minimalist_youtube_channels/,2026-08-31,Not Contacted,Publicly listed creator/channel from 2026 niche directory. Verify current business email/DM from creator channel About/profile before sending.,,,,,,,,,,,,
Affiliate,Darci Isabella,Minimalism / Intentional Living,YouTube business inquiry / creator business contact,YouTube / business inquiry,https://www.youtube.com/results?search_query=Darci+Isabella,https://www.youtube.com/results?search_query=Darci+Isabella+focus+productivity+study,7,,Audience values intentional tech use and reducing digital noise.,"Pitch a calmer relationship with technology: fewer digital loopholes, more intentional computer use.",https://videos.feedspot.com/minimalist_youtube_channels/,2026-08-31,Not Contacted,Publicly listed creator/channel from 2026 niche directory. Verify current business email/DM from creator channel About/profile before sending.,,,,,,,,,,,,
Affiliate,Indian Minimalist Mom,Minimalism / Intentional Living,YouTube business inquiry / creator business contact,YouTube / business inquiry,https://www.youtube.com/results?search_query=Indian+Minimalist+Mom,https://www.youtube.com/results?search_query=Indian+Minimalist+Mom+focus+productivity+study,7,,Audience values intentional tech use and reducing digital noise.,"Pitch a calmer relationship with technology: fewer digital loopholes, more intentional computer use.",https://videos.feedspot.com/minimalist_youtube_channels/,2026-08-31,Not Contacted,Publicly listed creator/channel from 2026 niche directory. Verify current business email/DM from creator channel About/profile before sending.,,,,,,,,,,,,
Affiliate,Elizabeth Grace,Minimalism / Intentional Living,YouTube business inquiry / creator business contact,YouTube / business inquiry,https://www.youtube.com/results?search_query=Elizabeth+Grace,https://www.youtube.com/results?search_query=Elizabeth+Grace+focus+productivity+study,7,,Audience values intentional tech use and reducing digital noise.,"Pitch a calmer relationship with technology: fewer digital loopholes, more intentional computer use.",https://videos.feedspot.com/minimalist_youtube_channels/,2026-08-31,Not Contacted,Publicly listed creator/channel from 2026 niche directory. Verify current business email/DM from creator channel About/profile before sending.,,,,,,,,,,,,
Affiliate,Minimom,Minimalism / Intentional Living,YouTube business inquiry / creator business contact,YouTube / business inquiry,https://www.youtube.com/results?search_query=Minimom,https://www.youtube.com/results?search_query=Minimom+focus+productivity+study,7,,Audience values intentional tech use and reducing digital noise.,"Pitch a calmer relationship with technology: fewer digital loopholes, more intentional computer use.",https://videos.feedspot.com/minimalist_youtube_channels/,2026-08-31,Not Contacted,Publicly listed creator/channel from 2026 niche directory. Verify current business email/DM from creator channel About/profile before sending.,,,,,,,,,,,,
Affiliate,Barnetta Bradley,Minimalism / Intentional Living,YouTube business inquiry / creator business contact,YouTube / business inquiry,https://www.youtube.com/results?search_query=Barnetta+Bradley,https://www.youtube.com/results?search_query=Barnetta+Bradley+focus+productivity+study,7,,Audience values intentional tech use and reducing digital noise.,"Pitch a calmer relationship with technology: fewer digital loopholes, more intentional computer use.",https://videos.feedspot.com/minimalist_youtube_channels/,2026-08-31,Not Contacted,Publicly listed creator/channel from 2026 niche directory. Verify current business email/DM from creator channel About/profile before sending.,,,,,,,,,,,,
Affiliate,Strawberry Elli,Minimalism / Intentional Living,YouTube business inquiry / creator business contact,YouTube / business inquiry,https://www.youtube.com/results?search_query=Strawberry+Elli,https://www.youtube.com/results?search_query=Strawberry+Elli+focus+productivity+study,7,,Audience values intentional tech use and reducing digital noise.,"Pitch a calmer relationship with technology: fewer digital loopholes, more intentional computer use.",https://videos.feedspot.com/minimalist_youtube_channels/,2026-08-31,Not Contacted,Publicly listed creator/channel from 2026 niche directory. Verify current business email/DM from creator channel About/profile before sending.,,,,,,,,,,,,
Affiliate,Sarah Nourse,Minimalism / Intentional Living,YouTube business inquiry / creator business contact,YouTube / business inquiry,https://www.youtube.com/results?search_query=Sarah+Nourse,https://www.youtube.com/results?search_query=Sarah+Nourse+focus+productivity+study,7,,Audience values intentional tech use and reducing digital noise.,"Pitch a calmer relationship with technology: fewer digital loopholes, more intentional computer use.",https://videos.feedspot.com/minimalist_youtube_channels/,2026-08-31,Not Contacted,Publicly listed creator/channel from 2026 niche directory. Verify current business email/DM from creator channel About/profile before sending.,,,,,,,,,,,,
Affiliate,Maximizing Minimalism,Minimalism / Intentional Living,YouTube business inquiry / creator business contact,YouTube / business inquiry,https://www.youtube.com/results?search_query=Maximizing+Minimalism,https://www.youtube.com/results?search_query=Maximizing+Minimalism+focus+productivity+study,7,,Audience values intentional tech use and reducing digital noise.,"Pitch a calmer relationship with technology: fewer digital loopholes, more intentional computer use.",https://videos.feedspot.com/minimalist_youtube_channels/,2026-08-31,Not Contacted,Publicly listed creator/channel from 2026 niche directory. Verify current business email/DM from creator channel About/profile before sending.,,,,,,,,,,,,
Affiliate,The Bad Minimalist,Minimalism / Intentional Living,YouTube business inquiry / creator business contact,YouTube / business inquiry,https://www.youtube.com/results?search_query=The+Bad+Minimalist,https://www.youtube.com/results?search_query=The+Bad+Minimalist+focus+productivity+study,7,,Audience values intentional tech use and reducing digital noise.,"Pitch a calmer relationship with technology: fewer digital loopholes, more intentional computer use.",https://videos.feedspot.com/minimalist_youtube_channels/,2026-08-31,Not Contacted,Publicly listed creator/channel from 2026 niche directory. Verify current business email/DM from creator channel About/profile before sending.,,,,,,,,,,,,
Affiliate,simplytiffany,Minimalism / Intentional Living,YouTube business inquiry / creator business contact,YouTube / business inquiry,https://www.youtube.com/results?search_query=simplytiffany,https://www.youtube.com/results?search_query=simplytiffany+focus+productivity+study,7,,Audience values intentional tech use and reducing digital noise.,"Pitch a calmer relationship with technology: fewer digital loopholes, more intentional computer use.",https://videos.feedspot.com/minimalist_youtube_channels/,2026-08-31,Not Contacted,Publicly listed creator/channel from 2026 niche directory. Verify current business email/DM from creator channel About/profile before sending.,,,,,,,,,,,,
Affiliate,The Not Busy Life,Minimalism / Intentional Living,YouTube business inquiry / creator business contact,YouTube / business inquiry,https://www.youtube.com/results?search_query=The+Not+Busy+Life,https://www.youtube.com/results?search_query=The+Not+Busy+Life+focus+productivity+study,7,,Audience values intentional tech use and reducing digital noise.,"Pitch a calmer relationship with technology: fewer digital loopholes, more intentional computer use.",https://videos.feedspot.com/minimalist_youtube_channels/,2026-08-31,Not Contacted,Publicly listed creator/channel from 2026 niche directory. Verify current business email/DM from creator channel About/profile before sending.,,,,,,,,,,,,
Affiliate,The Minimalism Series,Minimalism / Intentional Living,YouTube business inquiry / creator business contact,YouTube / business inquiry,https://www.youtube.com/results?search_query=The+Minimalism+Series,https://www.youtube.com/results?search_query=The+Minimalism+Series+focus+productivity+study,7,,Audience values intentional tech use and reducing digital noise.,"Pitch a calmer relationship with technology: fewer digital loopholes, more intentional computer use.",https://videos.feedspot.com/minimalist_youtube_channels/,2026-08-31,Not Contacted,Publicly listed creator/channel from 2026 niche directory. Verify current business email/DM from creator channel About/profile before sending.,,,,,,,,,,,,
Affiliate,Kay's Closet,Minimalism / Intentional Living,YouTube business inquiry / creator business contact,YouTube / business inquiry,https://www.youtube.com/results?search_query=Kay%27s+Closet,https://www.youtube.com/results?search_query=Kay%27s+Closet+focus+productivity+study,7,,Audience values intentional tech use and reducing digital noise.,"Pitch a calmer relationship with technology: fewer digital loopholes, more intentional computer use.",https://videos.feedspot.com/minimalist_youtube_channels/,2026-08-31,Not Contacted,Publicly listed creator/channel from 2026 niche directory. Verify current business email/DM from creator channel About/profile before sending.,,,,,,,,,,,,
Affiliate,msrob0t,Minimalism / Intentional Living,YouTube business inquiry / creator business contact,YouTube / business inquiry,https://www.youtube.com/results?search_query=msrob0t,https://www.youtube.com/results?search_query=msrob0t+focus+productivity+study,7,,Audience values intentional tech use and reducing digital noise.,"Pitch a calmer relationship with technology: fewer digital loopholes, more intentional computer use.",https://videos.feedspot.com/minimalist_youtube_channels/,2026-08-31,Not Contacted,Publicly listed creator/channel from 2026 niche directory. Verify current business email/DM from creator channel About/profile before sending.,,,,,,,,,,,,
Affiliate,Ally D Minimally,Minimalism / Intentional Living,YouTube business inquiry / creator business contact,YouTube / business inquiry,https://www.youtube.com/results?search_query=Ally+D+Minimally,https://www.youtube.com/results?search_query=Ally+D+Minimally+focus+productivity+study,7,,Audience values intentional tech use and reducing digital noise.,"Pitch a calmer relationship with technology: fewer digital loopholes, more intentional computer use.",https://videos.feedspot.com/minimalist_youtube_channels/,2026-08-31,Not Contacted,Publicly listed creator/channel from 2026 niche directory. Verify current business email/DM from creator channel About/profile before sending.,,,,,,,,,,,,
Affiliate,Ali Abdaal,Medical / Intensive Study Creators,YouTube business inquiry / creator business contact,YouTube / business inquiry,https://www.youtube.com/results?search_query=Ali+Abdaal,https://www.youtube.com/results?search_query=Ali+Abdaal+focus+productivity+study,8,,"Audience does high-stakes, laptop-heavy studying and is sensitive to procrastination.",Pitch a 7-day exam/deep-study lock-in challenge and affiliate link after genuine use.,https://videos.feedspot.com/medical_student_youtube_channels/,2026-08-31,Not Contacted,Publicly listed creator/channel from 2026 niche directory. Verify current business email/DM from creator channel About/profile before sending.,,,,,,,,,,,,
Affiliate,Violin MD,Medical / Intensive Study Creators,YouTube business inquiry / creator business contact,YouTube / business inquiry,https://www.youtube.com/results?search_query=Violin+MD,https://www.youtube.com/results?search_query=Violin+MD+focus+productivity+study,8,,"Audience does high-stakes, laptop-heavy studying and is sensitive to procrastination.",Pitch a 7-day exam/deep-study lock-in challenge and affiliate link after genuine use.,https://videos.feedspot.com/medical_student_youtube_channels/,2026-08-31,Not Contacted,Publicly listed creator/channel from 2026 niche directory. Verify current business email/DM from creator channel About/profile before sending.,,,,,,,,,,,,
Affiliate,america,Medical / Intensive Study Creators,YouTube business inquiry / creator business contact,YouTube / business inquiry,https://www.youtube.com/results?search_query=america,https://www.youtube.com/results?search_query=america+focus+productivity+study,8,,"Audience does high-stakes, laptop-heavy studying and is sensitive to procrastination.",Pitch a 7-day exam/deep-study lock-in challenge and affiliate link after genuine use.,https://videos.feedspot.com/medical_student_youtube_channels/,2026-08-31,Not Contacted,Publicly listed creator/channel from 2026 niche directory. Verify current business email/DM from creator channel About/profile before sending.,,,,,,,,,,,,
Affiliate,Anas Nuur Ali,Medical / Intensive Study Creators,YouTube business inquiry / creator business contact,YouTube / business inquiry,https://www.youtube.com/results?search_query=Anas+Nuur+Ali,https://www.youtube.com/results?search_query=Anas+Nuur+Ali+focus+productivity+study,8,,"Audience does high-stakes, laptop-heavy studying and is sensitive to procrastination.",Pitch a 7-day exam/deep-study lock-in challenge and affiliate link after genuine use.,https://videos.feedspot.com/medical_student_youtube_channels/,2026-08-31,Not Contacted,Publicly listed creator/channel from 2026 niche directory. Verify current business email/DM from creator channel About/profile before sending.,,,,,,,,,,,,
Affiliate,twinklinglena,Medical / Intensive Study Creators,YouTube business inquiry / creator business contact,YouTube / business inquiry,https://www.youtube.com/results?search_query=twinklinglena,https://www.youtube.com/results?search_query=twinklinglena+focus+productivity+study,8,,"Audience does high-stakes, laptop-heavy studying and is sensitive to procrastination.",Pitch a 7-day exam/deep-study lock-in challenge and affiliate link after genuine use.,https://videos.feedspot.com/medical_student_youtube_channels/,2026-08-31,Not Contacted,Publicly listed creator/channel from 2026 niche directory. Verify current business email/DM from creator channel About/profile before sending.,,,,,,,,,,,,
Affiliate,Nellah Grace,Medical / Intensive Study Creators,YouTube business inquiry / creator business contact,YouTube / business inquiry,https://www.youtube.com/results?search_query=Nellah+Grace,https://www.youtube.com/results?search_query=Nellah+Grace+focus+productivity+study,8,,"Audience does high-stakes, laptop-heavy studying and is sensitive to procrastination.",Pitch a 7-day exam/deep-study lock-in challenge and affiliate link after genuine use.,https://videos.feedspot.com/medical_student_youtube_channels/,2026-08-31,Not Contacted,Publicly listed creator/channel from 2026 niche directory. Verify current business email/DM from creator channel About/profile before sending.,,,,,,,,,,,,
Affiliate,White Coat Chronicles,Medical / Intensive Study Creators,YouTube business inquiry / creator business contact,YouTube / business inquiry,https://www.youtube.com/results?search_query=White+Coat+Chronicles,https://www.youtube.com/results?search_query=White+Coat+Chronicles+focus+productivity+study,8,,"Audience does high-stakes, laptop-heavy studying and is sensitive to procrastination.",Pitch a 7-day exam/deep-study lock-in challenge and affiliate link after genuine use.,https://videos.feedspot.com/medical_student_youtube_channels/,2026-08-31,Not Contacted,Publicly listed creator/channel from 2026 niche directory. Verify current business email/DM from creator channel About/profile before sending.,,,,,,,,,,,,
Affiliate,yana patel YouTube,Medical / Intensive Study Creators,YouTube business inquiry / creator business contact,YouTube / business inquiry,https://www.youtube.com/results?search_query=yana+patel+YouTube,https://www.youtube.com/results?search_query=yana+patel+YouTube+focus+productivity+study,8,,"Audience does high-stakes, laptop-heavy studying and is sensitive to procrastination.",Pitch a 7-day exam/deep-study lock-in challenge and affiliate link after genuine use.,https://videos.feedspot.com/medical_student_youtube_channels/,2026-08-31,Not Contacted,Publicly listed creator/channel from 2026 niche directory. Verify current business email/DM from creator channel About/profile before sending.,,,,,,,,,,,,
Affiliate,Oluwabusola Deju,Medical / Intensive Study Creators,YouTube business inquiry / creator business contact,YouTube / business inquiry,https://www.youtube.com/results?search_query=Oluwabusola+Deju,https://www.youtube.com/results?search_query=Oluwabusola+Deju+focus+productivity+study,8,,"Audience does high-stakes, laptop-heavy studying and is sensitive to procrastination.",Pitch a 7-day exam/deep-study lock-in challenge and affiliate link after genuine use.,https://videos.feedspot.com/medical_student_youtube_channels/,2026-08-31,Not Contacted,Publicly listed creator/channel from 2026 niche directory. Verify current business email/DM from creator channel About/profile before sending.,,,,,,,,,,,,
Affiliate,Making it in Med | Australia,Medical / Intensive Study Creators,YouTube business inquiry / creator business contact,YouTube / business inquiry,https://www.youtube.com/results?search_query=Making+it+in+Med+%7C+Australia,https://www.youtube.com/results?search_query=Making+it+in+Med+%7C+Australia+focus+productivity+study,8,,"Audience does high-stakes, laptop-heavy studying and is sensitive to procrastination.",Pitch a 7-day exam/deep-study lock-in challenge and affiliate link after genuine use.,https://videos.feedspot.com/medical_student_youtube_channels/,2026-08-31,Not Contacted,Publicly listed creator/channel from 2026 niche directory. Verify current business email/DM from creator channel About/profile before sending.,,,,,,,,,,,,
Affiliate,Lauren Dinh,Medical / Intensive Study Creators,YouTube business inquiry / creator business contact,YouTube / business inquiry,https://www.youtube.com/results?search_query=Lauren+Dinh,https://www.youtube.com/results?search_query=Lauren+Dinh+focus+productivity+study,8,,"Audience does high-stakes, laptop-heavy studying and is sensitive to procrastination.",Pitch a 7-day exam/deep-study lock-in challenge and affiliate link after genuine use.,https://videos.feedspot.com/medical_student_youtube_channels/,2026-08-31,Not Contacted,Publicly listed creator/channel from 2026 niche directory. Verify current business email/DM from creator channel About/profile before sending.,,,,,,,,,,,,
Affiliate,Amanda Shaw,Medical / Intensive Study Creators,YouTube business inquiry / creator business contact,YouTube / business inquiry,https://www.youtube.com/results?search_query=Amanda+Shaw,https://www.youtube.com/results?search_query=Amanda+Shaw+focus+productivity+study,8,,"Audience does high-stakes, laptop-heavy studying and is sensitive to procrastination.",Pitch a 7-day exam/deep-study lock-in challenge and affiliate link after genuine use.,https://videos.feedspot.com/medical_student_youtube_channels/,2026-08-31,Not Contacted,Publicly listed creator/channel from 2026 niche directory. Verify current business email/DM from creator channel About/profile before sending.,,,,,,,,,,,,
Affiliate,TheStriveToFit,Medical / Intensive Study Creators,YouTube business inquiry / creator business contact,YouTube / business inquiry,https://www.youtube.com/results?search_query=TheStriveToFit,https://www.youtube.com/results?search_query=TheStriveToFit+focus+productivity+study,8,,"Audience does high-stakes, laptop-heavy studying and is sensitive to procrastination.",Pitch a 7-day exam/deep-study lock-in challenge and affiliate link after genuine use.,https://videos.feedspot.com/medical_student_youtube_channels/,2026-08-31,Not Contacted,Publicly listed creator/channel from 2026 niche directory. Verify current business email/DM from creator channel About/profile before sending.,,,,,,,,,,,,
Affiliate,Soony Sun,Medical / Intensive Study Creators,YouTube business inquiry / creator business contact,YouTube / business inquiry,https://www.youtube.com/results?search_query=Soony+Sun,https://www.youtube.com/results?search_query=Soony+Sun+focus+productivity+study,8,,"Audience does high-stakes, laptop-heavy studying and is sensitive to procrastination.",Pitch a 7-day exam/deep-study lock-in challenge and affiliate link after genuine use.,https://videos.feedspot.com/medical_student_youtube_channels/,2026-08-31,Not Contacted,Publicly listed creator/channel from 2026 niche directory. Verify current business email/DM from creator channel About/profile before sending.,,,,,,,,,,,,
Affiliate,MedBros,Medical / Intensive Study Creators,YouTube business inquiry / creator business contact,YouTube / business inquiry,https://www.youtube.com/results?search_query=MedBros,https://www.youtube.com/results?search_query=MedBros+focus+productivity+study,8,,"Audience does high-stakes, laptop-heavy studying and is sensitive to procrastination.",Pitch a 7-day exam/deep-study lock-in challenge and affiliate link after genuine use.,https://videos.feedspot.com/medical_student_youtube_channels/,2026-08-31,Not Contacted,Publicly listed creator/channel from 2026 niche directory. Verify current business email/DM from creator channel About/profile before sending.,,,,,,,,,,,,
Affiliate,mahadotcom,Medical / Intensive Study Creators,YouTube business inquiry / creator business contact,YouTube / business inquiry,https://www.youtube.com/results?search_query=mahadotcom,https://www.youtube.com/results?search_query=mahadotcom+focus+productivity+study,8,,"Audience does high-stakes, laptop-heavy studying and is sensitive to procrastination.",Pitch a 7-day exam/deep-study lock-in challenge and affiliate link after genuine use.,https://videos.feedspot.com/medical_student_youtube_channels/,2026-08-31,Not Contacted,Publicly listed creator/channel from 2026 niche directory. Verify current business email/DM from creator channel About/profile before sending.,,,,,,,,,,,,
Affiliate,TheBrittnyWay,Medical / Intensive Study Creators,YouTube business inquiry / creator business contact,YouTube / business inquiry,https://www.youtube.com/results?search_query=TheBrittnyWay,https://www.youtube.com/results?search_query=TheBrittnyWay+focus+productivity+study,8,,"Audience does high-stakes, laptop-heavy studying and is sensitive to procrastination.",Pitch a 7-day exam/deep-study lock-in challenge and affiliate link after genuine use.,https://videos.feedspot.com/medical_student_youtube_channels/,2026-08-31,Not Contacted,Publicly listed creator/channel from 2026 niche directory. Verify current business email/DM from creator channel About/profile before sending.,,,,,,,,,,,,
Affiliate,EJ_Fitness,Medical / Intensive Study Creators,YouTube business inquiry / creator business contact,YouTube / business inquiry,https://www.youtube.com/results?search_query=EJ_Fitness,https://www.youtube.com/results?search_query=EJ_Fitness+focus+productivity+study,8,,"Audience does high-stakes, laptop-heavy studying and is sensitive to procrastination.",Pitch a 7-day exam/deep-study lock-in challenge and affiliate link after genuine use.,https://videos.feedspot.com/medical_student_youtube_channels/,2026-08-31,Not Contacted,Publicly listed creator/channel from 2026 niche directory. Verify current business email/DM from creator channel About/profile before sending.,,,,,,,,,,,,
Affiliate,Ana Camille,Medical / Intensive Study Creators,YouTube business inquiry / creator business contact,YouTube / business inquiry,https://www.youtube.com/results?search_query=Ana+Camille,https://www.youtube.com/results?search_query=Ana+Camille+focus+productivity+study,8,,"Audience does high-stakes, laptop-heavy studying and is sensitive to procrastination.",Pitch a 7-day exam/deep-study lock-in challenge and affiliate link after genuine use.,https://videos.feedspot.com/medical_student_youtube_channels/,2026-08-31,Not Contacted,Publicly listed creator/channel from 2026 niche directory. Verify current business email/DM from creator channel About/profile before sending.,,,,,,,,,,,,
Affiliate,Jai Medicine,Medical / Intensive Study Creators,YouTube business inquiry / creator business contact,YouTube / business inquiry,https://www.youtube.com/results?search_query=Jai+Medicine,https://www.youtube.com/results?search_query=Jai+Medicine+focus+productivity+study,8,,"Audience does high-stakes, laptop-heavy studying and is sensitive to procrastination.",Pitch a 7-day exam/deep-study lock-in challenge and affiliate link after genuine use.,https://videos.feedspot.com/medical_student_youtube_channels/,2026-08-31,Not Contacted,Publicly listed creator/channel from 2026 niche directory. Verify current business email/DM from creator channel About/profile before sending.,,,,,,,,,,,,
Affiliate,Ishwari Chandran,Medical / Intensive Study Creators,YouTube business inquiry / creator business contact,YouTube / business inquiry,https://www.youtube.com/results?search_query=Ishwari+Chandran,https://www.youtube.com/results?search_query=Ishwari+Chandran+focus+productivity+study,8,,"Audience does high-stakes, laptop-heavy studying and is sensitive to procrastination.",Pitch a 7-day exam/deep-study lock-in challenge and affiliate link after genuine use.,https://videos.feedspot.com/medical_student_youtube_channels/,2026-08-31,Not Contacted,Publicly listed creator/channel from 2026 niche directory. Verify current business email/DM from creator channel About/profile before sending.,,,,,,,,,,,,
Affiliate,Sean MS2,Medical / Intensive Study Creators,YouTube business inquiry / creator business contact,YouTube / business inquiry,https://www.youtube.com/results?search_query=Sean+MS2,https://www.youtube.com/results?search_query=Sean+MS2+focus+productivity+study,8,,"Audience does high-stakes, laptop-heavy studying and is sensitive to procrastination.",Pitch a 7-day exam/deep-study lock-in challenge and affiliate link after genuine use.,https://videos.feedspot.com/medical_student_youtube_channels/,2026-08-31,Not Contacted,Publicly listed creator/channel from 2026 niche directory. Verify current business email/DM from creator channel About/profile before sending.,,,,,,,,,,,,
Affiliate,JaneandJady,Medical / Intensive Study Creators,YouTube business inquiry / creator business contact,YouTube / business inquiry,https://www.youtube.com/results?search_query=JaneandJady,https://www.youtube.com/results?search_query=JaneandJady+focus+productivity+study,8,,"Audience does high-stakes, laptop-heavy studying and is sensitive to procrastination.",Pitch a 7-day exam/deep-study lock-in challenge and affiliate link after genuine use.,https://videos.feedspot.com/medical_student_youtube_channels/,2026-08-31,Not Contacted,Publicly listed creator/channel from 2026 niche directory. Verify current business email/DM from creator channel About/profile before sending.,,,,,,,,,,,,
Affiliate,RUYINA ETENG's MEDIC DIARY,Medical / Intensive Study Creators,YouTube business inquiry / creator business contact,YouTube / business inquiry,https://www.youtube.com/results?search_query=RUYINA+ETENG%27s+MEDIC+DIARY,https://www.youtube.com/results?search_query=RUYINA+ETENG%27s+MEDIC+DIARY+focus+productivity+study,8,,"Audience does high-stakes, laptop-heavy studying and is sensitive to procrastination.",Pitch a 7-day exam/deep-study lock-in challenge and affiliate link after genuine use.,https://videos.feedspot.com/medical_student_youtube_channels/,2026-08-31,Not Contacted,Publicly listed creator/channel from 2026 niche directory. Verify current business email/DM from creator channel About/profile before sending.,,,,,,,,,,,,
Affiliate,Aesthetic Academic,Medical / Intensive Study Creators,YouTube business inquiry / creator business contact,YouTube / business inquiry,https://www.youtube.com/results?search_query=Aesthetic+Academic,https://www.youtube.com/results?search_query=Aesthetic+Academic+focus+productivity+study,8,,"Audience does high-stakes, laptop-heavy studying and is sensitive to procrastination.",Pitch a 7-day exam/deep-study lock-in challenge and affiliate link after genuine use.,https://videos.feedspot.com/medical_student_youtube_channels/,2026-08-31,Not Contacted,Publicly listed creator/channel from 2026 niche directory. Verify current business email/DM from creator channel About/profile before sending.,,,,,,,,,,,,
Affiliate,Marlee Mason-Maready,Medical / Intensive Study Creators,YouTube business inquiry / creator business contact,YouTube / business inquiry,https://www.youtube.com/results?search_query=Marlee+Mason-Maready,https://www.youtube.com/results?search_query=Marlee+Mason-Maready+focus+productivity+study,8,,"Audience does high-stakes, laptop-heavy studying and is sensitive to procrastination.",Pitch a 7-day exam/deep-study lock-in challenge and affiliate link after genuine use.,https://videos.feedspot.com/medical_student_youtube_channels/,2026-08-31,Not Contacted,Publicly listed creator/channel from 2026 niche directory. Verify current business email/DM from creator channel About/profile before sending.,,,,,,,,,,,,
Affiliate,Zuha Shyma,Medical / Intensive Study Creators,YouTube business inquiry / creator business contact,YouTube / business inquiry,https://www.youtube.com/results?search_query=Zuha+Shyma,https://www.youtube.com/results?search_query=Zuha+Shyma+focus+productivity+study,8,,"Audience does high-stakes, laptop-heavy studying and is sensitive to procrastination.",Pitch a 7-day exam/deep-study lock-in challenge and affiliate link after genuine use.,https://videos.feedspot.com/medical_student_youtube_channels/,2026-08-31,Not Contacted,Publicly listed creator/channel from 2026 niche directory. Verify current business email/DM from creator channel About/profile before sending.,,,,,,,,,,,,
Affiliate,obgyn made easy,Medical / Intensive Study Creators,YouTube business inquiry / creator business contact,YouTube / business inquiry,https://www.youtube.com/results?search_query=obgyn+made+easy,https://www.youtube.com/results?search_query=obgyn+made+easy+focus+productivity+study,8,,"Audience does high-stakes, laptop-heavy studying and is sensitive to procrastination.",Pitch a 7-day exam/deep-study lock-in challenge and affiliate link after genuine use.,https://videos.feedspot.com/medical_student_youtube_channels/,2026-08-31,Not Contacted,Publicly listed creator/channel from 2026 niche directory. Verify current business email/DM from creator channel About/profile before sending.,,,,,,,,,,,,
Affiliate,Kaiwen's World,Medical / Intensive Study Creators,YouTube business inquiry / creator business contact,YouTube / business inquiry,https://www.youtube.com/results?search_query=Kaiwen%27s+World,https://www.youtube.com/results?search_query=Kaiwen%27s+World+focus+productivity+study,8,,"Audience does high-stakes, laptop-heavy studying and is sensitive to procrastination.",Pitch a 7-day exam/deep-study lock-in challenge and affiliate link after genuine use.,https://videos.feedspot.com/medical_student_youtube_channels/,2026-08-31,Not Contacted,Publicly listed creator/channel from 2026 niche directory. Verify current business email/DM from creator channel About/profile before sending.,,,,,,,,,,,,
Affiliate,Aryan Dariush,Medical / Intensive Study Creators,YouTube business inquiry / creator business contact,YouTube / business inquiry,https://www.youtube.com/results?search_query=Aryan+Dariush,https://www.youtube.com/results?search_query=Aryan+Dariush+focus+productivity+study,8,,"Audience does high-stakes, laptop-heavy studying and is sensitive to procrastination.",Pitch a 7-day exam/deep-study lock-in challenge and affiliate link after genuine use.,https://videos.feedspot.com/medical_student_youtube_channels/,2026-08-31,Not Contacted,Publicly listed creator/channel from 2026 niche directory. Verify current business email/DM from creator channel About/profile before sending.,,,,,,,,,,,,
Affiliate,South African Medical Student,Medical / Intensive Study Creators,YouTube business inquiry / creator business contact,YouTube / business inquiry,https://www.youtube.com/results?search_query=South+African+Medical+Student,https://www.youtube.com/results?search_query=South+African+Medical+Student+focus+productivity+study,8,,"Audience does high-stakes, laptop-heavy studying and is sensitive to procrastination.",Pitch a 7-day exam/deep-study lock-in challenge and affiliate link after genuine use.,https://videos.feedspot.com/medical_student_youtube_channels/,2026-08-31,Not Contacted,Publicly listed creator/channel from 2026 niche directory. Verify current business email/DM from creator channel About/profile before sending.,,,,,,,,,,,,
Affiliate,Asia See31Thirty,Medical / Intensive Study Creators,YouTube business inquiry / creator business contact,YouTube / business inquiry,https://www.youtube.com/results?search_query=Asia+See31Thirty,https://www.youtube.com/results?search_query=Asia+See31Thirty+focus+productivity+study,8,,"Audience does high-stakes, laptop-heavy studying and is sensitive to procrastination.",Pitch a 7-day exam/deep-study lock-in challenge and affiliate link after genuine use.,https://videos.feedspot.com/medical_student_youtube_channels/,2026-08-31,Not Contacted,Publicly listed creator/channel from 2026 niche directory. Verify current business email/DM from creator channel About/profile before sending.,,,,,,,,,,,,
Affiliate,Vlogs by Gio,Medical / Intensive Study Creators,YouTube business inquiry / creator business contact,YouTube / business inquiry,https://www.youtube.com/results?search_query=Vlogs+by+Gio,https://www.youtube.com/results?search_query=Vlogs+by+Gio+focus+productivity+study,8,,"Audience does high-stakes, laptop-heavy studying and is sensitive to procrastination.",Pitch a 7-day exam/deep-study lock-in challenge and affiliate link after genuine use.,https://videos.feedspot.com/medical_student_youtube_channels/,2026-08-31,Not Contacted,Publicly listed creator/channel from 2026 niche directory. Verify current business email/DM from creator channel About/profile before sending.,,,,,,,,,,,,
Affiliate,Rashid,Medical / Intensive Study Creators,YouTube business inquiry / creator business contact,YouTube / business inquiry,https://www.youtube.com/results?search_query=Rashid,https://www.youtube.com/results?search_query=Rashid+focus+productivity+study,8,,"Audience does high-stakes, laptop-heavy studying and is sensitive to procrastination.",Pitch a 7-day exam/deep-study lock-in challenge and affiliate link after genuine use.,https://videos.feedspot.com/medical_student_youtube_channels/,2026-08-31,Not Contacted,Publicly listed creator/channel from 2026 niche directory. Verify current business email/DM from creator channel About/profile before sending.,,,,,,,,,,,,
Affiliate,The Girly MD,Medical / Intensive Study Creators,YouTube business inquiry / creator business contact,YouTube / business inquiry,https://www.youtube.com/results?search_query=The+Girly+MD,https://www.youtube.com/results?search_query=The+Girly+MD+focus+productivity+study,8,,"Audience does high-stakes, laptop-heavy studying and is sensitive to procrastination.",Pitch a 7-day exam/deep-study lock-in challenge and affiliate link after genuine use.,https://videos.feedspot.com/medical_student_youtube_channels/,2026-08-31,Not Contacted,Publicly listed creator/channel from 2026 niche directory. Verify current business email/DM from creator channel About/profile before sending.,,,,,,,,,,,,
Affiliate,Ososee,Medical / Intensive Study Creators,YouTube business inquiry / creator business contact,YouTube / business inquiry,https://www.youtube.com/results?search_query=Ososee,https://www.youtube.com/results?search_query=Ososee+focus+productivity+study,8,,"Audience does high-stakes, laptop-heavy studying and is sensitive to procrastination.",Pitch a 7-day exam/deep-study lock-in challenge and affiliate link after genuine use.,https://videos.feedspot.com/medical_student_youtube_channels/,2026-08-31,Not Contacted,Publicly listed creator/channel from 2026 niche directory. Verify current business email/DM from creator channel About/profile before sending.,,,,,,,,,,,,
Affiliate,Dan The Medic,Medical / Intensive Study Creators,YouTube business inquiry / creator business contact,YouTube / business inquiry,https://www.youtube.com/results?search_query=Dan+The+Medic,https://www.youtube.com/results?search_query=Dan+The+Medic+focus+productivity+study,8,,"Audience does high-stakes, laptop-heavy studying and is sensitive to procrastination.",Pitch a 7-day exam/deep-study lock-in challenge and affiliate link after genuine use.,https://videos.feedspot.com/medical_student_youtube_channels/,2026-08-31,Not Contacted,Publicly listed creator/channel from 2026 niche directory. Verify current business email/DM from creator channel About/profile before sending.,,,,,,,,,,,,
Affiliate,Paulina Villanueva,Medical / Intensive Study Creators,YouTube business inquiry / creator business contact,YouTube / business inquiry,https://www.youtube.com/results?search_query=Paulina+Villanueva,https://www.youtube.com/results?search_query=Paulina+Villanueva+focus+productivity+study,8,,"Audience does high-stakes, laptop-heavy studying and is sensitive to procrastination.",Pitch a 7-day exam/deep-study lock-in challenge and affiliate link after genuine use.,https://videos.feedspot.com/medical_student_youtube_channels/,2026-08-31,Not Contacted,Publicly listed creator/channel from 2026 niche directory. Verify current business email/DM from creator channel About/profile before sending.,,,,,,,,,,,,
Affiliate,Darius Med,Medical / Intensive Study Creators,YouTube business inquiry / creator business contact,YouTube / business inquiry,https://www.youtube.com/results?search_query=Darius+Med,https://www.youtube.com/results?search_query=Darius+Med+focus+productivity+study,8,,"Audience does high-stakes, laptop-heavy studying and is sensitive to procrastination.",Pitch a 7-day exam/deep-study lock-in challenge and affiliate link after genuine use.,https://videos.feedspot.com/medical_student_youtube_channels/,2026-08-31,Not Contacted,Publicly listed creator/channel from 2026 niche directory. Verify current business email/DM from creator channel About/profile before sending.,,,,,,,,,,,,
Affiliate,ToniAntoinetteXO,Medical / Intensive Study Creators,YouTube business inquiry / creator business contact,YouTube / business inquiry,https://www.youtube.com/results?search_query=ToniAntoinetteXO,https://www.youtube.com/results?search_query=ToniAntoinetteXO+focus+productivity+study,8,,"Audience does high-stakes, laptop-heavy studying and is sensitive to procrastination.",Pitch a 7-day exam/deep-study lock-in challenge and affiliate link after genuine use.,https://videos.feedspot.com/medical_student_youtube_channels/,2026-08-31,Not Contacted,Publicly listed creator/channel from 2026 niche directory. Verify current business email/DM from creator channel About/profile before sending.,,,,,,,,,,,,
Affiliate,Thomas Frank,Productivity,YouTube business inquiry / creator business contact,YouTube / business inquiry,https://www.youtube.com/results?search_query=Thomas+Frank,https://www.youtube.com/results?search_query=Thomas+Frank+focus+productivity+study,9,,Audience actively seeks tools and systems for focus and execution.,Offer lifetime Pro and a generous affiliate share; lead with 'normal blockers fail because the off switch is one click away.',https://videos.feedspot.com/productivity_youtube_channels/,2026-08-31,Not Contacted,Publicly listed creator/channel from 2026 niche directory. Verify current business email/DM from creator channel About/profile before sending.,,,,,,,,,,,,
Affiliate,Paul Minors,Productivity,YouTube business inquiry / creator business contact,YouTube / business inquiry,https://www.youtube.com/results?search_query=Paul+Minors,https://www.youtube.com/results?search_query=Paul+Minors+focus+productivity+study,9,,Audience actively seeks tools and systems for focus and execution.,Offer lifetime Pro and a generous affiliate share; lead with 'normal blockers fail because the off switch is one click away.',https://videos.feedspot.com/productivity_youtube_channels/,2026-08-31,Not Contacted,Publicly listed creator/channel from 2026 niche directory. Verify current business email/DM from creator channel About/profile before sending.,,,,,,,,,,,,
Affiliate,Business Productivity,Productivity,YouTube business inquiry / creator business contact,YouTube / business inquiry,https://www.youtube.com/results?search_query=Business+Productivity,https://www.youtube.com/results?search_query=Business+Productivity+focus+productivity+study,10,,Audience actively seeks tools and systems for focus and execution.,Offer lifetime Pro and a generous affiliate share; lead with 'normal blockers fail because the off switch is one click away.',https://videos.feedspot.com/productivity_youtube_channels/,2026-08-31,Not Contacted,Publicly listed creator/channel from 2026 niche directory. Verify current business email/DM from creator channel About/profile before sending.,,,,,,,,,,,,
Affiliate,Productivity Academy,Productivity,YouTube business inquiry / creator business contact,YouTube / business inquiry,https://www.youtube.com/results?search_query=Productivity+Academy,https://www.youtube.com/results?search_query=Productivity+Academy+focus+productivity+study,10,,Audience actively seeks tools and systems for focus and execution.,Offer lifetime Pro and a generous affiliate share; lead with 'normal blockers fail because the off switch is one click away.',https://videos.feedspot.com/productivity_youtube_channels/,2026-08-31,Not Contacted,Publicly listed creator/channel from 2026 niche directory. Verify current business email/DM from creator channel About/profile before sending.,,,,,,,,,,,,
Affiliate,Asian Efficiency,Productivity,YouTube business inquiry / creator business contact,YouTube / business inquiry,https://www.youtube.com/results?search_query=Asian+Efficiency,https://www.youtube.com/results?search_query=Asian+Efficiency+focus+productivity+study,9,,Audience actively seeks tools and systems for focus and execution.,Offer lifetime Pro and a generous affiliate share; lead with 'normal blockers fail because the off switch is one click away.',https://videos.feedspot.com/productivity_youtube_channels/,2026-08-31,Not Contacted,Publicly listed creator/channel from 2026 niche directory. Verify current business email/DM from creator channel About/profile before sending.,,,,,,,,,,,,
Affiliate,Productivityist,Productivity,YouTube business inquiry / creator business contact,YouTube / business inquiry,https://www.youtube.com/results?search_query=Productivityist,https://www.youtube.com/results?search_query=Productivityist+focus+productivity+study,10,,Audience actively seeks tools and systems for focus and execution.,Offer lifetime Pro and a generous affiliate share; lead with 'normal blockers fail because the off switch is one click away.',https://videos.feedspot.com/productivity_youtube_channels/,2026-08-31,Not Contacted,Publicly listed creator/channel from 2026 niche directory. Verify current business email/DM from creator channel About/profile before sending.,,,,,,,,,,,,
Affiliate,Organized Audrey,Productivity,YouTube business inquiry / creator business contact,YouTube / business inquiry,https://www.youtube.com/results?search_query=Organized+Audrey,https://www.youtube.com/results?search_query=Organized+Audrey+focus+productivity+study,9,,Audience actively seeks tools and systems for focus and execution.,Offer lifetime Pro and a generous affiliate share; lead with 'normal blockers fail because the off switch is one click away.',https://videos.feedspot.com/productivity_youtube_channels/,2026-08-31,Not Contacted,Publicly listed creator/channel from 2026 niche directory. Verify current business email/DM from creator channel About/profile before sending.,,,,,,,,,,,,
Affiliate,Granger Productivity | Study Productive,Productivity,YouTube business inquiry / creator business contact,YouTube / business inquiry,https://www.youtube.com/results?search_query=Granger+Productivity+%7C+Study+Productive,https://www.youtube.com/results?search_query=Granger+Productivity+%7C+Study+Productive+focus+productivity+study,10,,Audience actively seeks tools and systems for focus and execution.,Offer lifetime Pro and a generous affiliate share; lead with 'normal blockers fail because the off switch is one click away.',https://videos.feedspot.com/productivity_youtube_channels/,2026-08-31,Not Contacted,Publicly listed creator/channel from 2026 niche directory. Verify current business email/DM from creator channel About/profile before sending.,,,,,,,,,,,,
Affiliate,Full Spectrum Productivity,Productivity,YouTube business inquiry / creator business contact,YouTube / business inquiry,https://www.youtube.com/results?search_query=Full+Spectrum+Productivity,https://www.youtube.com/results?search_query=Full+Spectrum+Productivity+focus+productivity+study,10,,Audience actively seeks tools and systems for focus and execution.,Offer lifetime Pro and a generous affiliate share; lead with 'normal blockers fail because the off switch is one click away.',https://videos.feedspot.com/productivity_youtube_channels/,2026-08-31,Not Contacted,Publicly listed creator/channel from 2026 niche directory. Verify current business email/DM from creator channel About/profile before sending.,,,,,,,,,,,,
Affiliate,Wisdom & Productivity {by Dr. Efraín Martínez},Productivity,YouTube business inquiry / creator business contact,YouTube / business inquiry,https://www.youtube.com/results?search_query=Wisdom+%26+Productivity+%7Bby+Dr.+Efra%C3%ADn+Mart%C3%ADnez%7D,https://www.youtube.com/results?search_query=Wisdom+%26+Productivity+%7Bby+Dr.+Efra%C3%ADn+Mart%C3%ADnez%7D+focus+productivity+study,10,,Audience actively seeks tools and systems for focus and execution.,Offer lifetime Pro and a generous affiliate share; lead with 'normal blockers fail because the off switch is one click away.',https://videos.feedspot.com/productivity_youtube_channels/,2026-08-31,Not Contacted,Publicly listed creator/channel from 2026 niche directory. Verify current business email/DM from creator channel About/profile before sending.,,,,,,,,,,,,
Affiliate,Productivity Tube,Productivity,YouTube business inquiry / creator business contact,YouTube / business inquiry,https://www.youtube.com/results?search_query=Productivity+Tube,https://www.youtube.com/results?search_query=Productivity+Tube+focus+productivity+study,10,,Audience actively seeks tools and systems for focus and execution.,Offer lifetime Pro and a generous affiliate share; lead with 'normal blockers fail because the off switch is one click away.',https://videos.feedspot.com/productivity_youtube_channels/,2026-08-31,Not Contacted,Publicly listed creator/channel from 2026 niche directory. Verify current business email/DM from creator channel About/profile before sending.,,,,,,,,,,,,
Affiliate,All in Good Time,Productivity,YouTube business inquiry / creator business contact,YouTube / business inquiry,https://www.youtube.com/results?search_query=All+in+Good+Time,https://www.youtube.com/results?search_query=All+in+Good+Time+focus+productivity+study,10,,Audience actively seeks tools and systems for focus and execution.,Offer lifetime Pro and a generous affiliate share; lead with 'normal blockers fail because the off switch is one click away.',https://videos.feedspot.com/productivity_youtube_channels/,2026-08-31,Not Contacted,Publicly listed creator/channel from 2026 niche directory. Verify current business email/DM from creator channel About/profile before sending.,,,,,,,,,,,,
Affiliate,Mike Strives ⚡️,Productivity,YouTube business inquiry / creator business contact,YouTube / business inquiry,https://www.youtube.com/results?search_query=Mike+Strives+%E2%9A%A1%EF%B8%8F,https://www.youtube.com/results?search_query=Mike+Strives+%E2%9A%A1%EF%B8%8F+focus+productivity+study,9,,Audience actively seeks tools and systems for focus and execution.,Offer lifetime Pro and a generous affiliate share; lead with 'normal blockers fail because the off switch is one click away.',https://videos.feedspot.com/productivity_youtube_channels/,2026-08-31,Not Contacted,Publicly listed creator/channel from 2026 niche directory. Verify current business email/DM from creator channel About/profile before sending.,,,,,,,,,,,,
Affiliate,Carson Tate | Productive Information,Productivity,YouTube business inquiry / creator business contact,YouTube / business inquiry,https://www.youtube.com/results?search_query=Carson+Tate+%7C+Productive+Information,https://www.youtube.com/results?search_query=Carson+Tate+%7C+Productive+Information+focus+productivity+study,10,,Audience actively seeks tools and systems for focus and execution.,Offer lifetime Pro and a generous affiliate share; lead with 'normal blockers fail because the off switch is one click away.',https://videos.feedspot.com/productivity_youtube_channels/,2026-08-31,Not Contacted,Publicly listed creator/channel from 2026 niche directory. Verify current business email/DM from creator channel About/profile before sending.,,,,,,,,,,,,
Affiliate,Simpletivity,Time Management,YouTube business inquiry / creator business contact,YouTube / business inquiry,https://www.youtube.com/results?search_query=Simpletivity,https://www.youtube.com/results?search_query=Simpletivity+focus+productivity+study,9,,"Audience already values commitment, time blocks, and focus systems.",Position Talysman as a way to make time-blocking commitments harder to casually break.,https://videos.feedspot.com/time_management_youtube_channels/,2026-08-31,Not Contacted,Publicly listed creator/channel from 2026 niche directory. Verify current business email/DM from creator channel About/profile before sending.,,,,,,,,,,,,
Affiliate,Chris Croft,Time Management,YouTube business inquiry / creator business contact,YouTube / business inquiry,https://www.youtube.com/results?search_query=Chris+Croft,https://www.youtube.com/results?search_query=Chris+Croft+focus+productivity+study,9,,"Audience already values commitment, time blocks, and focus systems.",Position Talysman as a way to make time-blocking commitments harder to casually break.,https://videos.feedspot.com/time_management_youtube_channels/,2026-08-31,Not Contacted,Publicly listed creator/channel from 2026 niche directory. Verify current business email/DM from creator channel About/profile before sending.,,,,,,,,,,,,
Affiliate,Turner Time Management,Time Management,YouTube business inquiry / creator business contact,YouTube / business inquiry,https://www.youtube.com/results?search_query=Turner+Time+Management,https://www.youtube.com/results?search_query=Turner+Time+Management+focus+productivity+study,10,,"Audience already values commitment, time blocks, and focus systems.",Position Talysman as a way to make time-blocking commitments harder to casually break.,https://videos.feedspot.com/time_management_youtube_channels/,2026-08-31,Not Contacted,Publicly listed creator/channel from 2026 niche directory. Verify current business email/DM from creator channel About/profile before sending.,,,,,,,,,,,,
Affiliate,TimeFlies - Time Management,Time Management,YouTube business inquiry / creator business contact,YouTube / business inquiry,https://www.youtube.com/results?search_query=TimeFlies+-+Time+Management,https://www.youtube.com/results?search_query=TimeFlies+-+Time+Management+focus+productivity+study,10,,"Audience already values commitment, time blocks, and focus systems.",Position Talysman as a way to make time-blocking commitments harder to casually break.,https://videos.feedspot.com/time_management_youtube_channels/,2026-08-31,Not Contacted,Publicly listed creator/channel from 2026 niche directory. Verify current business email/DM from creator channel About/profile before sending.,,,,,,,,,,,,
Affiliate,Time Timer,Time Management,YouTube business inquiry / creator business contact,YouTube / business inquiry,https://www.youtube.com/results?search_query=Time+Timer,https://www.youtube.com/results?search_query=Time+Timer+focus+productivity+study,10,,"Audience already values commitment, time blocks, and focus systems.",Position Talysman as a way to make time-blocking commitments harder to casually break.,https://videos.feedspot.com/time_management_youtube_channels/,2026-08-31,Not Contacted,Publicly listed creator/channel from 2026 niche directory. Verify current business email/DM from creator channel About/profile before sending.,,,,,,,,,,,,
Affiliate,Time Management Systems,Time Management,YouTube business inquiry / creator business contact,YouTube / business inquiry,https://www.youtube.com/results?search_query=Time+Management+Systems,https://www.youtube.com/results?search_query=Time+Management+Systems+focus+productivity+study,10,,"Audience already values commitment, time blocks, and focus systems.",Position Talysman as a way to make time-blocking commitments harder to casually break.,https://videos.feedspot.com/time_management_youtube_channels/,2026-08-31,Not Contacted,Publicly listed creator/channel from 2026 niche directory. Verify current business email/DM from creator channel About/profile before sending.,,,,,,,,,,,,
Affiliate,Time Management,Time Management,YouTube business inquiry / creator business contact,YouTube / business inquiry,https://www.youtube.com/results?search_query=Time+Management,https://www.youtube.com/results?search_query=Time+Management+focus+productivity+study,10,,"Audience already values commitment, time blocks, and focus systems.",Position Talysman as a way to make time-blocking commitments harder to casually break.,https://videos.feedspot.com/time_management_youtube_channels/,2026-08-31,Not Contacted,Publicly listed creator/channel from 2026 niche directory. Verify current business email/DM from creator channel About/profile before sending.,,,,,,,,,,,,
Affiliate,Time Management and Productivity,Time Management,YouTube business inquiry / creator business contact,YouTube / business inquiry,https://www.youtube.com/results?search_query=Time+Management+and+Productivity,https://www.youtube.com/results?search_query=Time+Management+and+Productivity+focus+productivity+study,10,,"Audience already values commitment, time blocks, and focus systems.",Position Talysman as a way to make time-blocking commitments harder to casually break.,https://videos.feedspot.com/time_management_youtube_channels/,2026-08-31,Not Contacted,Publicly listed creator/channel from 2026 niche directory. Verify current business email/DM from creator channel About/profile before sending.,,,,,,,,,,,,
Affiliate,Merve,Study With Me,YouTube business inquiry / creator business contact,YouTube / business inquiry,https://www.youtube.com/results?search_query=Merve,https://www.youtube.com/results?search_query=Merve+focus+productivity+study,10,,Audience already spends long laptop sessions trying to stay focused.,Offer lifetime Pro; pitch Talysman as a physical-friction experiment their audience can use during study-with-me sessions.,https://wiingy.com/research/study-with-me-youtube-channels/,2026-08-31,Not Contacted,Publicly listed creator/channel from 2026 niche directory. Verify current business email/DM from creator channel About/profile before sending.,,,,,,,,,,,,
Affiliate,Abao in Tokyo,Study With Me,YouTube business inquiry / creator business contact,YouTube / business inquiry,https://www.youtube.com/results?search_query=Abao+in+Tokyo,https://www.youtube.com/results?search_query=Abao+in+Tokyo+focus+productivity+study,10,,Audience already spends long laptop sessions trying to stay focused.,Offer lifetime Pro; pitch Talysman as a physical-friction experiment their audience can use during study-with-me sessions.,https://wiingy.com/research/study-with-me-youtube-channels/,2026-08-31,Not Contacted,Publicly listed creator/channel from 2026 niche directory. Verify current business email/DM from creator channel About/profile before sending.,,,,,,,,,,,,
Affiliate,James Scholz,Study With Me,YouTube business inquiry / creator business contact,YouTube / business inquiry,https://www.youtube.com/results?search_query=James+Scholz,https://www.youtube.com/results?search_query=James+Scholz+focus+productivity+study,10,,Audience already spends long laptop sessions trying to stay focused.,Offer lifetime Pro; pitch Talysman as a physical-friction experiment their audience can use during study-with-me sessions.,https://wiingy.com/research/study-with-me-youtube-channels/,2026-08-31,Not Contacted,Publicly listed creator/channel from 2026 niche directory. Verify current business email/DM from creator channel About/profile before sending.,,,,,,,,,,,,
Affiliate,Pike Channel,Study With Me,YouTube business inquiry / creator business contact,YouTube / business inquiry,https://www.youtube.com/results?search_query=Pike+Channel,https://www.youtube.com/results?search_query=Pike+Channel+focus+productivity+study,10,,Audience already spends long laptop sessions trying to stay focused.,Offer lifetime Pro; pitch Talysman as a physical-friction experiment their audience can use during study-with-me sessions.,https://wiingy.com/research/study-with-me-youtube-channels/,2026-08-31,Not Contacted,Publicly listed creator/channel from 2026 niche directory. Verify current business email/DM from creator channel About/profile before sending.,,,,,,,,,,,,
Affiliate,StudyMD,Study With Me,YouTube business inquiry / creator business contact,YouTube / business inquiry,https://www.youtube.com/results?search_query=StudyMD,https://www.youtube.com/results?search_query=StudyMD+focus+productivity+study,10,,Audience already spends long laptop sessions trying to stay focused.,Offer lifetime Pro; pitch Talysman as a physical-friction experiment their audience can use during study-with-me sessions.,https://wiingy.com/research/study-with-me-youtube-channels/,2026-08-31,Not Contacted,Publicly listed creator/channel from 2026 niche directory. Verify current business email/DM from creator channel About/profile before sending.,,,,,,,,,,,,
Affiliate,The Sherry Formula,Study With Me,YouTube business inquiry / creator business contact,YouTube / business inquiry,https://www.youtube.com/results?search_query=The+Sherry+Formula,https://www.youtube.com/results?search_query=The+Sherry+Formula+focus+productivity+study,10,,Audience already spends long laptop sessions trying to stay focused.,Offer lifetime Pro; pitch Talysman as a physical-friction experiment their audience can use during study-with-me sessions.,https://wiingy.com/research/study-with-me-youtube-channels/,2026-08-31,Not Contacted,Publicly listed creator/channel from 2026 niche directory. Verify current business email/DM from creator channel About/profile before sending.,,,,,,,,,,,,
Affiliate,Cram With Nessa,Study With Me,YouTube business inquiry / creator business contact,YouTube / business inquiry,https://www.youtube.com/results?search_query=Cram+With+Nessa,https://www.youtube.com/results?search_query=Cram+With+Nessa+focus+productivity+study,10,,Audience already spends long laptop sessions trying to stay focused.,Offer lifetime Pro; pitch Talysman as a physical-friction experiment their audience can use during study-with-me sessions.,https://wiingy.com/research/study-with-me-youtube-channels/,2026-08-31,Not Contacted,Publicly listed creator/channel from 2026 niche directory. Verify current business email/DM from creator channel About/profile before sending.,,,,,,,,,,,,
Affiliate,Flexi,Study With Me,YouTube business inquiry / creator business contact,YouTube / business inquiry,https://www.youtube.com/results?search_query=Flexi,https://www.youtube.com/results?search_query=Flexi+focus+productivity+study,10,,Audience already spends long laptop sessions trying to stay focused.,Offer lifetime Pro; pitch Talysman as a physical-friction experiment their audience can use during study-with-me sessions.,https://wiingy.com/research/study-with-me-youtube-channels/,2026-08-31,Not Contacted,Publicly listed creator/channel from 2026 niche directory. Verify current business email/DM from creator channel About/profile before sending.,,,,,,,,,,,,
Affiliate,Lofi Girl,Study With Me,YouTube business inquiry / creator business contact,YouTube / business inquiry,https://www.youtube.com/results?search_query=Lofi+Girl,https://www.youtube.com/results?search_query=Lofi+Girl+focus+productivity+study,10,,Audience already spends long laptop sessions trying to stay focused.,Offer lifetime Pro; pitch Talysman as a physical-friction experiment their audience can use during study-with-me sessions.,https://wiingy.com/research/study-with-me-youtube-channels/,2026-08-31,Not Contacted,Publicly listed creator/channel from 2026 niche directory. Verify current business email/DM from creator channel About/profile before sending.,,,,,,,,,,,,
Affiliate,Chillhop Music,Study With Me,YouTube business inquiry / creator business contact,YouTube / business inquiry,https://www.youtube.com/results?search_query=Chillhop+Music,https://www.youtube.com/results?search_query=Chillhop+Music+focus+productivity+study,10,,Audience already spends long laptop sessions trying to stay focused.,Offer lifetime Pro; pitch Talysman as a physical-friction experiment their audience can use during study-with-me sessions.,https://wiingy.com/research/study-with-me-youtube-channels/,2026-08-31,Not Contacted,Publicly listed creator/channel from 2026 niche directory. Verify current business email/DM from creator channel About/profile before sending.,,,,,,,,,,,,
Affiliate,Study with Yoo,Study / Productivity,springofyoo@gmail.com,Email,https://www.youtube.com/watch?v=UiTvBUCdhGE,https://www.youtube.com/watch?v=UiTvBUCdhGE,10,36.7K,"Creator has explicitly made content about studying, productivity, distraction or digital minimalism.","Reference the specific video, offer lifetime Pro with no posting obligation, then mention affiliate upside if they genuinely like it.",https://www.youtube.com/watch?v=UiTvBUCdhGE,2026-08-31,Not Contacted,Direct public contact surfaced in video description/search result.,,,,,,,,,,,,
Affiliate,harshibar,Study / Productivity,Instagram DM @harshibar,Instagram,https://www.youtube.com/watch?v=FcG4hT1gMEM,https://www.youtube.com/watch?v=FcG4hT1gMEM,9,86.9K,"Creator has explicitly made content about studying, productivity, distraction or digital minimalism.","Reference the specific video, offer lifetime Pro with no posting obligation, then mention affiliate upside if they genuinely like it.",https://www.youtube.com/watch?v=FcG4hT1gMEM,2026-08-31,Not Contacted,Direct public contact surfaced in video description/search result.,,,,,,,,,,,,
Affiliate,Better Creating,Study / Productivity,Instagram DM @bettercreating,Instagram,https://www.youtube.com/watch?v=U7SG8UrTt4w,https://www.youtube.com/watch?v=U7SG8UrTt4w,9,258K,"Creator has explicitly made content about studying, productivity, distraction or digital minimalism.","Reference the specific video, offer lifetime Pro with no posting obligation, then mention affiliate upside if they genuinely like it.",https://www.youtube.com/watch?v=U7SG8UrTt4w,2026-08-31,Not Contacted,Direct public contact surfaced in video description/search result.,,,,,,,,,,,,
Initial User Gatekeeper,,Hackathon Organizer,Organizer contact / partnership route on event website,Website / contact form,https://s3.hackprix.tech,,,,,,https://www.mlh.com/seasons/2027/events,2026-08-31,Not Contacted,Event name/location/site verified on MLH season schedule; use event site's current contact/team page.,HackPrix Season 3,,Major League Hacking member event,"Hyderabad, Telangana, IN",,https://s3.hackprix.tech,"Hackathon attendees are laptop-heavy student builders who work in long, distraction-prone sessions.",Developer Deep-Work Challenge: give attendees free Pro for a 7-day build sprint.,Would you be open to sharing a free 7-day focus challenge with participants?,8,10,9
Initial User Gatekeeper,,Hackathon Organizer,Organizer contact / partnership route on event website,Website / contact form,https://jamhacks.ca,,,,,,https://www.mlh.com/seasons/2027/events,2026-08-31,Not Contacted,Event name/location/site verified on MLH season schedule; use event site's current contact/team page.,JAMHacks 10,,Major League Hacking member event,"Waterloo, Ontario, CA",,https://jamhacks.ca,"Hackathon attendees are laptop-heavy student builders who work in long, distraction-prone sessions.",Developer Deep-Work Challenge: give attendees free Pro for a 7-day build sprint.,Would you be open to sharing a free 7-day focus challenge with participants?,8,10,9
Initial User Gatekeeper,,Hackathon Organizer,Organizer contact / partnership route on event website,Website / contact form,https://events.mlh.io,,,,,,https://www.mlh.com/seasons/2027/events,2026-08-31,Not Contacted,Event name/location/site verified on MLH season schedule; use event site's current contact/team page.,Global Hack Week: Hacking for Good,,Major League Hacking member event,Worldwide,,https://events.mlh.io,"Hackathon attendees are laptop-heavy student builders who work in long, distraction-prone sessions.",Developer Deep-Work Challenge: give attendees free Pro for a 7-day build sprint.,Would you be open to sharing a free 7-day focus challenge with participants?,8,10,9
Initial User Gatekeeper,,Hackathon Organizer,Organizer contact / partnership route on event website,Website / contact form,https://www.hack4her.com,,,,,,https://www.mlh.com/seasons/2027/events,2026-08-31,Not Contacted,Event name/location/site verified on MLH season schedule; use event site's current contact/team page.,Hack4Her,,Major League Hacking member event,"Monterrey, Nuevo Leon, MX",,https://www.hack4her.com,"Hackathon attendees are laptop-heavy student builders who work in long, distraction-prone sessions.",Developer Deep-Work Challenge: give attendees free Pro for a 7-day build sprint.,Would you be open to sharing a free 7-day focus challenge with participants?,8,10,9
Initial User Gatekeeper,,Hackathon Organizer,Organizer contact / partnership route on event website,Website / contact form,https://mpchacks.com,,,,,,https://www.mlh.com/seasons/2027/events,2026-08-31,Not Contacted,Event name/location/site verified on MLH season schedule; use event site's current contact/team page.,MPC Hacks,,Major League Hacking member event,"Montreal, Quebec, CA",,https://mpchacks.com,"Hackathon attendees are laptop-heavy student builders who work in long, distraction-prone sessions.",Developer Deep-Work Challenge: give attendees free Pro for a 7-day build sprint.,Would you be open to sharing a free 7-day focus challenge with participants?,8,10,9
Initial User Gatekeeper,,Hackathon Organizer,Organizer contact / partnership route on event website,Website / contact form,https://www.quackhacks.org,,,,,,https://www.mlh.com/seasons/2027/events,2026-08-31,Not Contacted,Event name/location/site verified on MLH season schedule; use event site's current contact/team page.,Quackhacks 3,,Major League Hacking member event,"Eugene, Oregon, US",,https://www.quackhacks.org,"Hackathon attendees are laptop-heavy student builders who work in long, distraction-prone sessions.",Developer Deep-Work Challenge: give attendees free Pro for a 7-day build sprint.,Would you be open to sharing a free 7-day focus challenge with participants?,8,10,9
Initial User Gatekeeper,,Hackathon Organizer,Organizer contact / partnership route on event website,Website / contact form,https://hackhcc.org,,,,,,https://www.mlh.com/seasons/2027/events,2026-08-31,Not Contacted,Event name/location/site verified on MLH season schedule; use event site's current contact/team page.,HackHCC,,Major League Hacking member event,"Houston, TX, US",,https://hackhcc.org,"Hackathon attendees are laptop-heavy student builders who work in long, distraction-prone sessions.",Developer Deep-Work Challenge: give attendees free Pro for a 7-day build sprint.,Would you be open to sharing a free 7-day focus challenge with participants?,8,10,9
Initial User Gatekeeper,,Hackathon Organizer,Organizer contact / partnership route on event website,Website / contact form,https://www.designverseucr.org,,,,,,https://www.mlh.com/seasons/2027/events,2026-08-31,Not Contacted,Event name/location/site verified on MLH season schedule; use event site's current contact/team page.,DesignVerse,,Major League Hacking member event,"Riverside, California, US",,https://www.designverseucr.org,"Hackathon attendees are laptop-heavy student builders who work in long, distraction-prone sessions.",Developer Deep-Work Challenge: give attendees free Pro for a 7-day build sprint.,Would you be open to sharing a free 7-day focus challenge with participants?,8,10,9
Initial User Gatekeeper,,Hackathon Organizer,Organizer contact / partnership route on event website,Website / contact form,https://events.mlh.io,,,,,,https://www.mlh.com/seasons/2027/events,2026-08-31,Not Contacted,Event name/location/site verified on MLH season schedule; use event site's current contact/team page.,Midnight Hackathon,,Major League Hacking member event,Worldwide,,https://events.mlh.io,"Hackathon attendees are laptop-heavy student builders who work in long, distraction-prone sessions.",Developer Deep-Work Challenge: give attendees free Pro for a 7-day build sprint.,Would you be open to sharing a free 7-day focus challenge with participants?,8,10,9
Initial User Gatekeeper,,Hackathon Organizer,Organizer contact / partnership route on event website,Website / contact form,https://www.kenthackit.co.uk,,,,,,https://www.mlh.com/seasons/2027/events,2026-08-31,Not Contacted,Event name/location/site verified on MLH season schedule; use event site's current contact/team page.,KentHackIt,,Major League Hacking member event,"Canterbury, Kent, GB",,https://www.kenthackit.co.uk,"Hackathon attendees are laptop-heavy student builders who work in long, distraction-prone sessions.",Developer Deep-Work Challenge: give attendees free Pro for a 7-day build sprint.,Would you be open to sharing a free 7-day focus challenge with participants?,8,10,9
Initial User Gatekeeper,,Hackathon Organizer,Organizer contact / partnership route on event website,Website / contact form,https://masseyhacks.ca,,,,,,https://www.mlh.com/seasons/2027/events,2026-08-31,Not Contacted,Event name/location/site verified on MLH season schedule; use event site's current contact/team page.,MasseyHacks,,Major League Hacking member event,"Windsor, Ontario, CA",,https://masseyhacks.ca,"Hackathon attendees are laptop-heavy student builders who work in long, distraction-prone sessions.",Developer Deep-Work Challenge: give attendees free Pro for a 7-day build sprint.,Would you be open to sharing a free 7-day focus challenge with participants?,8,10,9
Initial User Gatekeeper,,Hackathon Organizer,Organizer contact / partnership route on event website,Website / contact form,https://www.interhackbcn.com,,,,,,https://www.mlh.com/seasons/2027/events,2026-08-31,Not Contacted,Event name/location/site verified on MLH season schedule; use event site's current contact/team page.,INTERHACK BCN,,Major League Hacking member event,"Barcelona, ES",,https://www.interhackbcn.com,"Hackathon attendees are laptop-heavy student builders who work in long, distraction-prone sessions.",Developer Deep-Work Challenge: give attendees free Pro for a 7-day build sprint.,Would you be open to sharing a free 7-day focus challenge with participants?,8,10,9
Initial User Gatekeeper,,Hackathon Organizer,Organizer contact / partnership route on event website,Website / contact form,https://hackdavis.io,,,,,,https://www.mlh.com/seasons/2027/events,2026-08-31,Not Contacted,Event name/location/site verified on MLH season schedule; use event site's current contact/team page.,HackDavis,,Major League Hacking member event,"Davis, California, US",,https://hackdavis.io,"Hackathon attendees are laptop-heavy student builders who work in long, distraction-prone sessions.",Developer Deep-Work Challenge: give attendees free Pro for a 7-day build sprint.,Would you be open to sharing a free 7-day focus challenge with participants?,8,10,9
Initial User Gatekeeper,,Hackathon Organizer,Organizer contact / partnership route on event website,Website / contact form,https://nmithacks.com,,,,,,https://www.mlh.com/seasons/2027/events,2026-08-31,Not Contacted,Event name/location/site verified on MLH season schedule; use event site's current contact/team page.,NMIT Hacks,,Major League Hacking member event,"Bengaluru, Karnataka, IN",,https://nmithacks.com,"Hackathon attendees are laptop-heavy student builders who work in long, distraction-prone sessions.",Developer Deep-Work Challenge: give attendees free Pro for a 7-day build sprint.,Would you be open to sharing a free 7-day focus challenge with participants?,8,10,9
Initial User Gatekeeper,,Hackathon Organizer,Organizer contact / partnership route on event website,Website / contact form,https://events.mlh.io,,,,,,https://www.mlh.com/seasons/2027/events,2026-08-31,Not Contacted,Event name/location/site verified on MLH season schedule; use event site's current contact/team page.,Global Hack Week: GenAI,,Major League Hacking member event,Worldwide,,https://events.mlh.io,"Hackathon attendees are laptop-heavy student builders who work in long, distraction-prone sessions.",Developer Deep-Work Challenge: give attendees free Pro for a 7-day build sprint.,Would you be open to sharing a free 7-day focus challenge with participants?,8,10,9
Initial User Gatekeeper,,Hackathon Organizer,Organizer contact / partnership route on event website,Website / contact form,https://conhacks.io,,,,,,https://www.mlh.com/seasons/2027/events,2026-08-31,Not Contacted,Event name/location/site verified on MLH season schedule; use event site's current contact/team page.,ConHacks,,Major League Hacking member event,"Waterloo, Ontario, CA",,https://conhacks.io,"Hackathon attendees are laptop-heavy student builders who work in long, distraction-prone sessions.",Developer Deep-Work Challenge: give attendees free Pro for a 7-day build sprint.,Would you be open to sharing a free 7-day focus challenge with participants?,8,10,9
Initial User Gatekeeper,,Hackathon Organizer,Organizer contact / partnership route on event website,Website / contact form,https://www.hackabull.com,,,,,,https://www.mlh.com/seasons/2027/events,2026-08-31,Not Contacted,Event name/location/site verified on MLH season schedule; use event site's current contact/team page.,Hackabull,,Major League Hacking member event,"Tampa, Florida, US",,https://www.hackabull.com,"Hackathon attendees are laptop-heavy student builders who work in long, distraction-prone sessions.",Developer Deep-Work Challenge: give attendees free Pro for a 7-day build sprint.,Would you be open to sharing a free 7-day focus challenge with participants?,8,10,9
Initial User Gatekeeper,,Hackathon Organizer,Organizer contact / partnership route on event website,Website / contact form,https://www.keanuhackthis.com,,,,,,https://www.mlh.com/seasons/2027/events,2026-08-31,Not Contacted,Event name/location/site verified on MLH season schedule; use event site's current contact/team page.,KeanUHackThis,,Major League Hacking member event,"Union, New Jersey, US",,https://www.keanuhackthis.com,"Hackathon attendees are laptop-heavy student builders who work in long, distraction-prone sessions.",Developer Deep-Work Challenge: give attendees free Pro for a 7-day build sprint.,Would you be open to sharing a free 7-day focus challenge with participants?,8,10,9
Initial User Gatekeeper,,Hackathon Organizer,Organizer contact / partnership route on event website,Website / contact form,https://www.broncohacks.org,,,,,,https://www.mlh.com/seasons/2027/events,2026-08-31,Not Contacted,Event name/location/site verified on MLH season schedule; use event site's current contact/team page.,BroncoHacks,,Major League Hacking member event,"Pomona, California, US",,https://www.broncohacks.org,"Hackathon attendees are laptop-heavy student builders who work in long, distraction-prone sessions.",Developer Deep-Work Challenge: give attendees free Pro for a 7-day build sprint.,Would you be open to sharing a free 7-day focus challenge with participants?,8,10,9
Initial User Gatekeeper,,Hackathon Organizer,Organizer contact / partnership route on event website,Website / contact form,https://hack.arizona.edu,,,,,,https://www.mlh.com/seasons/2027/events,2026-08-31,Not Contacted,Event name/location/site verified on MLH season schedule; use event site's current contact/team page.,Hack Arizona,,Major League Hacking member event,"Tucson, Arizona, US",,https://hack.arizona.edu,"Hackathon attendees are laptop-heavy student builders who work in long, distraction-prone sessions.",Developer Deep-Work Challenge: give attendees free Pro for a 7-day build sprint.,Would you be open to sharing a free 7-day focus challenge with participants?,8,10,9
Initial User Gatekeeper,,Hackathon Organizer,Organizer contact / partnership route on event website,Website / contact form,https://www.bearhacks.com,,,,,,https://www.mlh.com/seasons/2027/events,2026-08-31,Not Contacted,Event name/location/site verified on MLH season schedule; use event site's current contact/team page.,BearHacks,,Major League Hacking member event,"Mississauga, Ontario, CA",,https://www.bearhacks.com,"Hackathon attendees are laptop-heavy student builders who work in long, distraction-prone sessions.",Developer Deep-Work Challenge: give attendees free Pro for a 7-day build sprint.,Would you be open to sharing a free 7-day focus challenge with participants?,8,10,9
Initial User Gatekeeper,,Hackathon Organizer,Organizer contact / partnership route on event website,Website / contact form,https://hack.caltech.edu,,,,,,https://www.mlh.com/seasons/2027/events,2026-08-31,Not Contacted,Event name/location/site verified on MLH season schedule; use event site's current contact/team page.,Hacktech,,Major League Hacking member event,"Pasadena, California, US",,https://hack.caltech.edu,"Hackathon attendees are laptop-heavy student builders who work in long, distraction-prone sessions.",Developer Deep-Work Challenge: give attendees free Pro for a 7-day build sprint.,Would you be open to sharing a free 7-day focus challenge with participants?,8,10,9
Initial User Gatekeeper,,Hackathon Organizer,Organizer contact / partnership route on event website,Website / contact form,https://hackupc.com,,,,,,https://www.mlh.com/seasons/2027/events,2026-08-31,Not Contacted,Event name/location/site verified on MLH season schedule; use event site's current contact/team page.,HackUPC,,Major League Hacking member event,"Barcelona, Catalonia, ES",,https://hackupc.com,"Hackathon attendees are laptop-heavy student builders who work in long, distraction-prone sessions.",Developer Deep-Work Challenge: give attendees free Pro for a 7-day build sprint.,Would you be open to sharing a free 7-day focus challenge with participants?,8,10,9
Initial User Gatekeeper,,Hackathon Organizer,Organizer contact / partnership route on event website,Website / contact form,https://lahacks.com,,,,,,https://www.mlh.com/seasons/2027/events,2026-08-31,Not Contacted,Event name/location/site verified on MLH season schedule; use event site's current contact/team page.,LA Hacks,,Major League Hacking member event,"Los Angeles, California, US",,https://lahacks.com,"Hackathon attendees are laptop-heavy student builders who work in long, distraction-prone sessions.",Developer Deep-Work Challenge: give attendees free Pro for a 7-day build sprint.,Would you be open to sharing a free 7-day focus challenge with participants?,8,10,9
Initial User Gatekeeper,,Hackathon Organizer,Organizer contact / partnership route on event website,Website / contact form,https://hackrice.com,,,,,,https://www.mlh.com/seasons/2027/events,2026-08-31,Not Contacted,Event name/location/site verified on MLH season schedule; use event site's current contact/team page.,HackRice,,Major League Hacking member event,"Houston, Texas, US",,https://hackrice.com,"Hackathon attendees are laptop-heavy student builders who work in long, distraction-prone sessions.",Developer Deep-Work Challenge: give attendees free Pro for a 7-day build sprint.,Would you be open to sharing a free 7-day focus challenge with participants?,8,10,9
Initial User Gatekeeper,,Hackathon Organizer,Organizer contact / partnership route on event website,Website / contact form,https://hackmty.com,,,,,,https://www.mlh.com/seasons/2027/events,2026-08-31,Not Contacted,Event name/location/site verified on MLH season schedule; use event site's current contact/team page.,HackMTY,,Major League Hacking member event,"Monterrey, Nuevo Leon, MX",,https://hackmty.com,"Hackathon attendees are laptop-heavy student builders who work in long, distraction-prone sessions.",Developer Deep-Work Challenge: give attendees free Pro for a 7-day build sprint.,Would you be open to sharing a free 7-day focus challenge with participants?,8,10,9
Initial User Gatekeeper,,Hackathon Organizer,Organizer contact / partnership route on event website,Website / contact form,https://hackwestx.gdgttu.com,,,,,,https://www.mlh.com/seasons/2027/events,2026-08-31,Not Contacted,Event name/location/site verified on MLH season schedule; use event site's current contact/team page.,HackWesTX,,Major League Hacking member event,"Lubbock, Texas, US",,https://hackwestx.gdgttu.com,"Hackathon attendees are laptop-heavy student builders who work in long, distraction-prone sessions.",Developer Deep-Work Challenge: give attendees free Pro for a 7-day build sprint.,Would you be open to sharing a free 7-day focus challenge with participants?,8,10,9
Initial User Gatekeeper,,Hackathon Organizer,Organizer contact / partnership route on event website,Website / contact form,https://hackhers.club,,,,,,https://www.mlh.com/seasons/2027/events,2026-08-31,Not Contacted,Event name/location/site verified on MLH season schedule; use event site's current contact/team page.,HackHers @GSU,,Major League Hacking member event,"Atlanta, Georgia, US",,https://hackhers.club,"Hackathon attendees are laptop-heavy student builders who work in long, distraction-prone sessions.",Developer Deep-Work Challenge: give attendees free Pro for a 7-day build sprint.,Would you be open to sharing a free 7-day focus challenge with participants?,8,10,9
Initial User Gatekeeper,,Hackathon Organizer,Organizer contact / partnership route on event website,Website / contact form,https://hackthenorth.com,,,,,,https://www.mlh.com/seasons/2027/events,2026-08-31,Not Contacted,Event name/location/site verified on MLH season schedule; use event site's current contact/team page.,Hack the North,,Major League Hacking member event,"Waterloo, Ontario, CA",,https://hackthenorth.com,"Hackathon attendees are laptop-heavy student builders who work in long, distraction-prone sessions.",Developer Deep-Work Challenge: give attendees free Pro for a 7-day build sprint.,Would you be open to sharing a free 7-day focus challenge with participants?,8,10,9
Initial User Gatekeeper,,Hackathon Organizer,Organizer contact / partnership route on event website,Website / contact form,https://vthacks.com,,,,,,https://www.mlh.com/seasons/2027/events,2026-08-31,Not Contacted,Event name/location/site verified on MLH season schedule; use event site's current contact/team page.,VTHacks,,Major League Hacking member event,"Blacksburg, Virginia, US",,https://vthacks.com,"Hackathon attendees are laptop-heavy student builders who work in long, distraction-prone sessions.",Developer Deep-Work Challenge: give attendees free Pro for a 7-day build sprint.,Would you be open to sharing a free 7-day focus challenge with participants?,8,10,9
Initial User Gatekeeper,,Hackathon Organizer,Organizer contact / partnership route on event website,Website / contact form,https://www.hophacks.com,,,,,,https://www.mlh.com/seasons/2027/events,2026-08-31,Not Contacted,Event name/location/site verified on MLH season schedule; use event site's current contact/team page.,HopHacks,,Major League Hacking member event,"Baltimore, Maryland, US",,https://www.hophacks.com,"Hackathon attendees are laptop-heavy student builders who work in long, distraction-prone sessions.",Developer Deep-Work Challenge: give attendees free Pro for a 7-day build sprint.,Would you be open to sharing a free 7-day focus challenge with participants?,8,10,9
Initial User Gatekeeper,,Hackathon Organizer,Organizer contact / partnership route on event website,Website / contact form,https://steelhacks.org,,,,,,https://www.mlh.com/seasons/2027/events,2026-08-31,Not Contacted,Event name/location/site verified on MLH season schedule; use event site's current contact/team page.,SteelHacks,,Major League Hacking member event,"Pittsburgh, Pennsylvania, US",,https://steelhacks.org,"Hackathon attendees are laptop-heavy student builders who work in long, distraction-prone sessions.",Developer Deep-Work Challenge: give attendees free Pro for a 7-day build sprint.,Would you be open to sharing a free 7-day focus challenge with participants?,8,10,9
Initial User Gatekeeper,,Hackathon Organizer,Organizer contact / partnership route on event website,Website / contact form,https://andhacks.cs.wm.edu,,,,,,https://www.mlh.com/seasons/2027/events,2026-08-31,Not Contacted,Event name/location/site verified on MLH season schedule; use event site's current contact/team page.,&HACKS,,Major League Hacking member event,"Williamsburg, Virginia, US",,https://andhacks.cs.wm.edu,"Hackathon attendees are laptop-heavy student builders who work in long, distraction-prone sessions.",Developer Deep-Work Challenge: give attendees free Pro for a 7-day build sprint.,Would you be open to sharing a free 7-day focus challenge with participants?,8,10,9
Initial User Gatekeeper,,Hackathon Organizer,Organizer contact / partnership route on event website,Website / contact form,https://innovocon.online,,,,,,https://www.mlh.com/seasons/2027/events,2026-08-31,Not Contacted,Event name/location/site verified on MLH season schedule; use event site's current contact/team page.,HackNex,,Major League Hacking member event,"Kalyani, West Bengal, IN",,https://innovocon.online,"Hackathon attendees are laptop-heavy student builders who work in long, distraction-prone sessions.",Developer Deep-Work Challenge: give attendees free Pro for a 7-day build sprint.,Would you be open to sharing a free 7-day focus challenge with participants?,8,10,9
Initial User Gatekeeper,,Hackathon Organizer,Organizer contact / partnership route on event website,Website / contact form,https://hack.gt,,,,,,https://www.mlh.com/seasons/2027/events,2026-08-31,Not Contacted,Event name/location/site verified on MLH season schedule; use event site's current contact/team page.,HackGT,,Major League Hacking member event,"Atlanta, Georgia, US",,https://hack.gt,"Hackathon attendees are laptop-heavy student builders who work in long, distraction-prone sessions.",Developer Deep-Work Challenge: give attendees free Pro for a 7-day build sprint.,Would you be open to sharing a free 7-day focus challenge with participants?,8,10,9
Initial User Gatekeeper,,Hackathon Organizer,Organizer contact / partnership route on event website,Website / contact form,https://shellhacks.net,,,,,,https://www.mlh.com/seasons/2027/events,2026-08-31,Not Contacted,Event name/location/site verified on MLH season schedule; use event site's current contact/team page.,ShellHacks,,Major League Hacking member event,"Miami, Florida, US",,https://shellhacks.net,"Hackathon attendees are laptop-heavy student builders who work in long, distraction-prone sessions.",Developer Deep-Work Challenge: give attendees free Pro for a 7-day build sprint.,Would you be open to sharing a free 7-day focus challenge with participants?,8,10,9
Initial User Gatekeeper,,Hackathon Organizer,Organizer contact / partnership route on event website,Website / contact form,https://www.columbiadivhacks.org,,,,,,https://www.mlh.com/seasons/2027/events,2026-08-31,Not Contacted,Event name/location/site verified on MLH season schedule; use event site's current contact/team page.,DivHacks,,Major League Hacking member event,"New York, NY, US",,https://www.columbiadivhacks.org,"Hackathon attendees are laptop-heavy student builders who work in long, distraction-prone sessions.",Developer Deep-Work Challenge: give attendees free Pro for a 7-day build sprint.,Would you be open to sharing a free 7-day focus challenge with participants?,8,10,9
Initial User Gatekeeper,,Hackathon Organizer,Organizer contact / partnership route on event website,Website / contact form,https://www.owlhacks.com,,,,,,https://www.mlh.com/seasons/2027/events,2026-08-31,Not Contacted,Event name/location/site verified on MLH season schedule; use event site's current contact/team page.,OwlHacks,,Major League Hacking member event,"Philadelphia, Pennsylvania, US",,https://www.owlhacks.com,"Hackathon attendees are laptop-heavy student builders who work in long, distraction-prone sessions.",Developer Deep-Work Challenge: give attendees free Pro for a 7-day build sprint.,Would you be open to sharing a free 7-day focus challenge with participants?,8,10,9
Initial User Gatekeeper,,Hackathon Organizer,Organizer contact / partnership route on event website,Website / contact form,https://hackumbc.tech,,,,,,https://www.mlh.com/seasons/2027/events,2026-08-31,Not Contacted,Event name/location/site verified on MLH season schedule; use event site's current contact/team page.,hackUMBC,,Major League Hacking member event,"Baltimore, Maryland, US",,https://hackumbc.tech,"Hackathon attendees are laptop-heavy student builders who work in long, distraction-prone sessions.",Developer Deep-Work Challenge: give attendees free Pro for a 7-day build sprint.,Would you be open to sharing a free 7-day focus challenge with participants?,8,10,9
Initial User Gatekeeper,,Hackathon Organizer,Organizer contact / partnership route on event website,Website / contact form,https://www.bigredhacks.com,,,,,,https://www.mlh.com/seasons/2027/events,2026-08-31,Not Contacted,Event name/location/site verified on MLH season schedule; use event site's current contact/team page.,BigRed//Hacks,,Major League Hacking member event,"Ithaca, New York, US",,https://www.bigredhacks.com,"Hackathon attendees are laptop-heavy student builders who work in long, distraction-prone sessions.",Developer Deep-Work Challenge: give attendees free Pro for a 7-day build sprint.,Would you be open to sharing a free 7-day focus challenge with participants?,8,10,9
Initial User Gatekeeper,,Hackathon Organizer,Organizer contact / partnership route on event website,Website / contact form,https://rowdyhacks.org,,,,,,https://www.mlh.com/seasons/2027/events,2026-08-31,Not Contacted,Event name/location/site verified on MLH season schedule; use event site's current contact/team page.,Rowdy Hacks,,Major League Hacking member event,"San Antonio, Texas, US",,https://rowdyhacks.org,"Hackathon attendees are laptop-heavy student builders who work in long, distraction-prone sessions.",Developer Deep-Work Challenge: give attendees free Pro for a 7-day build sprint.,Would you be open to sharing a free 7-day focus challenge with participants?,8,10,9
Initial User Gatekeeper,,Hackathon Organizer,Organizer contact / partnership route on event website,Website / contact form,https://www.hackdearborn.org,,,,,,https://www.mlh.com/seasons/2027/events,2026-08-31,Not Contacted,Event name/location/site verified on MLH season schedule; use event site's current contact/team page.,Hack Dearborn,,Major League Hacking member event,"Dearborn, Michigan, US",,https://www.hackdearborn.org,"Hackathon attendees are laptop-heavy student builders who work in long, distraction-prone sessions.",Developer Deep-Work Challenge: give attendees free Pro for a 7-day build sprint.,Would you be open to sharing a free 7-day focus challenge with participants?,8,10,9
Initial User Gatekeeper,,Hackathon Organizer,Organizer contact / partnership route on event website,Website / contact form,https://www.mhacks.org,,,,,,https://www.mlh.com/seasons/2027/events,2026-08-31,Not Contacted,Event name/location/site verified on MLH season schedule; use event site's current contact/team page.,MHacks,,Major League Hacking member event,"Ann Arbor, Michigan, US",,https://www.mhacks.org,"Hackathon attendees are laptop-heavy student builders who work in long, distraction-prone sessions.",Developer Deep-Work Challenge: give attendees free Pro for a 7-day build sprint.,Would you be open to sharing a free 7-day focus challenge with participants?,8,10,9
Initial User Gatekeeper,,Hackathon Organizer,Organizer contact / partnership route on event website,Website / contact form,https://www.njitgirlhacks.com,,,,,,https://www.mlh.com/seasons/2027/events,2026-08-31,Not Contacted,Event name/location/site verified on MLH season schedule; use event site's current contact/team page.,GirlHacks,,Major League Hacking member event,"Newark, New Jersey, US",,https://www.njitgirlhacks.com,"Hackathon attendees are laptop-heavy student builders who work in long, distraction-prone sessions.",Developer Deep-Work Challenge: give attendees free Pro for a 7-day build sprint.,Would you be open to sharing a free 7-day focus challenge with participants?,8,10,9
Initial User Gatekeeper,,Hackathon Organizer,Organizer contact / partnership route on event website,Website / contact form,https://innohacks.live,,,,,,https://www.mlh.com/seasons/2027/events,2026-08-31,Not Contacted,Event name/location/site verified on MLH season schedule; use event site's current contact/team page.,Innohacks,,Major League Hacking member event,"Ghaziabad, Uttar Pradesh, IN",,https://innohacks.live,"Hackathon attendees are laptop-heavy student builders who work in long, distraction-prone sessions.",Developer Deep-Work Challenge: give attendees free Pro for a 7-day build sprint.,Would you be open to sharing a free 7-day focus challenge with participants?,8,10,9
Initial User Gatekeeper,,Hackathon Organizer,Organizer contact / partnership route on event website,Website / contact form,https://hack.sbcs.io,,,,,,https://www.mlh.com/seasons/2027/events,2026-08-31,Not Contacted,Event name/location/site verified on MLH season schedule; use event site's current contact/team page.,SBUHacks,,Major League Hacking member event,"Stony Brook, New York, US",,https://hack.sbcs.io,"Hackathon attendees are laptop-heavy student builders who work in long, distraction-prone sessions.",Developer Deep-Work Challenge: give attendees free Pro for a 7-day build sprint.,Would you be open to sharing a free 7-day focus challenge with participants?,8,10,9
Initial User Gatekeeper,,Hackathon Organizer,Organizer contact / partnership route on event website,Website / contact form,https://hacknc.com,,,,,,https://www.mlh.com/seasons/2027/events,2026-08-31,Not Contacted,Event name/location/site verified on MLH season schedule; use event site's current contact/team page.,HackNC,,Major League Hacking member event,"Chapel Hill, North Carolina, US",,https://hacknc.com,"Hackathon attendees are laptop-heavy student builders who work in long, distraction-prone sessions.",Developer Deep-Work Challenge: give attendees free Pro for a 7-day build sprint.,Would you be open to sharing a free 7-day focus challenge with participants?,8,10,9
Initial User Gatekeeper,,Hackathon Organizer,Organizer contact / partnership route on event website,Website / contact form,https://hackknight.org,,,,,,https://www.mlh.com/seasons/2027/events,2026-08-31,Not Contacted,Event name/location/site verified on MLH season schedule; use event site's current contact/team page.,Hack Knight,,Major League Hacking member event,"Flushing, New York, US",,https://hackknight.org,"Hackathon attendees are laptop-heavy student builders who work in long, distraction-prone sessions.",Developer Deep-Work Challenge: give attendees free Pro for a 7-day build sprint.,Would you be open to sharing a free 7-day focus challenge with participants?,8,10,9
Initial User Gatekeeper,,Hackathon Organizer,Organizer contact / partnership route on event website,Website / contact form,https://2026.knighthacks.org,,,,,,https://www.mlh.com/seasons/2027/events,2026-08-31,Not Contacted,Event name/location/site verified on MLH season schedule; use event site's current contact/team page.,Knight Hacks,,Major League Hacking member event,"Orlando, Florida, US",,https://2026.knighthacks.org,"Hackathon attendees are laptop-heavy student builders who work in long, distraction-prone sessions.",Developer Deep-Work Challenge: give attendees free Pro for a 7-day build sprint.,Would you be open to sharing a free 7-day focus challenge with participants?,8,10,9
Initial User Gatekeeper,,Hackathon Organizer,Organizer contact / partnership route on event website,Website / contact form,https://uhcode.red,,,,,,https://www.mlh.com/seasons/2027/events,2026-08-31,Not Contacted,Event name/location/site verified on MLH season schedule; use event site's current contact/team page.,CodeRED Orion,,Major League Hacking member event,"Houston, Texas, US",,https://uhcode.red,"Hackathon attendees are laptop-heavy student builders who work in long, distraction-prone sessions.",Developer Deep-Work Challenge: give attendees free Pro for a 7-day build sprint.,Would you be open to sharing a free 7-day focus challenge with participants?,8,10,9
Initial User Gatekeeper,,Hackathon Organizer,Organizer contact / partnership route on event website,Website / contact form,https://swamphacks.com,,,,,,https://www.mlh.com/seasons/2027/events,2026-08-31,Not Contacted,Event name/location/site verified on MLH season schedule; use event site's current contact/team page.,SwampHacks,,Major League Hacking member event,"Gainesville, Florida, US",,https://swamphacks.com,"Hackathon attendees are laptop-heavy student builders who work in long, distraction-prone sessions.",Developer Deep-Work Challenge: give attendees free Pro for a 7-day build sprint.,Would you be open to sharing a free 7-day focus challenge with participants?,8,10,9
Initial User Gatekeeper,,Hackathon Organizer,Organizer contact / partnership route on event website,Website / contact form,https://hackthevalley.io,,,,,,https://www.mlh.com/seasons/2027/events,2026-08-31,Not Contacted,Event name/location/site verified on MLH season schedule; use event site's current contact/team page.,Hack the Valley,,Major League Hacking member event,"Scarborough, Ontario, CA",,https://hackthevalley.io,"Hackathon attendees are laptop-heavy student builders who work in long, distraction-prone sessions.",Developer Deep-Work Challenge: give attendees free Pro for a 7-day build sprint.,Would you be open to sharing a free 7-day focus challenge with participants?,8,10,9
Initial User Gatekeeper,,Hackathon Organizer,Organizer contact / partnership route on event website,Website / contact form,https://ai.lahacks.com,,,,,,https://www.mlh.com/seasons/2027/events,2026-08-31,Not Contacted,Event name/location/site verified on MLH season schedule; use event site's current contact/team page.,LA Hacks AI Hackathon,,Major League Hacking member event,"Los Angeles, California, US",,https://ai.lahacks.com,"Hackathon attendees are laptop-heavy student builders who work in long, distraction-prone sessions.",Developer Deep-Work Challenge: give attendees free Pro for a 7-day build sprint.,Would you be open to sharing a free 7-day focus challenge with participants?,8,10,9
Initial User Gatekeeper,,Hackathon Organizer,Organizer contact / partnership route on event website,Website / contact form,https://hacktx.com,,,,,,https://www.mlh.com/seasons/2027/events,2026-08-31,Not Contacted,Event name/location/site verified on MLH season schedule; use event site's current contact/team page.,HackTX,,Major League Hacking member event,"Austin, Texas, US",,https://hacktx.com,"Hackathon attendees are laptop-heavy student builders who work in long, distraction-prone sessions.",Developer Deep-Work Challenge: give attendees free Pro for a 7-day build sprint.,Would you be open to sharing a free 7-day focus challenge with participants?,8,10,9
Initial User Gatekeeper,,Hackathon Organizer,Organizer contact / partnership route on event website,Website / contact form,https://hackcbs.tech,,,,,,https://www.mlh.com/seasons/2027/events,2026-08-31,Not Contacted,Event name/location/site verified on MLH season schedule; use event site's current contact/team page.,hackCBS,,Major League Hacking member event,"New Delhi, IN",,https://hackcbs.tech,"Hackathon attendees are laptop-heavy student builders who work in long, distraction-prone sessions.",Developer Deep-Work Challenge: give attendees free Pro for a 7-day build sprint.,Would you be open to sharing a free 7-day focus challenge with participants?,8,10,9
Initial User Gatekeeper,,Hackathon Organizer,Organizer contact / partnership route on event website,Website / contact form,https://zeroday.hackutd.co,,,,,,https://www.mlh.com/seasons/2027/events,2026-08-31,Not Contacted,Event name/location/site verified on MLH season schedule; use event site's current contact/team page.,HackUTD,,Major League Hacking member event,"Richardson, Texas, US",,https://zeroday.hackutd.co,"Hackathon attendees are laptop-heavy student builders who work in long, distraction-prone sessions.",Developer Deep-Work Challenge: give attendees free Pro for a 7-day build sprint.,Would you be open to sharing a free 7-day focus challenge with participants?,8,10,9
Initial User Gatekeeper,,Hackathon Organizer,Organizer contact / partnership route on event website,Website / contact form,https://v0-curc-makecu.vercel.app,,,,,,https://www.mlh.com/seasons/2027/events,2026-08-31,Not Contacted,Event name/location/site verified on MLH season schedule; use event site's current contact/team page.,MakeCU,,Major League Hacking member event,"New York, New York, US",,https://v0-curc-makecu.vercel.app,"Hackathon attendees are laptop-heavy student builders who work in long, distraction-prone sessions.",Developer Deep-Work Challenge: give attendees free Pro for a 7-day build sprint.,Would you be open to sharing a free 7-day focus challenge with participants?,8,10,9
Initial User Gatekeeper,,Hackathon Organizer,Organizer contact / partnership route on event website,Website / contact form,https://hackrpi.com,,,,,,https://www.mlh.com/seasons/2027/events,2026-08-31,Not Contacted,Event name/location/site verified on MLH season schedule; use event site's current contact/team page.,HackRPI,,Major League Hacking member event,"Troy, New York, US",,https://hackrpi.com,"Hackathon attendees are laptop-heavy student builders who work in long, distraction-prone sessions.",Developer Deep-Work Challenge: give attendees free Pro for a 7-day build sprint.,Would you be open to sharing a free 7-day focus challenge with participants?,8,10,9
Initial User Gatekeeper,,Hackathon Organizer,Organizer contact / partnership route on event website,Website / contact form,https://www.hackumass.com,,,,,,https://www.mlh.com/seasons/2027/events,2026-08-31,Not Contacted,Event name/location/site verified on MLH season schedule; use event site's current contact/team page.,HackUMass,,Major League Hacking member event,"Amherst, Massachusetts, US",,https://www.hackumass.com,"Hackathon attendees are laptop-heavy student builders who work in long, distraction-prone sessions.",Developer Deep-Work Challenge: give attendees free Pro for a 7-day build sprint.,Would you be open to sharing a free 7-day focus challenge with participants?,8,10,9
Initial User Gatekeeper,,Hackathon Organizer,Organizer contact / partnership route on event website,Website / contact form,https://durhack.com,,,,,,https://www.mlh.com/seasons/2027/events,2026-08-31,Not Contacted,Event name/location/site verified on MLH season schedule; use event site's current contact/team page.,DurHack,,Major League Hacking member event,"Durham, County Durham, GB",,https://durhack.com,"Hackathon attendees are laptop-heavy student builders who work in long, distraction-prone sessions.",Developer Deep-Work Challenge: give attendees free Pro for a 7-day build sprint.,Would you be open to sharing a free 7-day focus challenge with participants?,8,10,9
Initial User Gatekeeper,,Hackathon Organizer,Organizer contact / partnership route on event website,Website / contact form,https://www.deltahacks.com,,,,,,https://www.mlh.com/seasons/2027/events,2026-08-31,Not Contacted,Event name/location/site verified on MLH season schedule; use event site's current contact/team page.,DeltaHacks,,Major League Hacking member event,"Hamilton, Ontario, CA",,https://www.deltahacks.com,"Hackathon attendees are laptop-heavy student builders who work in long, distraction-prone sessions.",Developer Deep-Work Challenge: give attendees free Pro for a 7-day build sprint.,Would you be open to sharing a free 7-day focus challenge with participants?,8,10,9
Initial User Gatekeeper,,Hackathon Organizer,Organizer contact / partnership route on event website,Website / contact form,https://uofthacks.com,,,,,,https://www.mlh.com/seasons/2027/events,2026-08-31,Not Contacted,Event name/location/site verified on MLH season schedule; use event site's current contact/team page.,UofTHacks,,Major League Hacking member event,"Toronto, Ontario, CA",,https://uofthacks.com,"Hackathon attendees are laptop-heavy student builders who work in long, distraction-prone sessions.",Developer Deep-Work Challenge: give attendees free Pro for a 7-day build sprint.,Would you be open to sharing a free 7-day focus challenge with participants?,8,10,9
Initial User Gatekeeper,,Hackathon Organizer,Organizer contact / partnership route on event website,Website / contact form,https://2027.uottahack.ca,,,,,,https://www.mlh.com/seasons/2027/events,2026-08-31,Not Contacted,Event name/location/site verified on MLH season schedule; use event site's current contact/team page.,uOttaHack,,Major League Hacking member event,"Ottawa, Ontario, CA",,https://2027.uottahack.ca,"Hackathon attendees are laptop-heavy student builders who work in long, distraction-prone sessions.",Developer Deep-Work Challenge: give attendees free Pro for a 7-day build sprint.,Would you be open to sharing a free 7-day focus challenge with participants?,8,10,9
Initial User Gatekeeper,,Hackathon Organizer,Organizer contact / partnership route on event website,Website / contact form,https://nwhacks.io,,,,,,https://www.mlh.com/seasons/2027/events,2026-08-31,Not Contacted,Event name/location/site verified on MLH season schedule; use event site's current contact/team page.,nwHacks,,Major League Hacking member event,"Vancouver, British Columbia, CA",,https://nwhacks.io,"Hackathon attendees are laptop-heavy student builders who work in long, distraction-prone sessions.",Developer Deep-Work Challenge: give attendees free Pro for a 7-day build sprint.,Would you be open to sharing a free 7-day focus challenge with participants?,8,10,9
Initial User Gatekeeper,,Hackathon Organizer,Organizer contact / partnership route on event website,Website / contact form,https://hackville.io,,,,,,https://www.mlh.com/seasons/2027/events,2026-08-31,Not Contacted,Event name/location/site verified on MLH season schedule; use event site's current contact/team page.,Hackville,,Major League Hacking member event,"Mississauga, Ontario, CA",,https://hackville.io,"Hackathon attendees are laptop-heavy student builders who work in long, distraction-prone sessions.",Developer Deep-Work Challenge: give attendees free Pro for a 7-day build sprint.,Would you be open to sharing a free 7-day focus challenge with participants?,8,10,9
Initial User Gatekeeper,,Hackathon Organizer,Organizer contact / partnership route on event website,Website / contact form,https://www.hoyahacks.com,,,,,,https://www.mlh.com/seasons/2027/events,2026-08-31,Not Contacted,Event name/location/site verified on MLH season schedule; use event site's current contact/team page.,Hoya Hacks,,Major League Hacking member event,"Washington, DC, US",,https://www.hoyahacks.com,"Hackathon attendees are laptop-heavy student builders who work in long, distraction-prone sessions.",Developer Deep-Work Challenge: give attendees free Pro for a 7-day build sprint.,Would you be open to sharing a free 7-day focus challenge with participants?,8,10,9
Initial User Gatekeeper,,Hackathon Organizer,Organizer contact / partnership route on event website,Website / contact form,https://ellehacks.com,,,,,,https://www.mlh.com/seasons/2027/events,2026-08-31,Not Contacted,Event name/location/site verified on MLH season schedule; use event site's current contact/team page.,ElleHacks,,Major League Hacking member event,"Toronto, Ontario, CA",,https://ellehacks.com,"Hackathon attendees are laptop-heavy student builders who work in long, distraction-prone sessions.",Developer Deep-Work Challenge: give attendees free Pro for a 7-day build sprint.,Would you be open to sharing a free 7-day focus challenge with participants?,8,10,9
Initial User Gatekeeper,,Hackathon Organizer,Organizer contact / partnership route on event website,Website / contact form,https://ugahacks.com,,,,,,https://www.mlh.com/seasons/2027/events,2026-08-31,Not Contacted,Event name/location/site verified on MLH season schedule; use event site's current contact/team page.,UGAHacks,,Major League Hacking member event,"Athens, Georgia, US",,https://ugahacks.com,"Hackathon attendees are laptop-heavy student builders who work in long, distraction-prone sessions.",Developer Deep-Work Challenge: give attendees free Pro for a 7-day build sprint.,Would you be open to sharing a free 7-day focus challenge with participants?,8,10,9
Initial User Gatekeeper,,Hackathon Organizer,Organizer contact / partnership route on event website,Website / contact form,https://hackatbrown.org,,,,,,https://www.mlh.com/seasons/2027/events,2026-08-31,Not Contacted,Event name/location/site verified on MLH season schedule; use event site's current contact/team page.,Hack@Brown,,Major League Hacking member event,"Providence, Rhode Island, US",,https://hackatbrown.org,"Hackathon attendees are laptop-heavy student builders who work in long, distraction-prone sessions.",Developer Deep-Work Challenge: give attendees free Pro for a 7-day build sprint.,Would you be open to sharing a free 7-day focus challenge with participants?,8,10,9
Initial User Gatekeeper,,Hackathon Organizer,Organizer contact / partnership route on event website,Website / contact form,https://hackncstate.org,,,,,,https://www.mlh.com/seasons/2027/events,2026-08-31,Not Contacted,Event name/location/site verified on MLH season schedule; use event site's current contact/team page.,Hack_NCState,,Major League Hacking member event,"Raleigh, North Carolina, US",,https://hackncstate.org,"Hackathon attendees are laptop-heavy student builders who work in long, distraction-prone sessions.",Developer Deep-Work Challenge: give attendees free Pro for a 7-day build sprint.,Would you be open to sharing a free 7-day focus challenge with participants?,8,10,9
Initial User Gatekeeper,,Hackathon Organizer,Organizer contact / partnership route on event website,Website / contact form,https://innovateherhacks.org,,,,,,https://www.mlh.com/seasons/2027/events,2026-08-31,Not Contacted,Event name/location/site verified on MLH season schedule; use event site's current contact/team page.,InnovateHer,,Major League Hacking member event,"West Lafayette, Indiana, US",,https://innovateherhacks.org,"Hackathon attendees are laptop-heavy student builders who work in long, distraction-prone sessions.",Developer Deep-Work Challenge: give attendees free Pro for a 7-day build sprint.,Would you be open to sharing a free 7-day focus challenge with participants?,8,10,9
Initial User Gatekeeper,,Hackathon Organizer,Organizer contact / partnership route on event website,Website / contact form,https://www.spartahack.com,,,,,,https://www.mlh.com/seasons/2027/events,2026-08-31,Not Contacted,Event name/location/site verified on MLH season schedule; use event site's current contact/team page.,SpartaHack,,Major League Hacking member event,"East Lansing, Michigan, US",,https://www.spartahack.com,"Hackathon attendees are laptop-heavy student builders who work in long, distraction-prone sessions.",Developer Deep-Work Challenge: give attendees free Pro for a 7-day build sprint.,Would you be open to sharing a free 7-day focus challenge with participants?,8,10,9
Initial User Gatekeeper,,Hackathon Organizer,Organizer contact / partnership route on event website,Website / contact form,https://makeuoft.ca,,,,,,https://www.mlh.com/seasons/2027/events,2026-08-31,Not Contacted,Event name/location/site verified on MLH season schedule; use event site's current contact/team page.,MakeUofT,,Major League Hacking member event,"Toronto, Ontario, CA",,https://makeuoft.ca,"Hackathon attendees are laptop-heavy student builders who work in long, distraction-prone sessions.",Developer Deep-Work Challenge: give attendees free Pro for a 7-day build sprint.,Would you be open to sharing a free 7-day focus challenge with participants?,8,10,9
Initial User Gatekeeper,,Hackathon Organizer,Organizer contact / partnership route on event website,Website / contact form,https://sfhacks.io,,,,,,https://www.mlh.com/seasons/2027/events,2026-08-31,Not Contacted,Event name/location/site verified on MLH season schedule; use event site's current contact/team page.,SF Hacks,,Major League Hacking member event,"San Francisco, California, US",,https://sfhacks.io,"Hackathon attendees are laptop-heavy student builders who work in long, distraction-prone sessions.",Developer Deep-Work Challenge: give attendees free Pro for a 7-day build sprint.,Would you be open to sharing a free 7-day focus challenge with participants?,8,10,9
Initial User Gatekeeper,,Hackathon Organizer,Organizer contact / partnership route on event website,Website / contact form,https://cuhack.it,,,,,,https://www.mlh.com/seasons/2027/events,2026-08-31,Not Contacted,Event name/location/site verified on MLH season schedule; use event site's current contact/team page.,CUhackit,,Major League Hacking member event,"Clemson, South Carolina, US",,https://cuhack.it,"Hackathon attendees are laptop-heavy student builders who work in long, distraction-prone sessions.",Developer Deep-Work Challenge: give attendees free Pro for a 7-day build sprint.,Would you be open to sharing a free 7-day focus challenge with participants?,8,10,9
Initial User Gatekeeper,,Hackathon Organizer,Organizer contact / partnership route on event website,Website / contact form,https://www.hackillinois.org,,,,,,https://www.mlh.com/seasons/2027/events,2026-08-31,Not Contacted,Event name/location/site verified on MLH season schedule; use event site's current contact/team page.,HackIllinois,,Major League Hacking member event,"Urbana, Illinois, US",,https://www.hackillinois.org,"Hackathon attendees are laptop-heavy student builders who work in long, distraction-prone sessions.",Developer Deep-Work Challenge: give attendees free Pro for a 7-day build sprint.,Would you be open to sharing a free 7-day focus challenge with participants?,8,10,9
Initial User Gatekeeper,,Hackathon Organizer,Organizer contact / partnership route on event website,Website / contact form,https://hacklytics2027.web.app,,,,,,https://www.mlh.com/seasons/2027/events,2026-08-31,Not Contacted,Event name/location/site verified on MLH season schedule; use event site's current contact/team page.,Hacklytics,,Major League Hacking member event,"Atlanta, Georgia, US",,https://hacklytics2027.web.app,"Hackathon attendees are laptop-heavy student builders who work in long, distraction-prone sessions.",Developer Deep-Work Challenge: give attendees free Pro for a 7-day build sprint.,Would you be open to sharing a free 7-day focus challenge with participants?,8,10,9
Initial User Gatekeeper,,Hackathon Organizer,Organizer contact / partnership route on event website,Website / contact form,https://ruhackhers.org,,,,,,https://www.mlh.com/seasons/2027/events,2026-08-31,Not Contacted,Event name/location/site verified on MLH season schedule; use event site's current contact/team page.,HackHERS,,Major League Hacking member event,"New Brunswick, New Jersey, US",,https://ruhackhers.org,"Hackathon attendees are laptop-heavy student builders who work in long, distraction-prone sessions.",Developer Deep-Work Challenge: give attendees free Pro for a 7-day build sprint.,Would you be open to sharing a free 7-day focus challenge with participants?,8,10,9
Initial User Gatekeeper,,Hackathon Organizer,Organizer contact / partnership route on event website,Website / contact form,https://www.revolutionuc.com,,,,,,https://www.mlh.com/seasons/2027/events,2026-08-31,Not Contacted,Event name/location/site verified on MLH season schedule; use event site's current contact/team page.,RevolutionUC,,Major League Hacking member event,"Cincinnati, Ohio, US",,https://www.revolutionuc.com,"Hackathon attendees are laptop-heavy student builders who work in long, distraction-prone sessions.",Developer Deep-Work Challenge: give attendees free Pro for a 7-day build sprint.,Would you be open to sharing a free 7-day focus challenge with participants?,8,10,9
Initial User Gatekeeper,,Hackathon Organizer,Organizer contact / partnership route on event website,Website / contact form,https://wichacks.io,,,,,,https://www.mlh.com/seasons/2027/events,2026-08-31,Not Contacted,Event name/location/site verified on MLH season schedule; use event site's current contact/team page.,WiCHacks,,Major League Hacking member event,"Rochester, New York, US",,https://wichacks.io,"Hackathon attendees are laptop-heavy student builders who work in long, distraction-prone sessions.",Developer Deep-Work Challenge: give attendees free Pro for a 7-day build sprint.,Would you be open to sharing a free 7-day focus challenge with participants?,8,10,9
Initial User Gatekeeper,,Hackathon Organizer,Organizer contact / partnership route on event website,Website / contact form,https://www.henhackshackathon.com,,,,,,https://www.mlh.com/seasons/2027/events,2026-08-31,Not Contacted,Event name/location/site verified on MLH season schedule; use event site's current contact/team page.,HenHacks,,Major League Hacking member event,"Newark, Delaware, US",,https://www.henhackshackathon.com,"Hackathon attendees are laptop-heavy student builders who work in long, distraction-prone sessions.",Developer Deep-Work Challenge: give attendees free Pro for a 7-day build sprint.,Would you be open to sharing a free 7-day focus challenge with participants?,8,10,9
Initial User Gatekeeper,,Hackathon Organizer,Organizer contact / partnership route on event website,Website / contact form,https://khe.io,,,,,,https://www.mlh.com/seasons/2027/events,2026-08-31,Not Contacted,Event name/location/site verified on MLH season schedule; use event site's current contact/team page.,Kent Hack Enough,,Major League Hacking member event,"Kent, Ohio, US",,https://khe.io,"Hackathon attendees are laptop-heavy student builders who work in long, distraction-prone sessions.",Developer Deep-Work Challenge: give attendees free Pro for a 7-day build sprint.,Would you be open to sharing a free 7-day focus challenge with participants?,8,10,9
Initial User Gatekeeper,,Hackathon Organizer,Organizer contact / partnership route on event website,Website / contact form,https://diamondhacks.acmucsd.com,,,,,,https://www.mlh.com/seasons/2027/events,2026-08-31,Not Contacted,Event name/location/site verified on MLH season schedule; use event site's current contact/team page.,Diamondhacks,,Major League Hacking member event,"La Jolla, California, US",,https://diamondhacks.acmucsd.com,"Hackathon attendees are laptop-heavy student builders who work in long, distraction-prone sessions.",Developer Deep-Work Challenge: give attendees free Pro for a 7-day build sprint.,Would you be open to sharing a free 7-day focus challenge with participants?,8,10,9
Initial User Gatekeeper,,Hackathon Organizer,Organizer contact / partnership route on event website,Website / contact form,https://www.hackku.org,,,,,,https://www.mlh.com/seasons/2027/events,2026-08-31,Not Contacted,Event name/location/site verified on MLH season schedule; use event site's current contact/team page.,HackKU,,Major League Hacking member event,"Lawrence, Kansas, US",,https://www.hackku.org,"Hackathon attendees are laptop-heavy student builders who work in long, distraction-prone sessions.",Developer Deep-Work Challenge: give attendees free Pro for a 7-day build sprint.,Would you be open to sharing a free 7-day focus challenge with participants?,8,10,9
Initial User Gatekeeper,,Hackathon Organizer,Organizer contact / partnership route on event website,Website / contact form,https://www.marihacks.com,,,,,,https://www.mlh.com/seasons/2027/events,2026-08-31,Not Contacted,Event name/location/site verified on MLH season schedule; use event site's current contact/team page.,MariHacks,,Major League Hacking member event,"Montreal, Quebec, CA",,https://www.marihacks.com,"Hackathon attendees are laptop-heavy student builders who work in long, distraction-prone sessions.",Developer Deep-Work Challenge: give attendees free Pro for a 7-day build sprint.,Would you be open to sharing a free 7-day focus challenge with participants?,8,10,9
Initial User Gatekeeper,,Hackathon Organizer,Organizer contact / partnership route on event website,Website / contact form,https://www.wehackutd.com,,,,,,https://www.mlh.com/seasons/2027/events,2026-08-31,Not Contacted,Event name/location/site verified on MLH season schedule; use event site's current contact/team page.,WEHack,,Major League Hacking member event,"Richardson, Texas, US",,https://www.wehackutd.com,"Hackathon attendees are laptop-heavy student builders who work in long, distraction-prone sessions.",Developer Deep-Work Challenge: give attendees free Pro for a 7-day build sprint.,Would you be open to sharing a free 7-day focus challenge with participants?,8,10,9
Initial User Gatekeeper,,Hackathon Organizer,Organizer contact / partnership route on event website,Website / contact form,https://pechacks.org,,,,,,https://www.mlh.com/seasons/2027/events,2026-08-31,Not Contacted,Event name/location/site verified on MLH season schedule; use event site's current contact/team page.,PEC HACKS,,Major League Hacking member event,"Chennai, Tamil Nadu, IN",,https://pechacks.org,"Hackathon attendees are laptop-heavy student builders who work in long, distraction-prone sessions.",Developer Deep-Work Challenge: give attendees free Pro for a 7-day build sprint.,Would you be open to sharing a free 7-day focus challenge with participants?,8,10,9
Initial User Gatekeeper,,Hackathon Organizer,Organizer contact / partnership route on event website,Website / contact form,https://hackthe6ix.com,,,,,,https://www.mlh.com/seasons/2027/events,2026-08-31,Not Contacted,Event name/location/site verified on MLH season schedule; use event site's current contact/team page.,Hack the 6ix,,Major League Hacking member event,"Toronto, Ontario, CA",,https://hackthe6ix.com,"Hackathon attendees are laptop-heavy student builders who work in long, distraction-prone sessions.",Developer Deep-Work Challenge: give attendees free Pro for a 7-day build sprint.,Would you be open to sharing a free 7-day focus challenge with participants?,8,10,9
Initial User Gatekeeper,,Hackathon Organizer,Organizer contact / partnership route on event website,Website / contact form,https://www.cuhacking.ca,,,,,,https://www.mlh.com/seasons/2027/events,2026-08-31,Not Contacted,Event name/location/site verified on MLH season schedule; use event site's current contact/team page.,cuHacking,,Major League Hacking member event,"Ottawa, Ontario, CA",,https://www.cuhacking.ca,"Hackathon attendees are laptop-heavy student builders who work in long, distraction-prone sessions.",Developer Deep-Work Challenge: give attendees free Pro for a 7-day build sprint.,Would you be open to sharing a free 7-day focus challenge with participants?,8,10,9
Initial User Gatekeeper,,Hackathon Organizer,Organizer contact / partnership route on event website,Website / contact form,https://hexafalls.org,,,,,,https://www.mlh.com/seasons/2027/events,2026-08-31,Not Contacted,Event name/location/site verified on MLH season schedule; use event site's current contact/team page.,Hexafalls,,Major League Hacking member event,"Kolkata, West Bengal, IN",,https://hexafalls.org,"Hackathon attendees are laptop-heavy student builders who work in long, distraction-prone sessions.",Developer Deep-Work Challenge: give attendees free Pro for a 7-day build sprint.,Would you be open to sharing a free 7-day focus challenge with participants?,8,10,9
Initial User Gatekeeper,,University Student Organization,tvanadilok@scu.edu,Email,mailto:tvanadilok@scu.edu,,,,,,https://www.scu.edu/csi/organizations/directory/,2026-08-31,Not Contacted,Org verified in SCU 2026 RSO directory. Listed contact is Center for Student Involvement; ask for current officer contact.,Association for Women in Mathematics,,Santa Clara University,"Santa Clara, CA, US",,https://www.scu.edu/csi/organizations/directory/,"Members are students in technical, business, or intensive academic communities with heavy laptop use.","7-Day Lock-In Challenge for SCU members; free Pro, founder-led onboarding, and results shared back to the group.",Could you connect me with the current club president or share a 7-day focus challenge with members?,7,9,8
Initial User Gatekeeper,,University Student Organization,tvanadilok@scu.edu,Email,mailto:tvanadilok@scu.edu,,,,,,https://www.scu.edu/csi/organizations/directory/,2026-08-31,Not Contacted,Org verified in SCU 2026 RSO directory. Listed contact is Center for Student Involvement; ask for current officer contact.,Connecting Leaders in Innovation & Pharma,,Santa Clara University,"Santa Clara, CA, US",,https://www.scu.edu/csi/organizations/directory/,"Members are students in technical, business, or intensive academic communities with heavy laptop use.","7-Day Lock-In Challenge for SCU members; free Pro, founder-led onboarding, and results shared back to the group.",Could you connect me with the current club president or share a 7-day focus challenge with members?,7,9,8
Initial User Gatekeeper,,University Student Organization,tvanadilok@scu.edu,Email,mailto:tvanadilok@scu.edu,,,,,,https://www.scu.edu/csi/organizations/directory/,2026-08-31,Not Contacted,Org verified in SCU 2026 RSO directory. Listed contact is Center for Student Involvement; ask for current officer contact.,National Society of Black Engineers (NSBE),,Santa Clara University,"Santa Clara, CA, US",,https://www.scu.edu/csi/organizations/directory/,"Members are students in technical, business, or intensive academic communities with heavy laptop use.","7-Day Lock-In Challenge for SCU members; free Pro, founder-led onboarding, and results shared back to the group.",Could you connect me with the current club president or share a 7-day focus challenge with members?,7,9,8
Initial User Gatekeeper,,University Student Organization,tvanadilok@scu.edu,Email,mailto:tvanadilok@scu.edu,,,,,,https://www.scu.edu/csi/organizations/directory/,2026-08-31,Not Contacted,Org verified in SCU 2026 RSO directory. Listed contact is Center for Student Involvement; ask for current officer contact.,Neuroscience Club,,Santa Clara University,"Santa Clara, CA, US",,https://www.scu.edu/csi/organizations/directory/,"Members are students in technical, business, or intensive academic communities with heavy laptop use.","7-Day Lock-In Challenge for SCU members; free Pro, founder-led onboarding, and results shared back to the group.",Could you connect me with the current club president or share a 7-day focus challenge with members?,7,9,8
Initial User Gatekeeper,,University Student Organization,tvanadilok@scu.edu,Email,mailto:tvanadilok@scu.edu,,,,,,https://www.scu.edu/csi/organizations/directory/,2026-08-31,Not Contacted,Org verified in SCU 2026 RSO directory. Listed contact is Center for Student Involvement; ask for current officer contact.,Pre-Dental Society,,Santa Clara University,"Santa Clara, CA, US",,https://www.scu.edu/csi/organizations/directory/,"Members are students in technical, business, or intensive academic communities with heavy laptop use.","7-Day Lock-In Challenge for SCU members; free Pro, founder-led onboarding, and results shared back to the group.",Could you connect me with the current club president or share a 7-day focus challenge with members?,7,9,8
Initial User Gatekeeper,,University Student Organization,tvanadilok@scu.edu,Email,mailto:tvanadilok@scu.edu,,,,,,https://www.scu.edu/csi/organizations/directory/,2026-08-31,Not Contacted,Org verified in SCU 2026 RSO directory. Listed contact is Center for Student Involvement; ask for current officer contact.,Society of Physics Students,,Santa Clara University,"Santa Clara, CA, US",,https://www.scu.edu/csi/organizations/directory/,"Members are students in technical, business, or intensive academic communities with heavy laptop use.","7-Day Lock-In Challenge for SCU members; free Pro, founder-led onboarding, and results shared back to the group.",Could you connect me with the current club president or share a 7-day focus challenge with members?,7,9,8
Initial User Gatekeeper,,University Student Organization,tvanadilok@scu.edu,Email,mailto:tvanadilok@scu.edu,,,,,,https://www.scu.edu/csi/organizations/directory/,2026-08-31,Not Contacted,Org verified in SCU 2026 RSO directory. Listed contact is Center for Student Involvement; ask for current officer contact.,Women in Physics,,Santa Clara University,"Santa Clara, CA, US",,https://www.scu.edu/csi/organizations/directory/,"Members are students in technical, business, or intensive academic communities with heavy laptop use.","7-Day Lock-In Challenge for SCU members; free Pro, founder-led onboarding, and results shared back to the group.",Could you connect me with the current club president or share a 7-day focus challenge with members?,7,9,8
Initial User Gatekeeper,,University Student Organization,tvanadilok@scu.edu,Email,mailto:tvanadilok@scu.edu,,,,,,https://www.scu.edu/csi/organizations/directory/,2026-08-31,Not Contacted,Org verified in SCU 2026 RSO directory. Listed contact is Center for Student Involvement; ask for current officer contact.,Accounting Association,,Santa Clara University,"Santa Clara, CA, US",,https://www.scu.edu/csi/organizations/directory/,"Members are students in technical, business, or intensive academic communities with heavy laptop use.","7-Day Lock-In Challenge for SCU members; free Pro, founder-led onboarding, and results shared back to the group.",Could you connect me with the current club president or share a 7-day focus challenge with members?,7,9,8
Initial User Gatekeeper,,University Student Organization,tvanadilok@scu.edu,Email,mailto:tvanadilok@scu.edu,,,,,,https://www.scu.edu/csi/organizations/directory/,2026-08-31,Not Contacted,Org verified in SCU 2026 RSO directory. Listed contact is Center for Student Involvement; ask for current officer contact.,Alpha Kappa Psi,,Santa Clara University,"Santa Clara, CA, US",,https://www.scu.edu/csi/organizations/directory/,"Members are students in technical, business, or intensive academic communities with heavy laptop use.","7-Day Lock-In Challenge for SCU members; free Pro, founder-led onboarding, and results shared back to the group.",Could you connect me with the current club president or share a 7-day focus challenge with members?,7,9,8
Initial User Gatekeeper,,University Student Organization,tvanadilok@scu.edu,Email,mailto:tvanadilok@scu.edu,,,,,,https://www.scu.edu/csi/organizations/directory/,2026-08-31,Not Contacted,Org verified in SCU 2026 RSO directory. Listed contact is Center for Student Involvement; ask for current officer contact.,Black Business Association,,Santa Clara University,"Santa Clara, CA, US",,https://www.scu.edu/csi/organizations/directory/,"Members are students in technical, business, or intensive academic communities with heavy laptop use.","7-Day Lock-In Challenge for SCU members; free Pro, founder-led onboarding, and results shared back to the group.",Could you connect me with the current club president or share a 7-day focus challenge with members?,7,9,8
Initial User Gatekeeper,,University Student Organization,tvanadilok@scu.edu,Email,mailto:tvanadilok@scu.edu,,,,,,https://www.scu.edu/csi/organizations/directory/,2026-08-31,Not Contacted,Org verified in SCU 2026 RSO directory. Listed contact is Center for Student Involvement; ask for current officer contact.,Blockchain@SCU,,Santa Clara University,"Santa Clara, CA, US",,https://www.scu.edu/csi/organizations/directory/,"Members are students in technical, business, or intensive academic communities with heavy laptop use.","7-Day Lock-In Challenge for SCU members; free Pro, founder-led onboarding, and results shared back to the group.",Could you connect me with the current club president or share a 7-day focus challenge with members?,7,9,8
Initial User Gatekeeper,,University Student Organization,tvanadilok@scu.edu,Email,mailto:tvanadilok@scu.edu,,,,,,https://www.scu.edu/csi/organizations/directory/,2026-08-31,Not Contacted,Org verified in SCU 2026 RSO directory. Listed contact is Center for Student Involvement; ask for current officer contact.,Delta Sigma Pi,,Santa Clara University,"Santa Clara, CA, US",,https://www.scu.edu/csi/organizations/directory/,"Members are students in technical, business, or intensive academic communities with heavy laptop use.","7-Day Lock-In Challenge for SCU members; free Pro, founder-led onboarding, and results shared back to the group.",Could you connect me with the current club president or share a 7-day focus challenge with members?,7,9,8
Initial User Gatekeeper,,University Student Organization,tvanadilok@scu.edu,Email,mailto:tvanadilok@scu.edu,,,,,,https://www.scu.edu/csi/organizations/directory/,2026-08-31,Not Contacted,Org verified in SCU 2026 RSO directory. Listed contact is Center for Student Involvement; ask for current officer contact.,Economic Student Association,,Santa Clara University,"Santa Clara, CA, US",,https://www.scu.edu/csi/organizations/directory/,"Members are students in technical, business, or intensive academic communities with heavy laptop use.","7-Day Lock-In Challenge for SCU members; free Pro, founder-led onboarding, and results shared back to the group.",Could you connect me with the current club president or share a 7-day focus challenge with members?,7,9,8
Initial User Gatekeeper,,University Student Organization,tvanadilok@scu.edu,Email,mailto:tvanadilok@scu.edu,,,,,,https://www.scu.edu/csi/organizations/directory/,2026-08-31,Not Contacted,Org verified in SCU 2026 RSO directory. Listed contact is Center for Student Involvement; ask for current officer contact.,Finance Association,,Santa Clara University,"Santa Clara, CA, US",,https://www.scu.edu/csi/organizations/directory/,"Members are students in technical, business, or intensive academic communities with heavy laptop use.","7-Day Lock-In Challenge for SCU members; free Pro, founder-led onboarding, and results shared back to the group.",Could you connect me with the current club president or share a 7-day focus challenge with members?,7,9,8
Initial User Gatekeeper,,University Student Organization,tvanadilok@scu.edu,Email,mailto:tvanadilok@scu.edu,,,,,,https://www.scu.edu/csi/organizations/directory/,2026-08-31,Not Contacted,Org verified in SCU 2026 RSO directory. Listed contact is Center for Student Involvement; ask for current officer contact.,Finance Technology Student Association,,Santa Clara University,"Santa Clara, CA, US",,https://www.scu.edu/csi/organizations/directory/,"Members are students in technical, business, or intensive academic communities with heavy laptop use.","7-Day Lock-In Challenge for SCU members; free Pro, founder-led onboarding, and results shared back to the group.",Could you connect me with the current club president or share a 7-day focus challenge with members?,7,9,8
Initial User Gatekeeper,,University Student Organization,tvanadilok@scu.edu,Email,mailto:tvanadilok@scu.edu,,,,,,https://www.scu.edu/csi/organizations/directory/,2026-08-31,Not Contacted,Org verified in SCU 2026 RSO directory. Listed contact is Center for Student Involvement; ask for current officer contact.,Information Systems and Analytics Student Network,,Santa Clara University,"Santa Clara, CA, US",,https://www.scu.edu/csi/organizations/directory/,"Members are students in technical, business, or intensive academic communities with heavy laptop use.","7-Day Lock-In Challenge for SCU members; free Pro, founder-led onboarding, and results shared back to the group.",Could you connect me with the current club president or share a 7-day focus challenge with members?,7,9,8
Initial User Gatekeeper,,University Student Organization,tvanadilok@scu.edu,Email,mailto:tvanadilok@scu.edu,,,,,,https://www.scu.edu/csi/organizations/directory/,2026-08-31,Not Contacted,Org verified in SCU 2026 RSO directory. Listed contact is Center for Student Involvement; ask for current officer contact.,Institute for Operations Research & Management Sciences,,Santa Clara University,"Santa Clara, CA, US",,https://www.scu.edu/csi/organizations/directory/,"Members are students in technical, business, or intensive academic communities with heavy laptop use.","7-Day Lock-In Challenge for SCU members; free Pro, founder-led onboarding, and results shared back to the group.",Could you connect me with the current club president or share a 7-day focus challenge with members?,7,9,8
Initial User Gatekeeper,,University Student Organization,tvanadilok@scu.edu,Email,mailto:tvanadilok@scu.edu,,,,,,https://www.scu.edu/csi/organizations/directory/,2026-08-31,Not Contacted,Org verified in SCU 2026 RSO directory. Listed contact is Center for Student Involvement; ask for current officer contact.,Investment Banking Club,,Santa Clara University,"Santa Clara, CA, US",,https://www.scu.edu/csi/organizations/directory/,"Members are students in technical, business, or intensive academic communities with heavy laptop use.","7-Day Lock-In Challenge for SCU members; free Pro, founder-led onboarding, and results shared back to the group.",Could you connect me with the current club president or share a 7-day focus challenge with members?,7,9,8
Initial User Gatekeeper,,University Student Organization,tvanadilok@scu.edu,Email,mailto:tvanadilok@scu.edu,,,,,,https://www.scu.edu/csi/organizations/directory/,2026-08-31,Not Contacted,Org verified in SCU 2026 RSO directory. Listed contact is Center for Student Involvement; ask for current officer contact.,Latinx Business Student Association,,Santa Clara University,"Santa Clara, CA, US",,https://www.scu.edu/csi/organizations/directory/,"Members are students in technical, business, or intensive academic communities with heavy laptop use.","7-Day Lock-In Challenge for SCU members; free Pro, founder-led onboarding, and results shared back to the group.",Could you connect me with the current club president or share a 7-day focus challenge with members?,7,9,8
Initial User Gatekeeper,,University Student Organization,tvanadilok@scu.edu,Email,mailto:tvanadilok@scu.edu,,,,,,https://www.scu.edu/csi/organizations/directory/,2026-08-31,Not Contacted,Org verified in SCU 2026 RSO directory. Listed contact is Center for Student Involvement; ask for current officer contact.,Microfinance Association,,Santa Clara University,"Santa Clara, CA, US",,https://www.scu.edu/csi/organizations/directory/,"Members are students in technical, business, or intensive academic communities with heavy laptop use.","7-Day Lock-In Challenge for SCU members; free Pro, founder-led onboarding, and results shared back to the group.",Could you connect me with the current club president or share a 7-day focus challenge with members?,7,9,8
Initial User Gatekeeper,,University Student Organization,tvanadilok@scu.edu,Email,mailto:tvanadilok@scu.edu,,,,,,https://www.scu.edu/csi/organizations/directory/,2026-08-31,Not Contacted,Org verified in SCU 2026 RSO directory. Listed contact is Center for Student Involvement; ask for current officer contact.,Phi Chi Theta,,Santa Clara University,"Santa Clara, CA, US",,https://www.scu.edu/csi/organizations/directory/,"Members are students in technical, business, or intensive academic communities with heavy laptop use.","7-Day Lock-In Challenge for SCU members; free Pro, founder-led onboarding, and results shared back to the group.",Could you connect me with the current club president or share a 7-day focus challenge with members?,7,9,8
Initial User Gatekeeper,,University Student Organization,tvanadilok@scu.edu,Email,mailto:tvanadilok@scu.edu,,,,,,https://www.scu.edu/csi/organizations/directory/,2026-08-31,Not Contacted,Org verified in SCU 2026 RSO directory. Listed contact is Center for Student Involvement; ask for current officer contact.,Product Launch,,Santa Clara University,"Santa Clara, CA, US",,https://www.scu.edu/csi/organizations/directory/,"Members are students in technical, business, or intensive academic communities with heavy laptop use.","7-Day Lock-In Challenge for SCU members; free Pro, founder-led onboarding, and results shared back to the group.",Could you connect me with the current club president or share a 7-day focus challenge with members?,7,9,8
Initial User Gatekeeper,,University Student Organization,tvanadilok@scu.edu,Email,mailto:tvanadilok@scu.edu,,,,,,https://www.scu.edu/csi/organizations/directory/,2026-08-31,Not Contacted,Org verified in SCU 2026 RSO directory. Listed contact is Center for Student Involvement; ask for current officer contact.,Real Estate Association,,Santa Clara University,"Santa Clara, CA, US",,https://www.scu.edu/csi/organizations/directory/,"Members are students in technical, business, or intensive academic communities with heavy laptop use.","7-Day Lock-In Challenge for SCU members; free Pro, founder-led onboarding, and results shared back to the group.",Could you connect me with the current club president or share a 7-day focus challenge with members?,7,9,8
Initial User Gatekeeper,,University Student Organization,tvanadilok@scu.edu,Email,mailto:tvanadilok@scu.edu,,,,,,https://www.scu.edu/csi/organizations/directory/,2026-08-31,Not Contacted,Org verified in SCU 2026 RSO directory. Listed contact is Center for Student Involvement; ask for current officer contact.,Santa Clara Consulting,,Santa Clara University,"Santa Clara, CA, US",,https://www.scu.edu/csi/organizations/directory/,"Members are students in technical, business, or intensive academic communities with heavy laptop use.","7-Day Lock-In Challenge for SCU members; free Pro, founder-led onboarding, and results shared back to the group.",Could you connect me with the current club president or share a 7-day focus challenge with members?,7,9,8
Initial User Gatekeeper,,University Student Organization,tvanadilok@scu.edu,Email,mailto:tvanadilok@scu.edu,,,,,,https://www.scu.edu/csi/organizations/directory/,2026-08-31,Not Contacted,Org verified in SCU 2026 RSO directory. Listed contact is Center for Student Involvement; ask for current officer contact.,Santa Clara GetVirtual,,Santa Clara University,"Santa Clara, CA, US",,https://www.scu.edu/csi/organizations/directory/,"Members are students in technical, business, or intensive academic communities with heavy laptop use.","7-Day Lock-In Challenge for SCU members; free Pro, founder-led onboarding, and results shared back to the group.",Could you connect me with the current club president or share a 7-day focus challenge with members?,7,9,8
Initial User Gatekeeper,,University Student Organization,tvanadilok@scu.edu,Email,mailto:tvanadilok@scu.edu,,,,,,https://www.scu.edu/csi/organizations/directory/,2026-08-31,Not Contacted,Org verified in SCU 2026 RSO directory. Listed contact is Center for Student Involvement; ask for current officer contact.,Santa Clara Strategy,,Santa Clara University,"Santa Clara, CA, US",,https://www.scu.edu/csi/organizations/directory/,"Members are students in technical, business, or intensive academic communities with heavy laptop use.","7-Day Lock-In Challenge for SCU members; free Pro, founder-led onboarding, and results shared back to the group.",Could you connect me with the current club president or share a 7-day focus challenge with members?,7,9,8
Initial User Gatekeeper,,University Student Organization,tvanadilok@scu.edu,Email,mailto:tvanadilok@scu.edu,,,,,,https://www.scu.edu/csi/organizations/directory/,2026-08-31,Not Contacted,Org verified in SCU 2026 RSO directory. Listed contact is Center for Student Involvement; ask for current officer contact.,SCU Sports Business,,Santa Clara University,"Santa Clara, CA, US",,https://www.scu.edu/csi/organizations/directory/,"Members are students in technical, business, or intensive academic communities with heavy laptop use.","7-Day Lock-In Challenge for SCU members; free Pro, founder-led onboarding, and results shared back to the group.",Could you connect me with the current club president or share a 7-day focus challenge with members?,7,9,8
Initial User Gatekeeper,,University Student Organization,tvanadilok@scu.edu,Email,mailto:tvanadilok@scu.edu,,,,,,https://www.scu.edu/csi/organizations/directory/,2026-08-31,Not Contacted,Org verified in SCU 2026 RSO directory. Listed contact is Center for Student Involvement; ask for current officer contact.,Tech Sales Network,,Santa Clara University,"Santa Clara, CA, US",,https://www.scu.edu/csi/organizations/directory/,"Members are students in technical, business, or intensive academic communities with heavy laptop use.","7-Day Lock-In Challenge for SCU members; free Pro, founder-led onboarding, and results shared back to the group.",Could you connect me with the current club president or share a 7-day focus challenge with members?,7,9,8
Initial User Gatekeeper,,University Student Organization,tvanadilok@scu.edu,Email,mailto:tvanadilok@scu.edu,,,,,,https://www.scu.edu/csi/organizations/directory/,2026-08-31,Not Contacted,Org verified in SCU 2026 RSO directory. Listed contact is Center for Student Involvement; ask for current officer contact.,The Investment Club,,Santa Clara University,"Santa Clara, CA, US",,https://www.scu.edu/csi/organizations/directory/,"Members are students in technical, business, or intensive academic communities with heavy laptop use.","7-Day Lock-In Challenge for SCU members; free Pro, founder-led onboarding, and results shared back to the group.",Could you connect me with the current club president or share a 7-day focus challenge with members?,7,9,8
Initial User Gatekeeper,,University Student Organization,tvanadilok@scu.edu,Email,mailto:tvanadilok@scu.edu,,,,,,https://www.scu.edu/csi/organizations/directory/,2026-08-31,Not Contacted,Org verified in SCU 2026 RSO directory. Listed contact is Center for Student Involvement; ask for current officer contact.,Undergraduate Marketing Association,,Santa Clara University,"Santa Clara, CA, US",,https://www.scu.edu/csi/organizations/directory/,"Members are students in technical, business, or intensive academic communities with heavy laptop use.","7-Day Lock-In Challenge for SCU members; free Pro, founder-led onboarding, and results shared back to the group.",Could you connect me with the current club president or share a 7-day focus challenge with members?,7,9,8
Initial User Gatekeeper,,University Student Organization,tvanadilok@scu.edu,Email,mailto:tvanadilok@scu.edu,,,,,,https://www.scu.edu/csi/organizations/directory/,2026-08-31,Not Contacted,Org verified in SCU 2026 RSO directory. Listed contact is Center for Student Involvement; ask for current officer contact.,Women in Business,,Santa Clara University,"Santa Clara, CA, US",,https://www.scu.edu/csi/organizations/directory/,"Members are students in technical, business, or intensive academic communities with heavy laptop use.","7-Day Lock-In Challenge for SCU members; free Pro, founder-led onboarding, and results shared back to the group.",Could you connect me with the current club president or share a 7-day focus challenge with members?,7,9,8
Initial User Gatekeeper,,University Student Organization,tvanadilok@scu.edu,Email,mailto:tvanadilok@scu.edu,,,,,,https://www.scu.edu/csi/organizations/directory/,2026-08-31,Not Contacted,Org verified in SCU 2026 RSO directory. Listed contact is Center for Student Involvement; ask for current officer contact.,Women in Investment,,Santa Clara University,"Santa Clara, CA, US",,https://www.scu.edu/csi/organizations/directory/,"Members are students in technical, business, or intensive academic communities with heavy laptop use.","7-Day Lock-In Challenge for SCU members; free Pro, founder-led onboarding, and results shared back to the group.",Could you connect me with the current club president or share a 7-day focus challenge with members?,7,9,8
Initial User Gatekeeper,,University Student Organization,tvanadilok@scu.edu,Email,mailto:tvanadilok@scu.edu,,,,,,https://www.scu.edu/csi/organizations/directory/,2026-08-31,Not Contacted,Org verified in SCU 2026 RSO directory. Listed contact is Center for Student Involvement; ask for current officer contact.,AI Collaborate,,Santa Clara University,"Santa Clara, CA, US",,https://www.scu.edu/csi/organizations/directory/,"Members are students in technical, business, or intensive academic communities with heavy laptop use.","7-Day Lock-In Challenge for SCU members; free Pro, founder-led onboarding, and results shared back to the group.",Could you connect me with the current club president or share a 7-day focus challenge with members?,7,9,8
Initial User Gatekeeper,,University Student Organization,tvanadilok@scu.edu,Email,mailto:tvanadilok@scu.edu,,,,,,https://www.scu.edu/csi/organizations/directory/,2026-08-31,Not Contacted,Org verified in SCU 2026 RSO directory. Listed contact is Center for Student Involvement; ask for current officer contact.,American Institute of Aeronautics & Astronautics,,Santa Clara University,"Santa Clara, CA, US",,https://www.scu.edu/csi/organizations/directory/,"Members are students in technical, business, or intensive academic communities with heavy laptop use.","7-Day Lock-In Challenge for SCU members; free Pro, founder-led onboarding, and results shared back to the group.",Could you connect me with the current club president or share a 7-day focus challenge with members?,7,9,8
Initial User Gatekeeper,,University Student Organization,tvanadilok@scu.edu,Email,mailto:tvanadilok@scu.edu,,,,,,https://www.scu.edu/csi/organizations/directory/,2026-08-31,Not Contacted,Org verified in SCU 2026 RSO directory. Listed contact is Center for Student Involvement; ask for current officer contact.,American Society of Mechanical Engineers,,Santa Clara University,"Santa Clara, CA, US",,https://www.scu.edu/csi/organizations/directory/,"Members are students in technical, business, or intensive academic communities with heavy laptop use.","7-Day Lock-In Challenge for SCU members; free Pro, founder-led onboarding, and results shared back to the group.",Could you connect me with the current club president or share a 7-day focus challenge with members?,7,9,8
Initial User Gatekeeper,,University Student Organization,tvanadilok@scu.edu,Email,mailto:tvanadilok@scu.edu,,,,,,https://www.scu.edu/csi/organizations/directory/,2026-08-31,Not Contacted,Org verified in SCU 2026 RSO directory. Listed contact is Center for Student Involvement; ask for current officer contact.,Association for Computing Machinery (ACM),,Santa Clara University,"Santa Clara, CA, US",,https://www.scu.edu/csi/organizations/directory/,"Members are students in technical, business, or intensive academic communities with heavy laptop use.","7-Day Lock-In Challenge for SCU members; free Pro, founder-led onboarding, and results shared back to the group.",Could you connect me with the current club president or share a 7-day focus challenge with members?,7,9,8
Initial User Gatekeeper,,University Student Organization,tvanadilok@scu.edu,Email,mailto:tvanadilok@scu.edu,,,,,,https://www.scu.edu/csi/organizations/directory/,2026-08-31,Not Contacted,Org verified in SCU 2026 RSO directory. Listed contact is Center for Student Involvement; ask for current officer contact.,Association for Computing Machinery - Women's Chapter (ACM-W),,Santa Clara University,"Santa Clara, CA, US",,https://www.scu.edu/csi/organizations/directory/,"Members are students in technical, business, or intensive academic communities with heavy laptop use.","7-Day Lock-In Challenge for SCU members; free Pro, founder-led onboarding, and results shared back to the group.",Could you connect me with the current club president or share a 7-day focus challenge with members?,7,9,8
Initial User Gatekeeper,,University Student Organization,tvanadilok@scu.edu,Email,mailto:tvanadilok@scu.edu,,,,,,https://www.scu.edu/csi/organizations/directory/,2026-08-31,Not Contacted,Org verified in SCU 2026 RSO directory. Listed contact is Center for Student Involvement; ask for current officer contact.,Biomedical Engineering Society,,Santa Clara University,"Santa Clara, CA, US",,https://www.scu.edu/csi/organizations/directory/,"Members are students in technical, business, or intensive academic communities with heavy laptop use.","7-Day Lock-In Challenge for SCU members; free Pro, founder-led onboarding, and results shared back to the group.",Could you connect me with the current club president or share a 7-day focus challenge with members?,7,9,8
Initial User Gatekeeper,,University Student Organization,tvanadilok@scu.edu,Email,mailto:tvanadilok@scu.edu,,,,,,https://www.scu.edu/csi/organizations/directory/,2026-08-31,Not Contacted,Org verified in SCU 2026 RSO directory. Listed contact is Center for Student Involvement; ask for current officer contact.,Engineers Without Borders,,Santa Clara University,"Santa Clara, CA, US",,https://www.scu.edu/csi/organizations/directory/,"Members are students in technical, business, or intensive academic communities with heavy laptop use.","7-Day Lock-In Challenge for SCU members; free Pro, founder-led onboarding, and results shared back to the group.",Could you connect me with the current club president or share a 7-day focus challenge with members?,7,9,8
Initial User Gatekeeper,,University Student Organization,tvanadilok@scu.edu,Email,mailto:tvanadilok@scu.edu,,,,,,https://www.scu.edu/csi/organizations/directory/,2026-08-31,Not Contacted,Org verified in SCU 2026 RSO directory. Listed contact is Center for Student Involvement; ask for current officer contact.,Institute of Electrical and Electronics Engineers (IEEE),,Santa Clara University,"Santa Clara, CA, US",,https://www.scu.edu/csi/organizations/directory/,"Members are students in technical, business, or intensive academic communities with heavy laptop use.","7-Day Lock-In Challenge for SCU members; free Pro, founder-led onboarding, and results shared back to the group.",Could you connect me with the current club president or share a 7-day focus challenge with members?,7,9,8
Initial User Gatekeeper,,University Student Organization,tvanadilok@scu.edu,Email,mailto:tvanadilok@scu.edu,,,,,,https://www.scu.edu/csi/organizations/directory/,2026-08-31,Not Contacted,Org verified in SCU 2026 RSO directory. Listed contact is Center for Student Involvement; ask for current officer contact.,Santa Clara Formula SAE,,Santa Clara University,"Santa Clara, CA, US",,https://www.scu.edu/csi/organizations/directory/,"Members are students in technical, business, or intensive academic communities with heavy laptop use.","7-Day Lock-In Challenge for SCU members; free Pro, founder-led onboarding, and results shared back to the group.",Could you connect me with the current club president or share a 7-day focus challenge with members?,7,9,8
Initial User Gatekeeper,,University Student Organization,tvanadilok@scu.edu,Email,mailto:tvanadilok@scu.edu,,,,,,https://www.scu.edu/csi/organizations/directory/,2026-08-31,Not Contacted,Org verified in SCU 2026 RSO directory. Listed contact is Center for Student Involvement; ask for current officer contact.,Santa Clara University Robotics,,Santa Clara University,"Santa Clara, CA, US",,https://www.scu.edu/csi/organizations/directory/,"Members are students in technical, business, or intensive academic communities with heavy laptop use.","7-Day Lock-In Challenge for SCU members; free Pro, founder-led onboarding, and results shared back to the group.",Could you connect me with the current club president or share a 7-day focus challenge with members?,7,9,8
Initial User Gatekeeper,,University Student Organization,tvanadilok@scu.edu,Email,mailto:tvanadilok@scu.edu,,,,,,https://www.scu.edu/csi/organizations/directory/,2026-08-31,Not Contacted,Org verified in SCU 2026 RSO directory. Listed contact is Center for Student Involvement; ask for current officer contact.,SCU Maker Club,,Santa Clara University,"Santa Clara, CA, US",,https://www.scu.edu/csi/organizations/directory/,"Members are students in technical, business, or intensive academic communities with heavy laptop use.","7-Day Lock-In Challenge for SCU members; free Pro, founder-led onboarding, and results shared back to the group.",Could you connect me with the current club president or share a 7-day focus challenge with members?,7,9,8
Initial User Gatekeeper,,University Student Organization,tvanadilok@scu.edu,Email,mailto:tvanadilok@scu.edu,,,,,,https://www.scu.edu/csi/organizations/directory/,2026-08-31,Not Contacted,Org verified in SCU 2026 RSO directory. Listed contact is Center for Student Involvement; ask for current officer contact.,Society of Hispanic Professional Engineers,,Santa Clara University,"Santa Clara, CA, US",,https://www.scu.edu/csi/organizations/directory/,"Members are students in technical, business, or intensive academic communities with heavy laptop use.","7-Day Lock-In Challenge for SCU members; free Pro, founder-led onboarding, and results shared back to the group.",Could you connect me with the current club president or share a 7-day focus challenge with members?,7,9,8
Initial User Gatekeeper,,University Student Organization,tvanadilok@scu.edu,Email,mailto:tvanadilok@scu.edu,,,,,,https://www.scu.edu/csi/organizations/directory/,2026-08-31,Not Contacted,Org verified in SCU 2026 RSO directory. Listed contact is Center for Student Involvement; ask for current officer contact.,Society of Women Engineers,,Santa Clara University,"Santa Clara, CA, US",,https://www.scu.edu/csi/organizations/directory/,"Members are students in technical, business, or intensive academic communities with heavy laptop use.","7-Day Lock-In Challenge for SCU members; free Pro, founder-led onboarding, and results shared back to the group.",Could you connect me with the current club president or share a 7-day focus challenge with members?,7,9,8
Initial User Gatekeeper,,University Student Organization,tvanadilok@scu.edu,Email,mailto:tvanadilok@scu.edu,,,,,,https://www.scu.edu/csi/organizations/directory/,2026-08-31,Not Contacted,Org verified in SCU 2026 RSO directory. Listed contact is Center for Student Involvement; ask for current officer contact.,Theta Tau,,Santa Clara University,"Santa Clara, CA, US",,https://www.scu.edu/csi/organizations/directory/,"Members are students in technical, business, or intensive academic communities with heavy laptop use.","7-Day Lock-In Challenge for SCU members; free Pro, founder-led onboarding, and results shared back to the group.",Could you connect me with the current club president or share a 7-day focus challenge with members?,7,9,8
Initial User Gatekeeper,,University Student Organization,tvanadilok@scu.edu,Email,mailto:tvanadilok@scu.edu,,,,,,https://www.scu.edu/csi/organizations/directory/,2026-08-31,Not Contacted,Org verified in SCU 2026 RSO directory. Listed contact is Center for Student Involvement; ask for current officer contact.,Women in Cybersecurity,,Santa Clara University,"Santa Clara, CA, US",,https://www.scu.edu/csi/organizations/directory/,"Members are students in technical, business, or intensive academic communities with heavy laptop use.","7-Day Lock-In Challenge for SCU members; free Pro, founder-led onboarding, and results shared back to the group.",Could you connect me with the current club president or share a 7-day focus challenge with members?,7,9,8
Initial User Gatekeeper,,University Student Organization,tvanadilok@scu.edu,Email,mailto:tvanadilok@scu.edu,,,,,,https://www.scu.edu/csi/organizations/directory/,2026-08-31,Not Contacted,Org verified in SCU 2026 RSO directory. Listed contact is Center for Student Involvement; ask for current officer contact.,Women in Electrical Engineering,,Santa Clara University,"Santa Clara, CA, US",,https://www.scu.edu/csi/organizations/directory/,"Members are students in technical, business, or intensive academic communities with heavy laptop use.","7-Day Lock-In Challenge for SCU members; free Pro, founder-led onboarding, and results shared back to the group.",Could you connect me with the current club president or share a 7-day focus challenge with members?,7,9,8
Initial User Gatekeeper,,University Student Organization,tvanadilok@scu.edu,Email,mailto:tvanadilok@scu.edu,,,,,,https://www.scu.edu/csi/organizations/directory/,2026-08-31,Not Contacted,Org verified in SCU 2026 RSO directory. Listed contact is Center for Student Involvement; ask for current officer contact.,Esports & Gaming Club,,Santa Clara University,"Santa Clara, CA, US",,https://www.scu.edu/csi/organizations/directory/,"Members are students in technical, business, or intensive academic communities with heavy laptop use.","7-Day Lock-In Challenge for SCU members; free Pro, founder-led onboarding, and results shared back to the group.",Could you connect me with the current club president or share a 7-day focus challenge with members?,7,9,8
Initial User Gatekeeper,,University Student Organization,tvanadilok@scu.edu,Email,mailto:tvanadilok@scu.edu,,,,,,https://www.scu.edu/csi/organizations/directory/,2026-08-31,Not Contacted,Org verified in SCU 2026 RSO directory. Listed contact is Center for Student Involvement; ask for current officer contact.,VR/AR Club,,Santa Clara University,"Santa Clara, CA, US",,https://www.scu.edu/csi/organizations/directory/,"Members are students in technical, business, or intensive academic communities with heavy laptop use.","7-Day Lock-In Challenge for SCU members; free Pro, founder-led onboarding, and results shared back to the group.",Could you connect me with the current club president or share a 7-day focus challenge with members?,7,9,8
Initial User Gatekeeper,,University Student Organization,tvanadilok@scu.edu,Email,mailto:tvanadilok@scu.edu,,,,,,https://www.scu.edu/csi/organizations/directory/,2026-08-31,Not Contacted,Org verified in SCU 2026 RSO directory. Listed contact is Center for Student Involvement; ask for current officer contact.,Video Game Design Club,,Santa Clara University,"Santa Clara, CA, US",,https://www.scu.edu/csi/organizations/directory/,"Members are students in technical, business, or intensive academic communities with heavy laptop use.","7-Day Lock-In Challenge for SCU members; free Pro, founder-led onboarding, and results shared back to the group.",Could you connect me with the current club president or share a 7-day focus challenge with members?,7,9,8
Initial User Gatekeeper,,University Student Organization,tvanadilok@scu.edu,Email,mailto:tvanadilok@scu.edu,,,,,,https://www.scu.edu/csi/organizations/directory/,2026-08-31,Not Contacted,Org verified in SCU 2026 RSO directory. Listed contact is Center for Student Involvement; ask for current officer contact.,TEDxSantaClaraUniversity,,Santa Clara University,"Santa Clara, CA, US",,https://www.scu.edu/csi/organizations/directory/,"Members are students in technical, business, or intensive academic communities with heavy laptop use.","7-Day Lock-In Challenge for SCU members; free Pro, founder-led onboarding, and results shared back to the group.",Could you connect me with the current club president or share a 7-day focus challenge with members?,7,9,8
Initial User Gatekeeper,,University CS / Builder Organization,usb@cs.purdue.edu,Email,mailto:usb@cs.purdue.edu,,,,,,https://cs.purdue.edu/student-experience/clubs-organizations.html,2026-08-31,Not Contacted,Organization and any listed email verified on Purdue CS club directory.,West Lafayette Undergraduate Student Board,,Purdue University,"Indiana, US",,https://cs.purdue.edu/student-experience/clubs-organizations.html,"Purdue CS/builders are highly aligned with long laptop work sessions, projects, and deadline-driven focus.",Developer Lock-In Sprint: free Pro for one week during project/exam season.,Would you share this with 10–30 members who want to test a physical-key distraction blocker?,9,10,10
Initial User Gatekeeper,,University CS / Builder Organization,csgsb@purdue.edu,Email,mailto:csgsb@purdue.edu,,,,,,https://cs.purdue.edu/student-experience/clubs-organizations.html,2026-08-31,Not Contacted,Organization and any listed email verified on Purdue CS club directory.,Graduate Student Association,,Purdue University,"Indiana, US",,https://cs.purdue.edu/student-experience/clubs-organizations.html,"Purdue CS/builders are highly aligned with long laptop work sessions, projects, and deadline-driven focus.",Developer Lock-In Sprint: free Pro for one week during project/exam season.,Would you share this with 10–30 members who want to test a physical-key distraction blocker?,9,10,10
Initial User Gatekeeper,,University CS / Builder Organization,contact@anvilstartups.com,Email,mailto:contact@anvilstartups.com,,,,,,https://cs.purdue.edu/student-experience/clubs-organizations.html,2026-08-31,Not Contacted,Organization and any listed email verified on Purdue CS club directory.,Anvil,,Purdue University,"Indiana, US",,https://cs.purdue.edu/student-experience/clubs-organizations.html,"Purdue CS/builders are highly aligned with long laptop work sessions, projects, and deadline-driven focus.",Developer Lock-In Sprint: free Pro for one week during project/exam season.,Would you share this with 10–30 members who want to test a physical-key distraction blocker?,9,10,10
Initial User Gatekeeper,,University CS / Builder Organization,acm@purdue.edu,Email,mailto:acm@purdue.edu,,,,,,https://cs.purdue.edu/student-experience/clubs-organizations.html,2026-08-31,Not Contacted,Organization and any listed email verified on Purdue CS club directory.,Association for Computing Machinery,,Purdue University,"Indiana, US",,https://cs.purdue.edu/student-experience/clubs-organizations.html,"Purdue CS/builders are highly aligned with long laptop work sessions, projects, and deadline-driven focus.",Developer Lock-In Sprint: free Pro for one week during project/exam season.,Would you share this with 10–30 members who want to test a physical-key distraction blocker?,9,10,10
Initial User Gatekeeper,,University CS / Builder Organization,amcs@cs.purdue.edu,Email,mailto:amcs@cs.purdue.edu,,,,,,https://cs.purdue.edu/student-experience/clubs-organizations.html,2026-08-31,Not Contacted,Organization and any listed email verified on Purdue CS club directory.,Association of Multicultural Computer Scientists,,Purdue University,"Indiana, US",,https://cs.purdue.edu/student-experience/clubs-organizations.html,"Purdue CS/builders are highly aligned with long laptop work sessions, projects, and deadline-driven focus.",Developer Lock-In Sprint: free Pro for one week during project/exam season.,Would you share this with 10–30 members who want to test a physical-key distraction blocker?,9,10,10
Initial User Gatekeeper,,University CS / Builder Organization,Official org page / Purdue club directory,Official page,https://cs.purdue.edu/student-experience/clubs-organizations.html,,,,,,https://cs.purdue.edu/student-experience/clubs-organizations.html,2026-08-31,Not Contacted,Organization and any listed email verified on Purdue CS club directory.,Autonomous Robotics Club,,Purdue University,"Indiana, US",,https://cs.purdue.edu/student-experience/clubs-organizations.html,"Purdue CS/builders are highly aligned with long laptop work sessions, projects, and deadline-driven focus.",Developer Lock-In Sprint: free Pro for one week during project/exam season.,Would you share this with 10–30 members who want to test a physical-key distraction blocker?,7,10,8
Initial User Gatekeeper,,University CS / Builder Organization,BoilerBlockchain@gmail.com,Email,mailto:BoilerBlockchain@gmail.com,,,,,,https://cs.purdue.edu/student-experience/clubs-organizations.html,2026-08-31,Not Contacted,Organization and any listed email verified on Purdue CS club directory.,Boiler Blockchain,,Purdue University,"Indiana, US",,https://cs.purdue.edu/student-experience/clubs-organizations.html,"Purdue CS/builders are highly aligned with long laptop work sessions, projects, and deadline-driven focus.",Developer Lock-In Sprint: free Pro for one week during project/exam season.,Would you share this with 10–30 members who want to test a physical-key distraction blocker?,9,10,10
Initial User Gatekeeper,,University CS / Builder Organization,team@boilermake.org,Email,mailto:team@boilermake.org,,,,,,https://cs.purdue.edu/student-experience/clubs-organizations.html,2026-08-31,Not Contacted,Organization and any listed email verified on Purdue CS club directory.,BoilerMake,,Purdue University,"Indiana, US",,https://cs.purdue.edu/student-experience/clubs-organizations.html,"Purdue CS/builders are highly aligned with long laptop work sessions, projects, and deadline-driven focus.",Developer Lock-In Sprint: free Pro for one week during project/exam season.,Would you share this with 10–30 members who want to test a physical-key distraction blocker?,9,10,10
Initial User Gatekeeper,,University CS / Builder Organization,ctf@purdue.edu,Email,mailto:ctf@purdue.edu,,,,,,https://cs.purdue.edu/student-experience/clubs-organizations.html,2026-08-31,Not Contacted,Organization and any listed email verified on Purdue CS club directory.,Capture The Flag team (b01lers),,Purdue University,"Indiana, US",,https://cs.purdue.edu/student-experience/clubs-organizations.html,"Purdue CS/builders are highly aligned with long laptop work sessions, projects, and deadline-driven focus.",Developer Lock-In Sprint: free Pro for one week during project/exam season.,Would you share this with 10–30 members who want to test a physical-key distraction blocker?,9,10,10
Initial User Gatekeeper,,University CS / Builder Organization,cpuorg@purdue.edu,Email,mailto:cpuorg@purdue.edu,,,,,,https://cs.purdue.edu/student-experience/clubs-organizations.html,2026-08-31,Not Contacted,Organization and any listed email verified on Purdue CS club directory.,Competitive Programmers Union,,Purdue University,"Indiana, US",,https://cs.purdue.edu/student-experience/clubs-organizations.html,"Purdue CS/builders are highly aligned with long laptop work sessions, projects, and deadline-driven focus.",Developer Lock-In Sprint: free Pro for one week during project/exam season.,Would you share this with 10–30 members who want to test a physical-key distraction blocker?,9,10,10
Initial User Gatekeeper,,University CS / Builder Organization,cswn@cs.purdue.edu,Email,mailto:cswn@cs.purdue.edu,,,,,,https://cs.purdue.edu/student-experience/clubs-organizations.html,2026-08-31,Not Contacted,Organization and any listed email verified on Purdue CS club directory.,Computer Science Women's Network,,Purdue University,"Indiana, US",,https://cs.purdue.edu/student-experience/clubs-organizations.html,"Purdue CS/builders are highly aligned with long laptop work sessions, projects, and deadline-driven focus.",Developer Lock-In Sprint: free Pro for one week during project/exam season.,Would you share this with 10–30 members who want to test a physical-key distraction blocker?,9,10,10
Initial User Gatekeeper,,University CS / Builder Organization,girlswhocode.purdue@gmail.com,Email,mailto:girlswhocode.purdue@gmail.com,,,,,,https://cs.purdue.edu/student-experience/clubs-organizations.html,2026-08-31,Not Contacted,Organization and any listed email verified on Purdue CS club directory.,Girls Who Code - Purdue College Loop,,Purdue University,"Indiana, US",,https://cs.purdue.edu/student-experience/clubs-organizations.html,"Purdue CS/builders are highly aligned with long laptop work sessions, projects, and deadline-driven focus.",Developer Lock-In Sprint: free Pro for one week during project/exam season.,Would you share this with 10–30 members who want to test a physical-key distraction blocker?,9,10,10
Initial User Gatekeeper,,University CS / Builder Organization,htfpurdue@gmail.com,Email,mailto:htfpurdue@gmail.com,,,,,,https://cs.purdue.edu/student-experience/clubs-organizations.html,2026-08-31,Not Contacted,Organization and any listed email verified on Purdue CS club directory.,Hack the Future at Purdue,,Purdue University,"Indiana, US",,https://cs.purdue.edu/student-experience/clubs-organizations.html,"Purdue CS/builders are highly aligned with long laptop work sessions, projects, and deadline-driven focus.",Developer Lock-In Sprint: free Pro for one week during project/exam season.,Would you share this with 10–30 members who want to test a physical-key distraction blocker?,9,10,10
Initial User Gatekeeper,,University CS / Builder Organization,helloworldpurdue@gmail.com,Email,mailto:helloworldpurdue@gmail.com,,,,,,https://cs.purdue.edu/student-experience/clubs-organizations.html,2026-08-31,Not Contacted,Organization and any listed email verified on Purdue CS club directory.,Hello World,,Purdue University,"Indiana, US",,https://cs.purdue.edu/student-experience/clubs-organizations.html,"Purdue CS/builders are highly aligned with long laptop work sessions, projects, and deadline-driven focus.",Developer Lock-In Sprint: free Pro for one week during project/exam season.,Would you share this with 10–30 members who want to test a physical-key distraction blocker?,9,10,10
Initial User Gatekeeper,,University CS / Builder Organization,humanoid@purdue.edu,Email,mailto:humanoid@purdue.edu,,,,,,https://cs.purdue.edu/student-experience/clubs-organizations.html,2026-08-31,Not Contacted,Organization and any listed email verified on Purdue CS club directory.,Humanoid Robot Club Purdue,,Purdue University,"Indiana, US",,https://cs.purdue.edu/student-experience/clubs-organizations.html,"Purdue CS/builders are highly aligned with long laptop work sessions, projects, and deadline-driven focus.",Developer Lock-In Sprint: free Pro for one week during project/exam season.,Would you share this with 10–30 members who want to test a physical-key distraction blocker?,9,10,10
Initial User Gatekeeper,,University CS / Builder Organization,InnovateHerHacks@gmail.com,Email,mailto:InnovateHerHacks@gmail.com,,,,,,https://cs.purdue.edu/student-experience/clubs-organizations.html,2026-08-31,Not Contacted,Organization and any listed email verified on Purdue CS club directory.,InnovateHer,,Purdue University,"Indiana, US",,https://cs.purdue.edu/student-experience/clubs-organizations.html,"Purdue CS/builders are highly aligned with long laptop work sessions, projects, and deadline-driven focus.",Developer Lock-In Sprint: free Pro for one week during project/exam season.,Would you share this with 10–30 members who want to test a physical-key distraction blocker?,9,10,10
Initial User Gatekeeper,,University CS / Builder Organization,launchpadpurdue@gmail.com,Email,mailto:launchpadpurdue@gmail.com,,,,,,https://cs.purdue.edu/student-experience/clubs-organizations.html,2026-08-31,Not Contacted,Organization and any listed email verified on Purdue CS club directory.,Launchpad,,Purdue University,"Indiana, US",,https://cs.purdue.edu/student-experience/clubs-organizations.html,"Purdue CS/builders are highly aligned with long laptop work sessions, projects, and deadline-driven focus.",Developer Lock-In Sprint: free Pro for one week during project/exam season.,Would you share this with 10–30 members who want to test a physical-key distraction blocker?,9,10,10
Initial User Gatekeeper,,University CS / Builder Organization,aiml@purdue.edu,Email,mailto:aiml@purdue.edu,,,,,,https://cs.purdue.edu/student-experience/clubs-organizations.html,2026-08-31,Not Contacted,Organization and any listed email verified on Purdue CS club directory.,Machine Learning @ Purdue,,Purdue University,"Indiana, US",,https://cs.purdue.edu/student-experience/clubs-organizations.html,"Purdue CS/builders are highly aligned with long laptop work sessions, projects, and deadline-driven focus.",Developer Lock-In Sprint: free Pro for one week during project/exam season.,Would you share this with 10–30 members who want to test a physical-key distraction blocker?,9,10,10
Initial User Gatekeeper,,University CS / Builder Organization,purduehackers@gmail.com,Email,mailto:purduehackers@gmail.com,,,,,,https://cs.purdue.edu/student-experience/clubs-organizations.html,2026-08-31,Not Contacted,Organization and any listed email verified on Purdue CS club directory.,Purdue Hackers,,Purdue University,"Indiana, US",,https://cs.purdue.edu/student-experience/clubs-organizations.html,"Purdue CS/builders are highly aligned with long laptop work sessions, projects, and deadline-driven focus.",Developer Lock-In Sprint: free Pro for one week during project/exam season.,Would you share this with 10–30 members who want to test a physical-key distraction blocker?,9,10,10
Initial User Gatekeeper,,University CS / Builder Organization,Official org page / Purdue club directory,Official page,https://cs.purdue.edu/student-experience/clubs-organizations.html,,,,,,https://cs.purdue.edu/student-experience/clubs-organizations.html,2026-08-31,Not Contacted,Organization and any listed email verified on Purdue CS club directory.,Purdue IEEE,,Purdue University,"Indiana, US",,https://cs.purdue.edu/student-experience/clubs-organizations.html,"Purdue CS/builders are highly aligned with long laptop work sessions, projects, and deadline-driven focus.",Developer Lock-In Sprint: free Pro for one week during project/exam season.,Would you share this with 10–30 members who want to test a physical-key distraction blocker?,7,10,8
Initial User Gatekeeper,,University CS / Builder Organization,officers@purduelug.org,Email,mailto:officers@purduelug.org,,,,,,https://cs.purdue.edu/student-experience/clubs-organizations.html,2026-08-31,Not Contacted,Organization and any listed email verified on Purdue CS club directory.,Purdue Linux Users Group,,Purdue University,"Indiana, US",,https://cs.purdue.edu/student-experience/clubs-organizations.html,"Purdue CS/builders are highly aligned with long laptop work sessions, projects, and deadline-driven focus.",Developer Lock-In Sprint: free Pro for one week during project/exam season.,Would you share this with 10–30 members who want to test a physical-key distraction blocker?,9,10,10
Initial User Gatekeeper,,University CS / Builder Organization,president@purduesolar.org,Email,mailto:president@purduesolar.org,,,,,,https://cs.purdue.edu/student-experience/clubs-organizations.html,2026-08-31,Not Contacted,Organization and any listed email verified on Purdue CS club directory.,Purdue Solar Racing,,Purdue University,"Indiana, US",,https://cs.purdue.edu/student-experience/clubs-organizations.html,"Purdue CS/builders are highly aligned with long laptop work sessions, projects, and deadline-driven focus.",Developer Lock-In Sprint: free Pro for one week during project/exam season.,Would you share this with 10–30 members who want to test a physical-key distraction blocker?,9,10,10
Initial User Gatekeeper,,University CS / Builder Organization,rmc@purdue.edu,Email,mailto:rmc@purdue.edu,,,,,,https://cs.purdue.edu/student-experience/clubs-organizations.html,2026-08-31,Not Contacted,Organization and any listed email verified on Purdue CS club directory.,RoboMaster Club,,Purdue University,"Indiana, US",,https://cs.purdue.edu/student-experience/clubs-organizations.html,"Purdue CS/builders are highly aligned with long laptop work sessions, projects, and deadline-driven focus.",Developer Lock-In Sprint: free Pro for one week during project/exam season.,Would you share this with 10–30 members who want to test a physical-key distraction blocker?,9,10,10
Initial User Gatekeeper,,University CS / Builder Organization,purduesearch@gmail.com,Email,mailto:purduesearch@gmail.com,,,,,,https://cs.purdue.edu/student-experience/clubs-organizations.html,2026-08-31,Not Contacted,Organization and any listed email verified on Purdue CS club directory.,Space and Earth Analogs Research Chapter,,Purdue University,"Indiana, US",,https://cs.purdue.edu/student-experience/clubs-organizations.html,"Purdue CS/builders are highly aligned with long laptop work sessions, projects, and deadline-driven focus.",Developer Lock-In Sprint: free Pro for one week during project/exam season.,Would you share this with 10–30 members who want to test a physical-key distraction blocker?,9,10,10
Initial User Gatekeeper,,University CS / Builder Organization,siam@purdue.edu,Email,mailto:siam@purdue.edu,,,,,,https://cs.purdue.edu/student-experience/clubs-organizations.html,2026-08-31,Not Contacted,Organization and any listed email verified on Purdue CS club directory.,Siam@Purdue,,Purdue University,"Indiana, US",,https://cs.purdue.edu/student-experience/clubs-organizations.html,"Purdue CS/builders are highly aligned with long laptop work sessions, projects, and deadline-driven focus.",Developer Lock-In Sprint: free Pro for one week during project/exam season.,Would you share this with 10–30 members who want to test a physical-key distraction blocker?,9,10,10
Initial User Gatekeeper,,University CS / Builder Organization,Official org page / Purdue club directory,Official page,https://cs.purdue.edu/student-experience/clubs-organizations.html,,,,,,https://cs.purdue.edu/student-experience/clubs-organizations.html,2026-08-31,Not Contacted,Organization and any listed email verified on Purdue CS club directory.,Upsilon Pi Epsilon,,Purdue University,"Indiana, US",,https://cs.purdue.edu/student-experience/clubs-organizations.html,"Purdue CS/builders are highly aligned with long laptop work sessions, projects, and deadline-driven focus.",Developer Lock-In Sprint: free Pro for one week during project/exam season.,Would you share this with 10–30 members who want to test a physical-key distraction blocker?,7,10,8
Initial User Gatekeeper,,University CS / Builder Organization,wdc@purdue.edu,Email,mailto:wdc@purdue.edu,,,,,,https://cs.purdue.edu/student-experience/clubs-organizations.html,2026-08-31,Not Contacted,Organization and any listed email verified on Purdue CS club directory.,Web Dev Club,,Purdue University,"Indiana, US",,https://cs.purdue.edu/student-experience/clubs-organizations.html,"Purdue CS/builders are highly aligned with long laptop work sessions, projects, and deadline-driven focus.",Developer Lock-In Sprint: free Pro for one week during project/exam season.,Would you share this with 10–30 members who want to test a physical-key distraction blocker?,9,10,10
Initial User Gatekeeper,,University CS / Builder Organization,ibrahimf@purdue.edu,Email,mailto:ibrahimf@purdue.edu,,,,,,https://cs.purdue.edu/student-experience/clubs-organizations.html,2026-08-31,Not Contacted,Organization and any listed email verified on Purdue CS club directory.,Indianapolis Undergraduate Student Board,,Purdue University,"Indiana, US",,https://cs.purdue.edu/student-experience/clubs-organizations.html,"Purdue CS/builders are highly aligned with long laptop work sessions, projects, and deadline-driven focus.",Developer Lock-In Sprint: free Pro for one week during project/exam season.,Would you share this with 10–30 members who want to test a physical-key distraction blocker?,9,10,10
Initial User Gatekeeper,,University CS / Builder Organization,npumphr@purdue.edu,Email,mailto:npumphr@purdue.edu,,,,,,https://cs.purdue.edu/student-experience/clubs-organizations.html,2026-08-31,Not Contacted,Organization and any listed email verified on Purdue CS club directory.,PINSecurity,,Purdue University,"Indiana, US",,https://cs.purdue.edu/student-experience/clubs-organizations.html,"Purdue CS/builders are highly aligned with long laptop work sessions, projects, and deadline-driven focus.",Developer Lock-In Sprint: free Pro for one week during project/exam season.,Would you share this with 10–30 members who want to test a physical-key distraction blocker?,9,10,10
Initial User Gatekeeper,,University CS / Builder Organization,rtali@purdue.edu,Email,mailto:rtali@purdue.edu,,,,,,https://cs.purdue.edu/student-experience/clubs-organizations.html,2026-08-31,Not Contacted,Organization and any listed email verified on Purdue CS club directory.,Computer Science Club - Purdue Indianapolis,,Purdue University,"Indiana, US",,https://cs.purdue.edu/student-experience/clubs-organizations.html,"Purdue CS/builders are highly aligned with long laptop work sessions, projects, and deadline-driven focus.",Developer Lock-In Sprint: free Pro for one week during project/exam season.,Would you share this with 10–30 members who want to test a physical-key distraction blocker?,9,10,10
Initial User Gatekeeper,,University CS / Builder Organization,shanka61@purdue.edu,Email,mailto:shanka61@purdue.edu,,,,,,https://cs.purdue.edu/student-experience/clubs-organizations.html,2026-08-31,Not Contacted,Organization and any listed email verified on Purdue CS club directory.,Computer Science Women's Network - Indianapolis,,Purdue University,"Indiana, US",,https://cs.purdue.edu/student-experience/clubs-organizations.html,"Purdue CS/builders are highly aligned with long laptop work sessions, projects, and deadline-driven focus.",Developer Lock-In Sprint: free Pro for one week during project/exam season.,Would you share this with 10–30 members who want to test a physical-key distraction blocker?,9,10,10
Initial User Gatekeeper,,University CS / Builder Organization,haynes84@purdue.edu,Email,mailto:haynes84@purdue.edu,,,,,,https://cs.purdue.edu/student-experience/clubs-organizations.html,2026-08-31,Not Contacted,Organization and any listed email verified on Purdue CS club directory.,Future Coders Initiative,,Purdue University,"Indiana, US",,https://cs.purdue.edu/student-experience/clubs-organizations.html,"Purdue CS/builders are highly aligned with long laptop work sessions, projects, and deadline-driven focus.",Developer Lock-In Sprint: free Pro for one week during project/exam season.,Would you share this with 10–30 members who want to test a physical-key distraction blocker?,9,10,10
Initial User Gatekeeper,,University CS / Builder Organization,ewhao@purdue.edu,Email,mailto:ewhao@purdue.edu,,,,,,https://cs.purdue.edu/student-experience/clubs-organizations.html,2026-08-31,Not Contacted,Organization and any listed email verified on Purdue CS club directory.,Computer Science Undergraduate Student Board - Indianapolis,,Purdue University,"Indiana, US",,https://cs.purdue.edu/student-experience/clubs-organizations.html,"Purdue CS/builders are highly aligned with long laptop work sessions, projects, and deadline-driven focus.",Developer Lock-In Sprint: free Pro for one week during project/exam season.,Would you share this with 10–30 members who want to test a physical-key distraction blocker?,9,10,10
Initial User Gatekeeper,,University CS / Builder Organization,ksparsle@purdue.edu,Email,mailto:ksparsle@purdue.edu,,,,,,https://cs.purdue.edu/student-experience/clubs-organizations.html,2026-08-31,Not Contacted,Organization and any listed email verified on Purdue CS club directory.,Professional Practice Ambassadors,,Purdue University,"Indiana, US",,https://cs.purdue.edu/student-experience/clubs-organizations.html,"Purdue CS/builders are highly aligned with long laptop work sessions, projects, and deadline-driven focus.",Developer Lock-In Sprint: free Pro for one week during project/exam season.,Would you share this with 10–30 members who want to test a physical-key distraction blocker?,9,10,10
Initial User Gatekeeper,,University Engineering / CS Organization,Official club site/Instagram linked from UC Davis directory,Official page / Instagram,https://engineering.ucdavis.edu/undergraduates/student-organizations,,,,,,https://engineering.ucdavis.edu/undergraduates/student-organizations,2026-08-31,Not Contacted,Organization verified on UC Davis College of Engineering 2026 club directory; directory links to each club's official site or Instagram.,Aggie Space Initiative,,UC Davis,"Davis, CA, US",,https://engineering.ucdavis.edu/undergraduates/student-organizations,"Engineering and CS students are laptop-heavy, project-driven, and a strong cohort for testing deep-work friction.",7-Day Engineering Lock-In Challenge around project/exam week; free Pro plus direct founder onboarding.,Could I send you a 3-sentence blurb to share with members?,7,10,8
Initial User Gatekeeper,,University Engineering / CS Organization,Official club site/Instagram linked from UC Davis directory,Official page / Instagram,https://engineering.ucdavis.edu/undergraduates/student-organizations,,,,,,https://engineering.ucdavis.edu/undergraduates/student-organizations,2026-08-31,Not Contacted,Organization verified on UC Davis College of Engineering 2026 club directory; directory links to each club's official site or Instagram.,Aggie Sports Analytics,,UC Davis,"Davis, CA, US",,https://engineering.ucdavis.edu/undergraduates/student-organizations,"Engineering and CS students are laptop-heavy, project-driven, and a strong cohort for testing deep-work friction.",7-Day Engineering Lock-In Challenge around project/exam week; free Pro plus direct founder onboarding.,Could I send you a 3-sentence blurb to share with members?,7,10,8
Initial User Gatekeeper,,University Engineering / CS Organization,Official club site/Instagram linked from UC Davis directory,Official page / Instagram,https://engineering.ucdavis.edu/undergraduates/student-organizations,,,,,,https://engineering.ucdavis.edu/undergraduates/student-organizations,2026-08-31,Not Contacted,Organization verified on UC Davis College of Engineering 2026 club directory; directory links to each club's official site or Instagram.,American Institute of Chemical Engineers (AIChE),,UC Davis,"Davis, CA, US",,https://engineering.ucdavis.edu/undergraduates/student-organizations,"Engineering and CS students are laptop-heavy, project-driven, and a strong cohort for testing deep-work friction.",7-Day Engineering Lock-In Challenge around project/exam week; free Pro plus direct founder onboarding.,Could I send you a 3-sentence blurb to share with members?,7,10,8
Initial User Gatekeeper,,University Engineering / CS Organization,Official club site/Instagram linked from UC Davis directory,Official page / Instagram,https://engineering.ucdavis.edu/undergraduates/student-organizations,,,,,,https://engineering.ucdavis.edu/undergraduates/student-organizations,2026-08-31,Not Contacted,Organization verified on UC Davis College of Engineering 2026 club directory; directory links to each club's official site or Instagram.,American Society of Civil Engineers (ASCE),,UC Davis,"Davis, CA, US",,https://engineering.ucdavis.edu/undergraduates/student-organizations,"Engineering and CS students are laptop-heavy, project-driven, and a strong cohort for testing deep-work friction.",7-Day Engineering Lock-In Challenge around project/exam week; free Pro plus direct founder onboarding.,Could I send you a 3-sentence blurb to share with members?,7,10,8
Initial User Gatekeeper,,University Engineering / CS Organization,Official club site/Instagram linked from UC Davis directory,Official page / Instagram,https://engineering.ucdavis.edu/undergraduates/student-organizations,,,,,,https://engineering.ucdavis.edu/undergraduates/student-organizations,2026-08-31,Not Contacted,Organization verified on UC Davis College of Engineering 2026 club directory; directory links to each club's official site or Instagram.,American Society of Mechanical Engineers at UC Davis,,UC Davis,"Davis, CA, US",,https://engineering.ucdavis.edu/undergraduates/student-organizations,"Engineering and CS students are laptop-heavy, project-driven, and a strong cohort for testing deep-work friction.",7-Day Engineering Lock-In Challenge around project/exam week; free Pro plus direct founder onboarding.,Could I send you a 3-sentence blurb to share with members?,7,10,8
Initial User Gatekeeper,,University Engineering / CS Organization,Official club site/Instagram linked from UC Davis directory,Official page / Instagram,https://engineering.ucdavis.edu/undergraduates/student-organizations,,,,,,https://engineering.ucdavis.edu/undergraduates/student-organizations,2026-08-31,Not Contacted,Organization verified on UC Davis College of Engineering 2026 club directory; directory links to each club's official site or Instagram.,ASHRAE Student Chapter at UC Davis,,UC Davis,"Davis, CA, US",,https://engineering.ucdavis.edu/undergraduates/student-organizations,"Engineering and CS students are laptop-heavy, project-driven, and a strong cohort for testing deep-work friction.",7-Day Engineering Lock-In Challenge around project/exam week; free Pro plus direct founder onboarding.,Could I send you a 3-sentence blurb to share with members?,7,10,8
Initial User Gatekeeper,,University Engineering / CS Organization,Official club site/Instagram linked from UC Davis directory,Official page / Instagram,https://engineering.ucdavis.edu/undergraduates/student-organizations,,,,,,https://engineering.ucdavis.edu/undergraduates/student-organizations,2026-08-31,Not Contacted,Organization verified on UC Davis College of Engineering 2026 club directory; directory links to each club's official site or Instagram.,BioInnovation Group (BIG),,UC Davis,"Davis, CA, US",,https://engineering.ucdavis.edu/undergraduates/student-organizations,"Engineering and CS students are laptop-heavy, project-driven, and a strong cohort for testing deep-work friction.",7-Day Engineering Lock-In Challenge around project/exam week; free Pro plus direct founder onboarding.,Could I send you a 3-sentence blurb to share with members?,7,10,8
Initial User Gatekeeper,,University Engineering / CS Organization,Official club site/Instagram linked from UC Davis directory,Official page / Instagram,https://engineering.ucdavis.edu/undergraduates/student-organizations,,,,,,https://engineering.ucdavis.edu/undergraduates/student-organizations,2026-08-31,Not Contacted,Organization verified on UC Davis College of Engineering 2026 club directory; directory links to each club's official site or Instagram.,Biomedical Engineering Society (BMES),,UC Davis,"Davis, CA, US",,https://engineering.ucdavis.edu/undergraduates/student-organizations,"Engineering and CS students are laptop-heavy, project-driven, and a strong cohort for testing deep-work friction.",7-Day Engineering Lock-In Challenge around project/exam week; free Pro plus direct founder onboarding.,Could I send you a 3-sentence blurb to share with members?,7,10,8
Initial User Gatekeeper,,University Engineering / CS Organization,Official club site/Instagram linked from UC Davis directory,Official page / Instagram,https://engineering.ucdavis.edu/undergraduates/student-organizations,,,,,,https://engineering.ucdavis.edu/undergraduates/student-organizations,2026-08-31,Not Contacted,Organization verified on UC Davis College of Engineering 2026 club directory; directory links to each club's official site or Instagram.,Computer Science Tutoring Club,,UC Davis,"Davis, CA, US",,https://engineering.ucdavis.edu/undergraduates/student-organizations,"Engineering and CS students are laptop-heavy, project-driven, and a strong cohort for testing deep-work friction.",7-Day Engineering Lock-In Challenge around project/exam week; free Pro plus direct founder onboarding.,Could I send you a 3-sentence blurb to share with members?,7,10,8
Initial User Gatekeeper,,University Engineering / CS Organization,Official club site/Instagram linked from UC Davis directory,Official page / Instagram,https://engineering.ucdavis.edu/undergraduates/student-organizations,,,,,,https://engineering.ucdavis.edu/undergraduates/student-organizations,2026-08-31,Not Contacted,Organization verified on UC Davis College of Engineering 2026 club directory; directory links to each club's official site or Instagram.,Construction Management Club,,UC Davis,"Davis, CA, US",,https://engineering.ucdavis.edu/undergraduates/student-organizations,"Engineering and CS students are laptop-heavy, project-driven, and a strong cohort for testing deep-work friction.",7-Day Engineering Lock-In Challenge around project/exam week; free Pro plus direct founder onboarding.,Could I send you a 3-sentence blurb to share with members?,7,10,8
Initial User Gatekeeper,,University Engineering / CS Organization,Official club site/Instagram linked from UC Davis directory,Official page / Instagram,https://engineering.ucdavis.edu/undergraduates/student-organizations,,,,,,https://engineering.ucdavis.edu/undergraduates/student-organizations,2026-08-31,Not Contacted,Organization verified on UC Davis College of Engineering 2026 club directory; directory links to each club's official site or Instagram.,Cyber Security Club at UC Davis,,UC Davis,"Davis, CA, US",,https://engineering.ucdavis.edu/undergraduates/student-organizations,"Engineering and CS students are laptop-heavy, project-driven, and a strong cohort for testing deep-work friction.",7-Day Engineering Lock-In Challenge around project/exam week; free Pro plus direct founder onboarding.,Could I send you a 3-sentence blurb to share with members?,7,10,8
Initial User Gatekeeper,,University Engineering / CS Organization,Official club site/Instagram linked from UC Davis directory,Official page / Instagram,https://engineering.ucdavis.edu/undergraduates/student-organizations,,,,,,https://engineering.ucdavis.edu/undergraduates/student-organizations,2026-08-31,Not Contacted,Organization verified on UC Davis College of Engineering 2026 club directory; directory links to each club's official site or Instagram.,Davis Undergraduate Engineering Network,,UC Davis,"Davis, CA, US",,https://engineering.ucdavis.edu/undergraduates/student-organizations,"Engineering and CS students are laptop-heavy, project-driven, and a strong cohort for testing deep-work friction.",7-Day Engineering Lock-In Challenge around project/exam week; free Pro plus direct founder onboarding.,Could I send you a 3-sentence blurb to share with members?,7,10,8
Initial User Gatekeeper,,University Engineering / CS Organization,Official club site/Instagram linked from UC Davis directory,Official page / Instagram,https://engineering.ucdavis.edu/undergraduates/student-organizations,,,,,,https://engineering.ucdavis.edu/undergraduates/student-organizations,2026-08-31,Not Contacted,Organization verified on UC Davis College of Engineering 2026 club directory; directory links to each club's official site or Instagram.,Engineers Without Borders (EWB),,UC Davis,"Davis, CA, US",,https://engineering.ucdavis.edu/undergraduates/student-organizations,"Engineering and CS students are laptop-heavy, project-driven, and a strong cohort for testing deep-work friction.",7-Day Engineering Lock-In Challenge around project/exam week; free Pro plus direct founder onboarding.,Could I send you a 3-sentence blurb to share with members?,7,10,8
Initial User Gatekeeper,,University Engineering / CS Organization,Official club site/Instagram linked from UC Davis directory,Official page / Instagram,https://engineering.ucdavis.edu/undergraduates/student-organizations,,,,,,https://engineering.ucdavis.edu/undergraduates/student-organizations,2026-08-31,Not Contacted,Organization verified on UC Davis College of Engineering 2026 club directory; directory links to each club's official site or Instagram.,Institute of Electrical and Electronics Engineers (IEEE),,UC Davis,"Davis, CA, US",,https://engineering.ucdavis.edu/undergraduates/student-organizations,"Engineering and CS students are laptop-heavy, project-driven, and a strong cohort for testing deep-work friction.",7-Day Engineering Lock-In Challenge around project/exam week; free Pro plus direct founder onboarding.,Could I send you a 3-sentence blurb to share with members?,7,10,8
Initial User Gatekeeper,,University Engineering / CS Organization,Official club site/Instagram linked from UC Davis directory,Official page / Instagram,https://engineering.ucdavis.edu/undergraduates/student-organizations,,,,,,https://engineering.ucdavis.edu/undergraduates/student-organizations,2026-08-31,Not Contacted,Organization verified on UC Davis College of Engineering 2026 club directory; directory links to each club's official site or Instagram.,International Society for Pharmaceutical Engineering (ISPE),,UC Davis,"Davis, CA, US",,https://engineering.ucdavis.edu/undergraduates/student-organizations,"Engineering and CS students are laptop-heavy, project-driven, and a strong cohort for testing deep-work friction.",7-Day Engineering Lock-In Challenge around project/exam week; free Pro plus direct founder onboarding.,Could I send you a 3-sentence blurb to share with members?,7,10,8
Initial User Gatekeeper,,University Engineering / CS Organization,Official club site/Instagram linked from UC Davis directory,Official page / Instagram,https://engineering.ucdavis.edu/undergraduates/student-organizations,,,,,,https://engineering.ucdavis.edu/undergraduates/student-organizations,2026-08-31,Not Contacted,Organization verified on UC Davis College of Engineering 2026 club directory; directory links to each club's official site or Instagram.,Math Club,,UC Davis,"Davis, CA, US",,https://engineering.ucdavis.edu/undergraduates/student-organizations,"Engineering and CS students are laptop-heavy, project-driven, and a strong cohort for testing deep-work friction.",7-Day Engineering Lock-In Challenge around project/exam week; free Pro plus direct founder onboarding.,Could I send you a 3-sentence blurb to share with members?,7,10,8
Initial User Gatekeeper,,University Engineering / CS Organization,Official club site/Instagram linked from UC Davis directory,Official page / Instagram,https://engineering.ucdavis.edu/undergraduates/student-organizations,,,,,,https://engineering.ucdavis.edu/undergraduates/student-organizations,2026-08-31,Not Contacted,Organization verified on UC Davis College of Engineering 2026 club directory; directory links to each club's official site or Instagram.,Neurotech@Davis,,UC Davis,"Davis, CA, US",,https://engineering.ucdavis.edu/undergraduates/student-organizations,"Engineering and CS students are laptop-heavy, project-driven, and a strong cohort for testing deep-work friction.",7-Day Engineering Lock-In Challenge around project/exam week; free Pro plus direct founder onboarding.,Could I send you a 3-sentence blurb to share with members?,7,10,8
Initial User Gatekeeper,,University Engineering / CS Organization,Official club site/Instagram linked from UC Davis directory,Official page / Instagram,https://engineering.ucdavis.edu/undergraduates/student-organizations,,,,,,https://engineering.ucdavis.edu/undergraduates/student-organizations,2026-08-31,Not Contacted,Organization verified on UC Davis College of Engineering 2026 club directory; directory links to each club's official site or Instagram.,Quantum Computing at Davis (QCaD),,UC Davis,"Davis, CA, US",,https://engineering.ucdavis.edu/undergraduates/student-organizations,"Engineering and CS students are laptop-heavy, project-driven, and a strong cohort for testing deep-work friction.",7-Day Engineering Lock-In Challenge around project/exam week; free Pro plus direct founder onboarding.,Could I send you a 3-sentence blurb to share with members?,7,10,8
Initial User Gatekeeper,,University Engineering / CS Organization,Official club site/Instagram linked from UC Davis directory,Official page / Instagram,https://engineering.ucdavis.edu/undergraduates/student-organizations,,,,,,https://engineering.ucdavis.edu/undergraduates/student-organizations,2026-08-31,Not Contacted,Organization verified on UC Davis College of Engineering 2026 club directory; directory links to each club's official site or Instagram.,Society of Biological Engineers,,UC Davis,"Davis, CA, US",,https://engineering.ucdavis.edu/undergraduates/student-organizations,"Engineering and CS students are laptop-heavy, project-driven, and a strong cohort for testing deep-work friction.",7-Day Engineering Lock-In Challenge around project/exam week; free Pro plus direct founder onboarding.,Could I send you a 3-sentence blurb to share with members?,7,10,8
Initial User Gatekeeper,,University Engineering / CS Organization,Official club site/Instagram linked from UC Davis directory,Official page / Instagram,https://engineering.ucdavis.edu/undergraduates/student-organizations,,,,,,https://engineering.ucdavis.edu/undergraduates/student-organizations,2026-08-31,Not Contacted,Organization verified on UC Davis College of Engineering 2026 club directory; directory links to each club's official site or Instagram.,Society of Manufacturing Engineers,,UC Davis,"Davis, CA, US",,https://engineering.ucdavis.edu/undergraduates/student-organizations,"Engineering and CS students are laptop-heavy, project-driven, and a strong cohort for testing deep-work friction.",7-Day Engineering Lock-In Challenge around project/exam week; free Pro plus direct founder onboarding.,Could I send you a 3-sentence blurb to share with members?,7,10,8
Initial User Gatekeeper,,University Engineering / CS Organization,Official club site/Instagram linked from UC Davis directory,Official page / Instagram,https://engineering.ucdavis.edu/undergraduates/student-organizations,,,,,,https://engineering.ucdavis.edu/undergraduates/student-organizations,2026-08-31,Not Contacted,Organization verified on UC Davis College of Engineering 2026 club directory; directory links to each club's official site or Instagram.,Advanced Modeling Aeronautics Team,,UC Davis,"Davis, CA, US",,https://engineering.ucdavis.edu/undergraduates/student-organizations,"Engineering and CS students are laptop-heavy, project-driven, and a strong cohort for testing deep-work friction.",7-Day Engineering Lock-In Challenge around project/exam week; free Pro plus direct founder onboarding.,Could I send you a 3-sentence blurb to share with members?,7,10,8
Initial User Gatekeeper,,University Engineering / CS Organization,Official club site/Instagram linked from UC Davis directory,Official page / Instagram,https://engineering.ucdavis.edu/undergraduates/student-organizations,,,,,,https://engineering.ucdavis.edu/undergraduates/student-organizations,2026-08-31,Not Contacted,Organization verified on UC Davis College of Engineering 2026 club directory; directory links to each club's official site or Instagram.,Baja SAE,,UC Davis,"Davis, CA, US",,https://engineering.ucdavis.edu/undergraduates/student-organizations,"Engineering and CS students are laptop-heavy, project-driven, and a strong cohort for testing deep-work friction.",7-Day Engineering Lock-In Challenge around project/exam week; free Pro plus direct founder onboarding.,Could I send you a 3-sentence blurb to share with members?,7,10,8
Initial User Gatekeeper,,University Engineering / CS Organization,Official club site/Instagram linked from UC Davis directory,Official page / Instagram,https://engineering.ucdavis.edu/undergraduates/student-organizations,,,,,,https://engineering.ucdavis.edu/undergraduates/student-organizations,2026-08-31,Not Contacted,Organization verified on UC Davis College of Engineering 2026 club directory; directory links to each club's official site or Instagram.,Chem-E-Car,,UC Davis,"Davis, CA, US",,https://engineering.ucdavis.edu/undergraduates/student-organizations,"Engineering and CS students are laptop-heavy, project-driven, and a strong cohort for testing deep-work friction.",7-Day Engineering Lock-In Challenge around project/exam week; free Pro plus direct founder onboarding.,Could I send you a 3-sentence blurb to share with members?,7,10,8
Initial User Gatekeeper,,University Engineering / CS Organization,Official club site/Instagram linked from UC Davis directory,Official page / Instagram,https://engineering.ucdavis.edu/undergraduates/student-organizations,,,,,,https://engineering.ucdavis.edu/undergraduates/student-organizations,2026-08-31,Not Contacted,Organization verified on UC Davis College of Engineering 2026 club directory; directory links to each club's official site or Instagram.,Concrete Canoe,,UC Davis,"Davis, CA, US",,https://engineering.ucdavis.edu/undergraduates/student-organizations,"Engineering and CS students are laptop-heavy, project-driven, and a strong cohort for testing deep-work friction.",7-Day Engineering Lock-In Challenge around project/exam week; free Pro plus direct founder onboarding.,Could I send you a 3-sentence blurb to share with members?,7,10,8
Initial User Gatekeeper,,University Engineering / CS Organization,Official club site/Instagram linked from UC Davis directory,Official page / Instagram,https://engineering.ucdavis.edu/undergraduates/student-organizations,,,,,,https://engineering.ucdavis.edu/undergraduates/student-organizations,2026-08-31,Not Contacted,Organization verified on UC Davis College of Engineering 2026 club directory; directory links to each club's official site or Instagram.,Cyclone RoboSub,,UC Davis,"Davis, CA, US",,https://engineering.ucdavis.edu/undergraduates/student-organizations,"Engineering and CS students are laptop-heavy, project-driven, and a strong cohort for testing deep-work friction.",7-Day Engineering Lock-In Challenge around project/exam week; free Pro plus direct founder onboarding.,Could I send you a 3-sentence blurb to share with members?,7,10,8
Initial User Gatekeeper,,University Engineering / CS Organization,Official club site/Instagram linked from UC Davis directory,Official page / Instagram,https://engineering.ucdavis.edu/undergraduates/student-organizations,,,,,,https://engineering.ucdavis.edu/undergraduates/student-organizations,2026-08-31,Not Contacted,Organization verified on UC Davis College of Engineering 2026 club directory; directory links to each club's official site or Instagram.,Davis Competitive Programming Club (DCPC),,UC Davis,"Davis, CA, US",,https://engineering.ucdavis.edu/undergraduates/student-organizations,"Engineering and CS students are laptop-heavy, project-driven, and a strong cohort for testing deep-work friction.",7-Day Engineering Lock-In Challenge around project/exam week; free Pro plus direct founder onboarding.,Could I send you a 3-sentence blurb to share with members?,7,10,8
Initial User Gatekeeper,,University Engineering / CS Organization,Official club site/Instagram linked from UC Davis directory,Official page / Instagram,https://engineering.ucdavis.edu/undergraduates/student-organizations,,,,,,https://engineering.ucdavis.edu/undergraduates/student-organizations,2026-08-31,Not Contacted,Organization verified on UC Davis College of Engineering 2026 club directory; directory links to each club's official site or Instagram.,Formula Racing,,UC Davis,"Davis, CA, US",,https://engineering.ucdavis.edu/undergraduates/student-organizations,"Engineering and CS students are laptop-heavy, project-driven, and a strong cohort for testing deep-work friction.",7-Day Engineering Lock-In Challenge around project/exam week; free Pro plus direct founder onboarding.,Could I send you a 3-sentence blurb to share with members?,7,10,8
Initial User Gatekeeper,,University Engineering / CS Organization,Official club site/Instagram linked from UC Davis directory,Official page / Instagram,https://engineering.ucdavis.edu/undergraduates/student-organizations,,,,,,https://engineering.ucdavis.edu/undergraduates/student-organizations,2026-08-31,Not Contacted,Organization verified on UC Davis College of Engineering 2026 club directory; directory links to each club's official site or Instagram.,National Association of Rocketry at UC Davis,,UC Davis,"Davis, CA, US",,https://engineering.ucdavis.edu/undergraduates/student-organizations,"Engineering and CS students are laptop-heavy, project-driven, and a strong cohort for testing deep-work friction.",7-Day Engineering Lock-In Challenge around project/exam week; free Pro plus direct founder onboarding.,Could I send you a 3-sentence blurb to share with members?,7,10,8
Initial User Gatekeeper,,University Engineering / CS Organization,Official club site/Instagram linked from UC Davis directory,Official page / Instagram,https://engineering.ucdavis.edu/undergraduates/student-organizations,,,,,,https://engineering.ucdavis.edu/undergraduates/student-organizations,2026-08-31,Not Contacted,Organization verified on UC Davis College of Engineering 2026 club directory; directory links to each club's official site or Instagram.,Seismic Design,,UC Davis,"Davis, CA, US",,https://engineering.ucdavis.edu/undergraduates/student-organizations,"Engineering and CS students are laptop-heavy, project-driven, and a strong cohort for testing deep-work friction.",7-Day Engineering Lock-In Challenge around project/exam week; free Pro plus direct founder onboarding.,Could I send you a 3-sentence blurb to share with members?,7,10,8
Initial User Gatekeeper,,University Engineering / CS Organization,Official club site/Instagram linked from UC Davis directory,Official page / Instagram,https://engineering.ucdavis.edu/undergraduates/student-organizations,,,,,,https://engineering.ucdavis.edu/undergraduates/student-organizations,2026-08-31,Not Contacted,Organization verified on UC Davis College of Engineering 2026 club directory; directory links to each club's official site or Instagram.,Steel Bridge,,UC Davis,"Davis, CA, US",,https://engineering.ucdavis.edu/undergraduates/student-organizations,"Engineering and CS students are laptop-heavy, project-driven, and a strong cohort for testing deep-work friction.",7-Day Engineering Lock-In Challenge around project/exam week; free Pro plus direct founder onboarding.,Could I send you a 3-sentence blurb to share with members?,7,10,8
Initial User Gatekeeper,,University Engineering / CS Organization,Official club site/Instagram linked from UC Davis directory,Official page / Instagram,https://engineering.ucdavis.edu/undergraduates/student-organizations,,,,,,https://engineering.ucdavis.edu/undergraduates/student-organizations,2026-08-31,Not Contacted,Organization verified on UC Davis College of Engineering 2026 club directory; directory links to each club's official site or Instagram.,Chicanx and Latinx Engineers and Scientists Society (CALESS),,UC Davis,"Davis, CA, US",,https://engineering.ucdavis.edu/undergraduates/student-organizations,"Engineering and CS students are laptop-heavy, project-driven, and a strong cohort for testing deep-work friction.",7-Day Engineering Lock-In Challenge around project/exam week; free Pro plus direct founder onboarding.,Could I send you a 3-sentence blurb to share with members?,7,10,8
Initial User Gatekeeper,,University Engineering / CS Organization,Official club site/Instagram linked from UC Davis directory,Official page / Instagram,https://engineering.ucdavis.edu/undergraduates/student-organizations,,,,,,https://engineering.ucdavis.edu/undergraduates/student-organizations,2026-08-31,Not Contacted,Organization verified on UC Davis College of Engineering 2026 club directory; directory links to each club's official site or Instagram.,Club of Future Female/Femme Electrical Engineers (COFFEE),,UC Davis,"Davis, CA, US",,https://engineering.ucdavis.edu/undergraduates/student-organizations,"Engineering and CS students are laptop-heavy, project-driven, and a strong cohort for testing deep-work friction.",7-Day Engineering Lock-In Challenge around project/exam week; free Pro plus direct founder onboarding.,Could I send you a 3-sentence blurb to share with members?,7,10,8
Initial User Gatekeeper,,University Engineering / CS Organization,Official club site/Instagram linked from UC Davis directory,Official page / Instagram,https://engineering.ucdavis.edu/undergraduates/student-organizations,,,,,,https://engineering.ucdavis.edu/undergraduates/student-organizations,2026-08-31,Not Contacted,Organization verified on UC Davis College of Engineering 2026 club directory; directory links to each club's official site or Instagram.,ColorStack,,UC Davis,"Davis, CA, US",,https://engineering.ucdavis.edu/undergraduates/student-organizations,"Engineering and CS students are laptop-heavy, project-driven, and a strong cohort for testing deep-work friction.",7-Day Engineering Lock-In Challenge around project/exam week; free Pro plus direct founder onboarding.,Could I send you a 3-sentence blurb to share with members?,7,10,8
Initial User Gatekeeper,,University Engineering / CS Organization,Official club site/Instagram linked from UC Davis directory,Official page / Instagram,https://engineering.ucdavis.edu/undergraduates/student-organizations,,,,,,https://engineering.ucdavis.edu/undergraduates/student-organizations,2026-08-31,Not Contacted,Organization verified on UC Davis College of Engineering 2026 club directory; directory links to each club's official site or Instagram.,National Society of Black Engineers (NSBE) - UC Davis,,UC Davis,"Davis, CA, US",,https://engineering.ucdavis.edu/undergraduates/student-organizations,"Engineering and CS students are laptop-heavy, project-driven, and a strong cohort for testing deep-work friction.",7-Day Engineering Lock-In Challenge around project/exam week; free Pro plus direct founder onboarding.,Could I send you a 3-sentence blurb to share with members?,7,10,8
Initial User Gatekeeper,,University Engineering / CS Organization,Official club site/Instagram linked from UC Davis directory,Official page / Instagram,https://engineering.ucdavis.edu/undergraduates/student-organizations,,,,,,https://engineering.ucdavis.edu/undergraduates/student-organizations,2026-08-31,Not Contacted,Organization verified on UC Davis College of Engineering 2026 club directory; directory links to each club's official site or Instagram.,Out in STEM (oSTEM),,UC Davis,"Davis, CA, US",,https://engineering.ucdavis.edu/undergraduates/student-organizations,"Engineering and CS students are laptop-heavy, project-driven, and a strong cohort for testing deep-work friction.",7-Day Engineering Lock-In Challenge around project/exam week; free Pro plus direct founder onboarding.,Could I send you a 3-sentence blurb to share with members?,7,10,8
Initial User Gatekeeper,,University Engineering / CS Organization,Official club site/Instagram linked from UC Davis directory,Official page / Instagram,https://engineering.ucdavis.edu/undergraduates/student-organizations,,,,,,https://engineering.ucdavis.edu/undergraduates/student-organizations,2026-08-31,Not Contacted,Organization verified on UC Davis College of Engineering 2026 club directory; directory links to each club's official site or Instagram.,Society of Women Engineers (SWE) - UC Davis,,UC Davis,"Davis, CA, US",,https://engineering.ucdavis.edu/undergraduates/student-organizations,"Engineering and CS students are laptop-heavy, project-driven, and a strong cohort for testing deep-work friction.",7-Day Engineering Lock-In Challenge around project/exam week; free Pro plus direct founder onboarding.,Could I send you a 3-sentence blurb to share with members?,7,10,8
Initial User Gatekeeper,,University Engineering / CS Organization,Official club site/Instagram linked from UC Davis directory,Official page / Instagram,https://engineering.ucdavis.edu/undergraduates/student-organizations,,,,,,https://engineering.ucdavis.edu/undergraduates/student-organizations,2026-08-31,Not Contacted,Organization verified on UC Davis College of Engineering 2026 club directory; directory links to each club's official site or Instagram.,Women in Computer Science (WiCS) - UC Davis,,UC Davis,"Davis, CA, US",,https://engineering.ucdavis.edu/undergraduates/student-organizations,"Engineering and CS students are laptop-heavy, project-driven, and a strong cohort for testing deep-work friction.",7-Day Engineering Lock-In Challenge around project/exam week; free Pro plus direct founder onboarding.,Could I send you a 3-sentence blurb to share with members?,7,10,8
Initial User Gatekeeper,,University Engineering / CS Organization,Official club site/Instagram linked from UC Davis directory,Official page / Instagram,https://engineering.ucdavis.edu/undergraduates/student-organizations,,,,,,https://engineering.ucdavis.edu/undergraduates/student-organizations,2026-08-31,Not Contacted,Organization verified on UC Davis College of Engineering 2026 club directory; directory links to each club's official site or Instagram.,Aggie Propulsion and Rocketry Lab (APRL),,UC Davis,"Davis, CA, US",,https://engineering.ucdavis.edu/undergraduates/student-organizations,"Engineering and CS students are laptop-heavy, project-driven, and a strong cohort for testing deep-work friction.",7-Day Engineering Lock-In Challenge around project/exam week; free Pro plus direct founder onboarding.,Could I send you a 3-sentence blurb to share with members?,7,10,8
Initial User Gatekeeper,,University Engineering / CS Organization,Official club site/Instagram linked from UC Davis directory,Official page / Instagram,https://engineering.ucdavis.edu/undergraduates/student-organizations,,,,,,https://engineering.ucdavis.edu/undergraduates/student-organizations,2026-08-31,Not Contacted,Organization verified on UC Davis College of Engineering 2026 club directory; directory links to each club's official site or Instagram.,AggieWorks,,UC Davis,"Davis, CA, US",,https://engineering.ucdavis.edu/undergraduates/student-organizations,"Engineering and CS students are laptop-heavy, project-driven, and a strong cohort for testing deep-work friction.",7-Day Engineering Lock-In Challenge around project/exam week; free Pro plus direct founder onboarding.,Could I send you a 3-sentence blurb to share with members?,7,10,8
Initial User Gatekeeper,,University Engineering / CS Organization,Official club site/Instagram linked from UC Davis directory,Official page / Instagram,https://engineering.ucdavis.edu/undergraduates/student-organizations,,,,,,https://engineering.ucdavis.edu/undergraduates/student-organizations,2026-08-31,Not Contacted,Organization verified on UC Davis College of Engineering 2026 club directory; directory links to each club's official site or Instagram.,Davis Autonomy Club,,UC Davis,"Davis, CA, US",,https://engineering.ucdavis.edu/undergraduates/student-organizations,"Engineering and CS students are laptop-heavy, project-driven, and a strong cohort for testing deep-work friction.",7-Day Engineering Lock-In Challenge around project/exam week; free Pro plus direct founder onboarding.,Could I send you a 3-sentence blurb to share with members?,7,10,8
Initial User Gatekeeper,,University Engineering / CS Organization,Official club site/Instagram linked from UC Davis directory,Official page / Instagram,https://engineering.ucdavis.edu/undergraduates/student-organizations,,,,,,https://engineering.ucdavis.edu/undergraduates/student-organizations,2026-08-31,Not Contacted,Organization verified on UC Davis College of Engineering 2026 club directory; directory links to each club's official site or Instagram.,Davis Robotics Club,,UC Davis,"Davis, CA, US",,https://engineering.ucdavis.edu/undergraduates/student-organizations,"Engineering and CS students are laptop-heavy, project-driven, and a strong cohort for testing deep-work friction.",7-Day Engineering Lock-In Challenge around project/exam week; free Pro plus direct founder onboarding.,Could I send you a 3-sentence blurb to share with members?,7,10,8
Initial User Gatekeeper,,University Engineering / CS Organization,Official club site/Instagram linked from UC Davis directory,Official page / Instagram,https://engineering.ucdavis.edu/undergraduates/student-organizations,,,,,,https://engineering.ucdavis.edu/undergraduates/student-organizations,2026-08-31,Not Contacted,Organization verified on UC Davis College of Engineering 2026 club directory; directory links to each club's official site or Instagram.,HackDavis,,UC Davis,"Davis, CA, US",,https://engineering.ucdavis.edu/undergraduates/student-organizations,"Engineering and CS students are laptop-heavy, project-driven, and a strong cohort for testing deep-work friction.",7-Day Engineering Lock-In Challenge around project/exam week; free Pro plus direct founder onboarding.,Could I send you a 3-sentence blurb to share with members?,7,10,8
Initial User Gatekeeper,,University Engineering / CS Organization,Official club site/Instagram linked from UC Davis directory,Official page / Instagram,https://engineering.ucdavis.edu/undergraduates/student-organizations,,,,,,https://engineering.ucdavis.edu/undergraduates/student-organizations,2026-08-31,Not Contacted,Organization verified on UC Davis College of Engineering 2026 club directory; directory links to each club's official site or Instagram.,Space and Satellite Systems,,UC Davis,"Davis, CA, US",,https://engineering.ucdavis.edu/undergraduates/student-organizations,"Engineering and CS students are laptop-heavy, project-driven, and a strong cohort for testing deep-work friction.",7-Day Engineering Lock-In Challenge around project/exam week; free Pro plus direct founder onboarding.,Could I send you a 3-sentence blurb to share with members?,7,10,8
Initial User Gatekeeper,,University Engineering / CS Organization,Official club site/Instagram linked from UC Davis directory,Official page / Instagram,https://engineering.ucdavis.edu/undergraduates/student-organizations,,,,,,https://engineering.ucdavis.edu/undergraduates/student-organizations,2026-08-31,Not Contacted,Organization verified on UC Davis College of Engineering 2026 club directory; directory links to each club's official site or Instagram.,Chi Epsilon,,UC Davis,"Davis, CA, US",,https://engineering.ucdavis.edu/undergraduates/student-organizations,"Engineering and CS students are laptop-heavy, project-driven, and a strong cohort for testing deep-work friction.",7-Day Engineering Lock-In Challenge around project/exam week; free Pro plus direct founder onboarding.,Could I send you a 3-sentence blurb to share with members?,7,10,8
Initial User Gatekeeper,,University Engineering / CS Organization,Official club site/Instagram linked from UC Davis directory,Official page / Instagram,https://engineering.ucdavis.edu/undergraduates/student-organizations,,,,,,https://engineering.ucdavis.edu/undergraduates/student-organizations,2026-08-31,Not Contacted,Organization verified on UC Davis College of Engineering 2026 club directory; directory links to each club's official site or Instagram.,Tau Beta Pi,,UC Davis,"Davis, CA, US",,https://engineering.ucdavis.edu/undergraduates/student-organizations,"Engineering and CS students are laptop-heavy, project-driven, and a strong cohort for testing deep-work friction.",7-Day Engineering Lock-In Challenge around project/exam week; free Pro plus direct founder onboarding.,Could I send you a 3-sentence blurb to share with members?,7,10,8
Initial User Gatekeeper,,University Engineering / CS Organization,Official club site/Instagram linked from UC Davis directory,Official page / Instagram,https://engineering.ucdavis.edu/undergraduates/student-organizations,,,,,,https://engineering.ucdavis.edu/undergraduates/student-organizations,2026-08-31,Not Contacted,Organization verified on UC Davis College of Engineering 2026 club directory; directory links to each club's official site or Instagram.,Eta Kappa Nu,,UC Davis,"Davis, CA, US",,https://engineering.ucdavis.edu/undergraduates/student-organizations,"Engineering and CS students are laptop-heavy, project-driven, and a strong cohort for testing deep-work friction.",7-Day Engineering Lock-In Challenge around project/exam week; free Pro plus direct founder onboarding.,Could I send you a 3-sentence blurb to share with members?,7,10,8
Initial User Gatekeeper,,University CS Organization,studentorgs@cs.utexas.edu,Email,mailto:studentorgs@cs.utexas.edu,,,,,,https://www.cs.utexas.edu/undergraduate/community-and-organizations,2026-08-31,Not Contacted,,Association for Computing Machinery Student Chapter (ACM),,UT Austin,"Austin, TX, US",,https://www.cs.utexas.edu/undergraduate/community-and-organizations,UT CS members are a dense audience of laptop-heavy builders and students.,Developer Focus Sprint: free Talysman Pro for 7 days and an optional group results recap.,Could you point me to the current officer or share this with a small pilot group?,8,10,9
Initial User Gatekeeper,,University CS Organization,studentorgs@cs.utexas.edu,Email,mailto:studentorgs@cs.utexas.edu,,,,,,https://www.cs.utexas.edu/undergraduate/community-and-organizations,2026-08-31,Not Contacted,,Association of Black Computer Scientists (ABCS),,UT Austin,"Austin, TX, US",,https://www.cs.utexas.edu/undergraduate/community-and-organizations,UT CS members are a dense audience of laptop-heavy builders and students.,Developer Focus Sprint: free Talysman Pro for 7 days and an optional group results recap.,Could you point me to the current officer or share this with a small pilot group?,8,10,9
Initial User Gatekeeper,,University CS Organization,studentorgs@cs.utexas.edu,Email,mailto:studentorgs@cs.utexas.edu,,,,,,https://www.cs.utexas.edu/undergraduate/community-and-organizations,2026-08-31,Not Contacted,,CS Roadshow,,UT Austin,"Austin, TX, US",,https://www.cs.utexas.edu/undergraduate/community-and-organizations,UT CS members are a dense audience of laptop-heavy builders and students.,Developer Focus Sprint: free Talysman Pro for 7 days and an optional group results recap.,Could you point me to the current officer or share this with a small pilot group?,8,10,9
Initial User Gatekeeper,,University CS Organization,studentorgs@cs.utexas.edu,Email,mailto:studentorgs@cs.utexas.edu,,,,,,https://www.cs.utexas.edu/undergraduate/community-and-organizations,2026-08-31,Not Contacted,,Texas CSBA Computer Science and Business Association,,UT Austin,"Austin, TX, US",,https://www.cs.utexas.edu/undergraduate/community-and-organizations,UT CS members are a dense audience of laptop-heavy builders and students.,Developer Focus Sprint: free Talysman Pro for 7 days and an optional group results recap.,Could you point me to the current officer or share this with a small pilot group?,8,10,9
Initial User Gatekeeper,,University CS Organization,studentorgs@cs.utexas.edu,Email,mailto:studentorgs@cs.utexas.edu,,,,,,https://www.cs.utexas.edu/undergraduate/community-and-organizations,2026-08-31,Not Contacted,,Computer Science Transfers’ Society (CSTS),,UT Austin,"Austin, TX, US",,https://www.cs.utexas.edu/undergraduate/community-and-organizations,UT CS members are a dense audience of laptop-heavy builders and students.,Developer Focus Sprint: free Talysman Pro for 7 days and an optional group results recap.,Could you point me to the current officer or share this with a small pilot group?,8,10,9
Initial User Gatekeeper,,University CS Organization,studentorgs@cs.utexas.edu,Email,mailto:studentorgs@cs.utexas.edu,,,,,,https://www.cs.utexas.edu/undergraduate/community-and-organizations,2026-08-31,Not Contacted,,Electronic Game Developers Society (EGaDS!),,UT Austin,"Austin, TX, US",,https://www.cs.utexas.edu/undergraduate/community-and-organizations,UT CS members are a dense audience of laptop-heavy builders and students.,Developer Focus Sprint: free Talysman Pro for 7 days and an optional group results recap.,Could you point me to the current officer or share this with a small pilot group?,8,10,9
Initial User Gatekeeper,,University CS Organization,studentorgs@cs.utexas.edu,Email,mailto:studentorgs@cs.utexas.edu,,,,,,https://www.cs.utexas.edu/undergraduate/community-and-organizations,2026-08-31,Not Contacted,,Engineering and Computational Learning of Artificial Intelligence in Robotics (ECLAIR),,UT Austin,"Austin, TX, US",,https://www.cs.utexas.edu/undergraduate/community-and-organizations,UT CS members are a dense audience of laptop-heavy builders and students.,Developer Focus Sprint: free Talysman Pro for 7 days and an optional group results recap.,Could you point me to the current officer or share this with a small pilot group?,8,10,9
Initial User Gatekeeper,,University CS Organization,studentorgs@cs.utexas.edu,Email,mailto:studentorgs@cs.utexas.edu,,,,,,https://www.cs.utexas.edu/undergraduate/community-and-organizations,2026-08-31,Not Contacted,,Texas Product Engineering Organization (TPEO),,UT Austin,"Austin, TX, US",,https://www.cs.utexas.edu/undergraduate/community-and-organizations,UT CS members are a dense audience of laptop-heavy builders and students.,Developer Focus Sprint: free Talysman Pro for 7 days and an optional group results recap.,Could you point me to the current officer or share this with a small pilot group?,8,10,9
Initial User Gatekeeper,,University CS Organization,studentorgs@cs.utexas.edu,Email,mailto:studentorgs@cs.utexas.edu,,,,,,https://www.cs.utexas.edu/undergraduate/community-and-organizations,2026-08-31,Not Contacted,,Turing Scholars Student Association (TSSA),,UT Austin,"Austin, TX, US",,https://www.cs.utexas.edu/undergraduate/community-and-organizations,UT CS members are a dense audience of laptop-heavy builders and students.,Developer Focus Sprint: free Talysman Pro for 7 days and an optional group results recap.,Could you point me to the current officer or share this with a small pilot group?,8,10,9
Initial User Gatekeeper,,University CS Organization,studentorgs@cs.utexas.edu,Email,mailto:studentorgs@cs.utexas.edu,,,,,,https://www.cs.utexas.edu/undergraduate/community-and-organizations,2026-08-31,Not Contacted,,UTCS Competitive Programming Club,,UT Austin,"Austin, TX, US",,https://www.cs.utexas.edu/undergraduate/community-and-organizations,UT CS members are a dense audience of laptop-heavy builders and students.,Developer Focus Sprint: free Talysman Pro for 7 days and an optional group results recap.,Could you point me to the current officer or share this with a small pilot group?,8,10,9
Initial User Gatekeeper,,University CS Organization,studentorgs@cs.utexas.edu,Email,mailto:studentorgs@cs.utexas.edu,,,,,,https://www.cs.utexas.edu/undergraduate/community-and-organizations,2026-08-31,Not Contacted,,Women in Computer Science (WiCS),,UT Austin,"Austin, TX, US",,https://www.cs.utexas.edu/undergraduate/community-and-organizations,UT CS members are a dense audience of laptop-heavy builders and students.,Developer Focus Sprint: free Talysman Pro for 7 days and an optional group results recap.,Could you point me to the current officer or share this with a small pilot group?,8,10,9
Initial User Gatekeeper,,Student Entrepreneurship Organization,Official program/org page,Official page,https://undergraduates.utexas.edu/launchpad/ut-opportunities/student-orgs,,,,,,https://undergraduates.utexas.edu/launchpad/ut-opportunities/student-orgs,2026-08-31,Not Contacted,,Entrepreneurship & Innovation Agency,,UT Austin,"Austin, TX, US",,https://undergraduates.utexas.edu/launchpad/ut-opportunities/student-orgs,Student founders and builders need protected maker-time and are an ideal high-intent test cohort.,Founder Lock-In Sprint: 7 days of protected deep-work sessions using a physical USB key.,Would you share this free pilot with 10–20 student founders/builders?,7,10,8
Initial User Gatekeeper,,Student Entrepreneurship Organization,Official program/org page,Official page,https://undergraduates.utexas.edu/launchpad/ut-opportunities/student-orgs,,,,,,https://undergraduates.utexas.edu/launchpad/ut-opportunities/student-orgs,2026-08-31,Not Contacted,,Genesis Program,,UT Austin,"Austin, TX, US",,https://undergraduates.utexas.edu/launchpad/ut-opportunities/student-orgs,Student founders and builders need protected maker-time and are an ideal high-intent test cohort.,Founder Lock-In Sprint: 7 days of protected deep-work sessions using a physical USB key.,Would you share this free pilot with 10–20 student founders/builders?,7,10,8
Initial User Gatekeeper,,Student Entrepreneurship Organization,Official program/org page,Official page,https://undergraduates.utexas.edu/launchpad/ut-opportunities/student-orgs,,,,,,https://undergraduates.utexas.edu/launchpad/ut-opportunities/student-orgs,2026-08-31,Not Contacted,,Longhorn Entrepreneurship Agency (LEA),,UT Austin,"Austin, TX, US",,https://undergraduates.utexas.edu/launchpad/ut-opportunities/student-orgs,Student founders and builders need protected maker-time and are an ideal high-intent test cohort.,Founder Lock-In Sprint: 7 days of protected deep-work sessions using a physical USB key.,Would you share this free pilot with 10–20 student founders/builders?,7,10,8
Initial User Gatekeeper,,Student Entrepreneurship Organization,Official program/org page,Official page,https://undergraduates.utexas.edu/launchpad/ut-opportunities/student-orgs,,,,,,https://undergraduates.utexas.edu/launchpad/ut-opportunities/student-orgs,2026-08-31,Not Contacted,,Social Entrepreneurship Learning Lab (SELL),,UT Austin,"Austin, TX, US",,https://undergraduates.utexas.edu/launchpad/ut-opportunities/student-orgs,Student founders and builders need protected maker-time and are an ideal high-intent test cohort.,Founder Lock-In Sprint: 7 days of protected deep-work sessions using a physical USB key.,Would you share this free pilot with 10–20 student founders/builders?,7,10,8
Initial User Gatekeeper,,Student Entrepreneurship Organization,Official program/org page,Official page,https://undergraduates.utexas.edu/launchpad/ut-opportunities/student-orgs,,,,,,https://undergraduates.utexas.edu/launchpad/ut-opportunities/student-orgs,2026-08-31,Not Contacted,,TEDxUTAustin,,UT Austin,"Austin, TX, US",,https://undergraduates.utexas.edu/launchpad/ut-opportunities/student-orgs,Student founders and builders need protected maker-time and are an ideal high-intent test cohort.,Founder Lock-In Sprint: 7 days of protected deep-work sessions using a physical USB key.,Would you share this free pilot with 10–20 student founders/builders?,7,10,8
Initial User Gatekeeper,,Student Entrepreneurship Organization,Official program/org page,Official page,https://undergraduates.utexas.edu/launchpad/ut-opportunities/student-orgs,,,,,,https://undergraduates.utexas.edu/launchpad/ut-opportunities/student-orgs,2026-08-31,Not Contacted,,Texas Convergent,,UT Austin,"Austin, TX, US",,https://undergraduates.utexas.edu/launchpad/ut-opportunities/student-orgs,Student founders and builders need protected maker-time and are an ideal high-intent test cohort.,Founder Lock-In Sprint: 7 days of protected deep-work sessions using a physical USB key.,Would you share this free pilot with 10–20 student founders/builders?,7,10,8
Initial User Gatekeeper,,Student Entrepreneurship Organization,Official program/org page,Official page,https://undergraduates.utexas.edu/launchpad/ut-opportunities/student-orgs,,,,,,https://undergraduates.utexas.edu/launchpad/ut-opportunities/student-orgs,2026-08-31,Not Contacted,,Texas Enactus,,UT Austin,"Austin, TX, US",,https://undergraduates.utexas.edu/launchpad/ut-opportunities/student-orgs,Student founders and builders need protected maker-time and are an ideal high-intent test cohort.,Founder Lock-In Sprint: 7 days of protected deep-work sessions using a physical USB key.,Would you share this free pilot with 10–20 student founders/builders?,7,10,8
Initial User Gatekeeper,,Student Entrepreneurship Organization,Official program/org page,Official page,https://undergraduates.utexas.edu/launchpad/ut-opportunities/student-orgs,,,,,,https://undergraduates.utexas.edu/launchpad/ut-opportunities/student-orgs,2026-08-31,Not Contacted,,Texas Momentum,,UT Austin,"Austin, TX, US",,https://undergraduates.utexas.edu/launchpad/ut-opportunities/student-orgs,Student founders and builders need protected maker-time and are an ideal high-intent test cohort.,Founder Lock-In Sprint: 7 days of protected deep-work sessions using a physical USB key.,Would you share this free pilot with 10–20 student founders/builders?,7,10,8
Initial User Gatekeeper,,Student Entrepreneurship Organization,Official program/org page,Official page,https://undergraduates.utexas.edu/launchpad/ut-opportunities/student-orgs,,,,,,https://undergraduates.utexas.edu/launchpad/ut-opportunities/student-orgs,2026-08-31,Not Contacted,,Texas Product Engineering Organization (TPEO) - entrepreneurship,,UT Austin,"Austin, TX, US",,https://undergraduates.utexas.edu/launchpad/ut-opportunities/student-orgs,Student founders and builders need protected maker-time and are an ideal high-intent test cohort.,Founder Lock-In Sprint: 7 days of protected deep-work sessions using a physical USB key.,Would you share this free pilot with 10–20 student founders/builders?,7,10,8
Initial User Gatekeeper,,University CS / Engineering Organization,NC State GetInvolved / official org directory,Official directory,https://csc.ncsu.edu/academics/student-organizations/,,,,,,https://csc.ncsu.edu/academics/student-organizations/,2026-08-31,Not Contacted,,Applied AI Club,,NC State University,"Raleigh, NC, US",,https://csc.ncsu.edu/academics/student-organizations/,CS and engineering members have concentrated laptop work and project deadlines.,7-Day Developer Lock-In Challenge with free Pro and direct onboarding.,Can I send you a short blurb to share with members?,7,10,8
Initial User Gatekeeper,,University CS / Engineering Organization,NC State GetInvolved / official org directory,Official directory,https://csc.ncsu.edu/academics/student-organizations/,,,,,,https://csc.ncsu.edu/academics/student-organizations/,2026-08-31,Not Contacted,,App Development Club,,NC State University,"Raleigh, NC, US",,https://csc.ncsu.edu/academics/student-organizations/,CS and engineering members have concentrated laptop work and project deadlines.,7-Day Developer Lock-In Challenge with free Pro and direct onboarding.,Can I send you a short blurb to share with members?,7,10,8
Initial User Gatekeeper,,University CS / Engineering Organization,NC State GetInvolved / official org directory,Official directory,https://csc.ncsu.edu/academics/student-organizations/,,,,,,https://csc.ncsu.edu/academics/student-organizations/,2026-08-31,Not Contacted,,AquaPack Robotics,,NC State University,"Raleigh, NC, US",,https://csc.ncsu.edu/academics/student-organizations/,CS and engineering members have concentrated laptop work and project deadlines.,7-Day Developer Lock-In Challenge with free Pro and direct onboarding.,Can I send you a short blurb to share with members?,7,10,8
Initial User Gatekeeper,,University CS / Engineering Organization,NC State GetInvolved / official org directory,Official directory,https://csc.ncsu.edu/academics/student-organizations/,,,,,,https://csc.ncsu.edu/academics/student-organizations/,2026-08-31,Not Contacted,,Artificial Intelligence Club,,NC State University,"Raleigh, NC, US",,https://csc.ncsu.edu/academics/student-organizations/,CS and engineering members have concentrated laptop work and project deadlines.,7-Day Developer Lock-In Challenge with free Pro and direct onboarding.,Can I send you a short blurb to share with members?,7,10,8
Initial User Gatekeeper,,University CS / Engineering Organization,NC State GetInvolved / official org directory,Official directory,https://csc.ncsu.edu/academics/student-organizations/,,,,,,https://csc.ncsu.edu/academics/student-organizations/,2026-08-31,Not Contacted,,ASCEND,,NC State University,"Raleigh, NC, US",,https://csc.ncsu.edu/academics/student-organizations/,CS and engineering members have concentrated laptop work and project deadlines.,7-Day Developer Lock-In Challenge with free Pro and direct onboarding.,Can I send you a short blurb to share with members?,7,10,8
Initial User Gatekeeper,,University CS / Engineering Organization,NC State GetInvolved / official org directory,Official directory,https://csc.ncsu.edu/academics/student-organizations/,,,,,,https://csc.ncsu.edu/academics/student-organizations/,2026-08-31,Not Contacted,,Association of Computing Machinery / AITP,,NC State University,"Raleigh, NC, US",,https://csc.ncsu.edu/academics/student-organizations/,CS and engineering members have concentrated laptop work and project deadlines.,7-Day Developer Lock-In Challenge with free Pro and direct onboarding.,Can I send you a short blurb to share with members?,7,10,8
Initial User Gatekeeper,,University CS / Engineering Organization,NC State GetInvolved / official org directory,Official directory,https://csc.ncsu.edu/academics/student-organizations/,,,,,,https://csc.ncsu.edu/academics/student-organizations/,2026-08-31,Not Contacted,,Code Black,,NC State University,"Raleigh, NC, US",,https://csc.ncsu.edu/academics/student-organizations/,CS and engineering members have concentrated laptop work and project deadlines.,7-Day Developer Lock-In Challenge with free Pro and direct onboarding.,Can I send you a short blurb to share with members?,7,10,8
Initial User Gatekeeper,,University CS / Engineering Organization,NC State GetInvolved / official org directory,Official directory,https://csc.ncsu.edu/academics/student-organizations/,,,,,,https://csc.ncsu.edu/academics/student-organizations/,2026-08-31,Not Contacted,,Computer Science Graduate Student Association,,NC State University,"Raleigh, NC, US",,https://csc.ncsu.edu/academics/student-organizations/,CS and engineering members have concentrated laptop work and project deadlines.,7-Day Developer Lock-In Challenge with free Pro and direct onboarding.,Can I send you a short blurb to share with members?,7,10,8
Initial User Gatekeeper,,University CS / Engineering Organization,NC State GetInvolved / official org directory,Official directory,https://csc.ncsu.edu/academics/student-organizations/,,,,,,https://csc.ncsu.edu/academics/student-organizations/,2026-08-31,Not Contacted,,Engineering Entrepreneurs Program,,NC State University,"Raleigh, NC, US",,https://csc.ncsu.edu/academics/student-organizations/,CS and engineering members have concentrated laptop work and project deadlines.,7-Day Developer Lock-In Challenge with free Pro and direct onboarding.,Can I send you a short blurb to share with members?,7,10,8
Initial User Gatekeeper,,University CS / Engineering Organization,NC State GetInvolved / official org directory,Official directory,https://csc.ncsu.edu/academics/student-organizations/,,,,,,https://csc.ncsu.edu/academics/student-organizations/,2026-08-31,Not Contacted,,IEEE,,NC State University,"Raleigh, NC, US",,https://csc.ncsu.edu/academics/student-organizations/,CS and engineering members have concentrated laptop work and project deadlines.,7-Day Developer Lock-In Challenge with free Pro and direct onboarding.,Can I send you a short blurb to share with members?,7,10,8
Initial User Gatekeeper,,University CS / Engineering Organization,NC State GetInvolved / official org directory,Official directory,https://csc.ncsu.edu/academics/student-organizations/,,,,,,https://csc.ncsu.edu/academics/student-organizations/,2026-08-31,Not Contacted,,HackPack,,NC State University,"Raleigh, NC, US",,https://csc.ncsu.edu/academics/student-organizations/,CS and engineering members have concentrated laptop work and project deadlines.,7-Day Developer Lock-In Challenge with free Pro and direct onboarding.,Can I send you a short blurb to share with members?,7,10,8
Initial User Gatekeeper,,University CS / Engineering Organization,NC State GetInvolved / official org directory,Official directory,https://csc.ncsu.edu/academics/student-organizations/,,,,,,https://csc.ncsu.edu/academics/student-organizations/,2026-08-31,Not Contacted,,Latino Association for Computer Science,,NC State University,"Raleigh, NC, US",,https://csc.ncsu.edu/academics/student-organizations/,CS and engineering members have concentrated laptop work and project deadlines.,7-Day Developer Lock-In Challenge with free Pro and direct onboarding.,Can I send you a short blurb to share with members?,7,10,8
Initial User Gatekeeper,,University CS / Engineering Organization,NC State GetInvolved / official org directory,Official directory,https://csc.ncsu.edu/academics/student-organizations/,,,,,,https://csc.ncsu.edu/academics/student-organizations/,2026-08-31,Not Contacted,,Linux Users Group,,NC State University,"Raleigh, NC, US",,https://csc.ncsu.edu/academics/student-organizations/,CS and engineering members have concentrated laptop work and project deadlines.,7-Day Developer Lock-In Challenge with free Pro and direct onboarding.,Can I send you a short blurb to share with members?,7,10,8
Initial User Gatekeeper,,University CS / Engineering Organization,NC State GetInvolved / official org directory,Official directory,https://csc.ncsu.edu/academics/student-organizations/,,,,,,https://csc.ncsu.edu/academics/student-organizations/,2026-08-31,Not Contacted,,National Society of Black Engineers,,NC State University,"Raleigh, NC, US",,https://csc.ncsu.edu/academics/student-organizations/,CS and engineering members have concentrated laptop work and project deadlines.,7-Day Developer Lock-In Challenge with free Pro and direct onboarding.,Can I send you a short blurb to share with members?,7,10,8
Initial User Gatekeeper,,University CS / Engineering Organization,NC State GetInvolved / official org directory,Official directory,https://csc.ncsu.edu/academics/student-organizations/,,,,,,https://csc.ncsu.edu/academics/student-organizations/,2026-08-31,Not Contacted,,Society of Hispanic Professional Engineers,,NC State University,"Raleigh, NC, US",,https://csc.ncsu.edu/academics/student-organizations/,CS and engineering members have concentrated laptop work and project deadlines.,7-Day Developer Lock-In Challenge with free Pro and direct onboarding.,Can I send you a short blurb to share with members?,7,10,8
Initial User Gatekeeper,,University CS / Engineering Organization,NC State GetInvolved / official org directory,Official directory,https://csc.ncsu.edu/academics/student-organizations/,,,,,,https://csc.ncsu.edu/academics/student-organizations/,2026-08-31,Not Contacted,,Society of Sales Engineers,,NC State University,"Raleigh, NC, US",,https://csc.ncsu.edu/academics/student-organizations/,CS and engineering members have concentrated laptop work and project deadlines.,7-Day Developer Lock-In Challenge with free Pro and direct onboarding.,Can I send you a short blurb to share with members?,7,10,8
Initial User Gatekeeper,,University CS / Engineering Organization,NC State GetInvolved / official org directory,Official directory,https://csc.ncsu.edu/academics/student-organizations/,,,,,,https://csc.ncsu.edu/academics/student-organizations/,2026-08-31,Not Contacted,,Society of Women Engineers,,NC State University,"Raleigh, NC, US",,https://csc.ncsu.edu/academics/student-organizations/,CS and engineering members have concentrated laptop work and project deadlines.,7-Day Developer Lock-In Challenge with free Pro and direct onboarding.,Can I send you a short blurb to share with members?,7,10,8
Initial User Gatekeeper,,University CS / Engineering Organization,NC State GetInvolved / official org directory,Official directory,https://csc.ncsu.edu/academics/student-organizations/,,,,,,https://csc.ncsu.edu/academics/student-organizations/,2026-08-31,Not Contacted,,STARS Student Leadership Corps,,NC State University,"Raleigh, NC, US",,https://csc.ncsu.edu/academics/student-organizations/,CS and engineering members have concentrated laptop work and project deadlines.,7-Day Developer Lock-In Challenge with free Pro and direct onboarding.,Can I send you a short blurb to share with members?,7,10,8
Initial User Gatekeeper,,University CS / Engineering Organization,NC State GetInvolved / official org directory,Official directory,https://csc.ncsu.edu/academics/student-organizations/,,,,,,https://csc.ncsu.edu/academics/student-organizations/,2026-08-31,Not Contacted,,Triangle Java User’s Group,,NC State University,"Raleigh, NC, US",,https://csc.ncsu.edu/academics/student-organizations/,CS and engineering members have concentrated laptop work and project deadlines.,7-Day Developer Lock-In Challenge with free Pro and direct onboarding.,Can I send you a short blurb to share with members?,7,10,8
Initial User Gatekeeper,,University CS / Engineering Organization,NC State GetInvolved / official org directory,Official directory,https://csc.ncsu.edu/academics/student-organizations/,,,,,,https://csc.ncsu.edu/academics/student-organizations/,2026-08-31,Not Contacted,,UI UX Tech Club,,NC State University,"Raleigh, NC, US",,https://csc.ncsu.edu/academics/student-organizations/,CS and engineering members have concentrated laptop work and project deadlines.,7-Day Developer Lock-In Challenge with free Pro and direct onboarding.,Can I send you a short blurb to share with members?,7,10,8
Initial User Gatekeeper,,University CS / Engineering Organization,NC State GetInvolved / official org directory,Official directory,https://csc.ncsu.edu/academics/student-organizations/,,,,,,https://csc.ncsu.edu/academics/student-organizations/,2026-08-31,Not Contacted,,Women in Computer Science,,NC State University,"Raleigh, NC, US",,https://csc.ncsu.edu/academics/student-organizations/,CS and engineering members have concentrated laptop work and project deadlines.,7-Day Developer Lock-In Challenge with free Pro and direct onboarding.,Can I send you a short blurb to share with members?,7,10,8
Initial User Gatekeeper,,University CS / Engineering Organization,NC State GetInvolved / official org directory,Official directory,https://csc.ncsu.edu/academics/student-organizations/,,,,,,https://csc.ncsu.edu/academics/student-organizations/,2026-08-31,Not Contacted,,Women In Science & Engineering,,NC State University,"Raleigh, NC, US",,https://csc.ncsu.edu/academics/student-organizations/,CS and engineering members have concentrated laptop work and project deadlines.,7-Day Developer Lock-In Challenge with free Pro and direct onboarding.,Can I send you a short blurb to share with members?,7,10,8
Initial User Gatekeeper,,University entrepreneurship center,Official center website / newsletter,Website,https://startup.ucdavis.edu/,,,,,,https://startup.ucdavis.edu/,2026-08-31,Not Contacted,,Student Startup Center,,UC Davis,"Davis, CA, US",,https://startup.ucdavis.edu/,Center serves student entrepreneurs and founding teams who need focused build time.,Founder Lock-In Sprint for student founders.,Would you feature a free 7-day founder focus experiment to your community?,8,10,9
Initial User Gatekeeper,,University org umbrella,College of Engineering student-org office,Email / office,https://studentorgs.engin.umich.edu/,,,,,,https://studentorgs.engin.umich.edu/,2026-08-31,Not Contacted,,Engineering Center for Student Organizations (ECSO),,University of Michigan,"Ann Arbor, MI, US",180+ orgs,https://studentorgs.engin.umich.edu/,"ECSO supports 180+ engineering student organizations, making it a high-leverage distribution gatekeeper.",Offer a free Engineering Focus Challenge any affiliated org can opt into.,Could you circulate a free pilot to interested engineering org leaders?,8,10,9
Initial User Gatekeeper,,University CS org umbrella,Allen School student-life / org contacts,Official page,https://www.cs.washington.edu/academics/undergraduate/student-life/student-organizations/,,,,,,https://www.cs.washington.edu/academics/undergraduate/student-life/student-organizations/,2026-08-31,Not Contacted,,Paul G. Allen School Student Organizations,,University of Washington,"Seattle, WA, US",,https://www.cs.washington.edu/academics/undergraduate/student-life/student-organizations/,"Umbrella page reaches multiple CS, startup, career, and builder communities in one department.",Free 7-day CSE Lock-In Challenge for interested student organizations.,Who is the best person to share a free focus pilot with Allen School student orgs?,7,10,8
